次数,ターゲット,画面タイトル,画面タイプ,1次指標名,2次指標名,3次指標名,4次指標名,5次指標名,計算レイヤー,スコープ,用途・機能説明,概念式／演算ロジック,判断基準・閾値目安,依存先指標,データ基盤要件,V69No/戦略No
1次,本部管理者,ユーザー,設定入力画面,ラクミーID,,,,,L0,-,本部ユーザーの管理設定,マスタ参照,-,-,既存(V89/V69),1
1次,本部管理者,ユーザー,設定入力画面,氏名,,,,,L0,-,本部ユーザーの管理設定,マスタ参照,-,-,既存(V89/V69),2
1次,本部管理者,ユーザー,設定入力画面,電話番号,,,,,L0,-,本部ユーザーの管理設定,マスタ参照,-,-,既存(V89/V69),3
1次,本部管理者,ユーザー,設定入力画面,ユーザー識別（本部、一般）,,,,,L0,-,本部ユーザーの管理設定,マスタ参照,-,-,既存(V89/V69),4
1次,本部管理者,ユーザー,設定入力画面,ステータス,,,,,L0,-,本部ユーザーの管理設定,フラグ,-,-,既存(V89/V69),5
1次,本部管理者,ラベル一覧,一覧表示画面,店舗ID,,,,,L0,-,ラベルデータの一覧表示,マスタ参照,-,-,既存(V89/V69),159
1次,本部管理者,ラベル一覧,一覧表示画面,店舗名,,,,,L0,-,ラベルデータの一覧表示,マスタ参照,-,-,既存(V89/V69),160
1次,本部管理者,ラベル一覧,一覧表示画面,ラベル名,,,,,L0,-,ラベルデータの一覧表示,マスタ参照,-,-,既存(V89/V69),161
1次,本部管理者,ラベル設定（ラベル）,設定入力画面,ラベルID,,,,,L0,-,店舗ラベル（グルーピングタグ）を作成。店舗ラベル別サマリーでの集計ディメンションに使用,マスタ参照,-,-,既存(V89/V69),6
1次,本部管理者,ラベル設定（ラベル）,設定入力画面,ラベル名,,,,,L0,-,店舗ラベル（グルーピングタグ）を作成。店舗ラベル別サマリーでの集計ディメンションに使用,マスタ参照,-,-,既存(V89/V69),7
1次,本部管理者,ラベル設定（ラベル）,設定入力画面,棚卸し,,,,,L0,-,店舗ラベル（グルーピングタグ）を作成。店舗ラベル別サマリーでの集計ディメンションに使用,フラグ,-,-,既存(V89/V69),8
1次,本部管理者,ラベル設定（ラベル）,設定入力画面,ステータスフラグ,,,,,L0,-,店舗ラベル（グルーピングタグ）を作成。店舗ラベル別サマリーでの集計ディメンションに使用,フラグ,-,-,既存(V89/V69),9
1次,本部管理者,ラベル設定（店舗リスト）,設定入力画面,店舗ID,,,,,L0,-,店舗名に店舗ラベル（グルーピングタグ）を紐付け。売上・コスト等の集計ディメンションとして活用,マスタ参照,-,-,既存(V89/V69),10
1次,本部管理者,ラベル設定（店舗リスト）,設定入力画面,店舗名,,,,,L0,-,店舗名に店舗ラベル（グルーピングタグ）を紐付け。売上・コスト等の集計ディメンションとして活用,マスタ参照,-,-,既存(V89/V69),11
1次,本部管理者,ラベル設定（店舗リスト）,設定入力画面,ラベル名,,,,,L0,-,店舗名に店舗ラベル（グルーピングタグ）を紐付け。売上・コスト等の集計ディメンションとして活用,マスタ参照,-,ラベル設定（ラベル）.ラベル名; 店舗管理.店舗名,既存(V89/V69),12
1次,本部管理者,ラベル設定（店舗リスト）,設定入力画面,ステータスフラグ,,,,,L0,-,店舗名に店舗ラベル（グルーピングタグ）を紐付け。売上・コスト等の集計ディメンションとして活用,フラグ,-,-,既存(V89/V69),13
1次,本部管理者,店舗管理,設定入力画面,店舗名,,,,,L0,-,店舗情報の登録・編集,マスタ参照,-,-,既存(V89/V69),14
1次,本部管理者,店舗管理,設定入力画面,電話番号,,,,,L0,-,店舗情報の登録・編集,マスタ参照,-,-,既存(V89/V69),15
1次,本部管理者,店舗管理,設定入力画面,郵便番号,,,,,L0,-,店舗情報の登録・編集,マスタ参照,-,-,既存(V89/V69),16
1次,本部管理者,店舗管理,設定入力画面,都道府県,,,,,L0,-,店舗情報の登録・編集,マスタ参照,-,-,既存(V89/V69),17
1次,本部管理者,店舗管理,設定入力画面,住所,,,,,L0,-,店舗情報の登録・編集,マスタ参照,-,-,既存(V89/V69),18
1次,本部管理者,店舗管理,設定入力画面,建物,,,,,L0,-,店舗情報の登録・編集,マスタ参照,-,-,既存(V89/V69),19
1次,本部管理者,店舗管理,設定入力画面,業種,,,,,L0,-,店舗情報の登録・編集,マスタ参照,-,-,既存(V89/V69),20
1次,本部管理者,店舗管理,設定入力画面,業態,,,,,L0,-,店舗情報の登録・編集,マスタ参照,-,-,既存(V89/V69),21
1次,本部管理者,店舗管理,設定入力画面,総卓数,,,,,L0,-,店舗情報の登録・編集,マスタ参照,-,-,既存(V89/V69),22
1次,本部管理者,店舗管理,設定入力画面,総席数,,,,,L0,-,店舗情報の登録・編集,マスタ参照,-,-,既存(V89/V69),23
1次,本部管理者,店舗管理,設定入力画面,坪数,,,,,L0,-,店舗情報の登録・編集,マスタ参照,-,-,既存(V89/V69),24
1次,本部管理者,店舗管理,設定入力画面,家賃種別,,,,,L0,-,店舗情報の登録・編集,マスタ参照,-,-,既存(V89/V69),25
1次,本部管理者,店舗管理,設定入力画面,家賃（金額）,,,,,L0,-,店舗情報の登録・編集,マスタ参照,-,-,既存(V89/V69),26
1次,本部管理者,店舗管理,設定入力画面,初期投資額,,,,,L0,-,店舗情報の登録・編集,マスタ参照,-,-,既存(V89/V69),27
1次,本部管理者,従業員管理,設定入力画面,従業員コード,,,,,L0,-,従業員情報の登録・編集,マスタ参照,-,-,既存(V89/V69),28
1次,本部管理者,従業員管理,設定入力画面,所属コード,,,,,L0,-,従業員情報の登録・編集,マスタ参照,-,-,既存(V89/V69),29
1次,本部管理者,従業員管理,設定入力画面,店舗ID,,,,,L0,-,従業員情報の登録・編集,マスタ参照,-,-,既存(V89/V69),30
1次,本部管理者,従業員管理,設定入力画面,店舗名,,,,,L0,-,従業員情報の登録・編集,マスタ参照,-,-,既存(V89/V69),31
1次,本部管理者,従業員管理,設定入力画面,区分（月給時給）,,,,,L0,-,従業員情報の登録・編集,マスタ参照,-,-,既存(V89/V69),32
1次,本部管理者,従業員管理,設定入力画面,総支給額,,,,,L0,-,従業員情報の登録・編集,マスタ参照,-,-,既存(V89/V69),33
1次,本部管理者,従業員管理,設定入力画面,所定労働時間,,,,,L0,-,従業員情報の登録・編集,マスタ参照,-,-,既存(V89/V69),34
1次,本部管理者,従業員管理,設定入力画面,みなし残業時間,,,,,L0,-,従業員情報の登録・編集,マスタ参照,-,-,既存(V89/V69),35
1次,本部管理者,月次レポート,分析画面,店舗名,,,,,L0,-,月次の経営レポート,マスタ参照,-,[マスタ]shops.name,既存(V89/V69),149
1次,本部管理者,棚卸詳細,一覧表示画面,実施日,,,,,L0,-,棚卸データの詳細表示,日付,-,-,既存(V89/V69),166
1次,本部管理者,棚卸詳細,一覧表示画面,カテゴリ,,,,,L0,-,棚卸データの詳細表示,マスタ参照,-,-,既存(V89/V69),168
1次,本部管理者,棚卸詳細,一覧表示画面,ラベル,,,,,L0,-,棚卸データの詳細表示,マスタ参照,-,-,既存(V89/V69),169
1次,本部管理者,棚卸詳細,一覧表示画面,在庫数量,,,,,L0,-,棚卸データの詳細表示,入力値,-,-,既存(V89/V69),170
1次,本部管理者,棚卸詳細,一覧表示画面,商品単価,,,,,L0,-,棚卸データの詳細表示,入力値,-,-,既存(V89/V69),171
1次,本部管理者,納品書管理,一覧表示画面,店舗名,,,,,L0,-,納品書データの管理,マスタ参照,-,-,既存(V89/V69),176
1次,本部管理者,費用実績入力,実績入力画面,経費項目,,,,,L0,-,費用実績の入力・管理,入力値,-,-,既存(V89/V69),36
1次,本部管理者,費用実績入力,実績入力画面,経費コード,,,,,L0,-,費用実績の入力・管理,入力値,-,-,既存(V89/V69),37
1次,本部管理者,費用実績入力,実績入力画面,税区分,,,,,L0,-,費用実績の入力・管理,入力値,-,-,既存(V89/V69),39
1次,本部管理者,費用実績入力,実績入力画面,日付,,,,,L0,-,費用実績の入力・管理,日付,-,-,既存(V89/V69),40
1次,本部管理者,費用実績入力,実績入力画面,金額,,,,,L0,-,費用実績の入力・管理,入力値,-,-,既存(V89/V69),42
1次,本部管理者,費目別仕入分析,分析画面,費目,,,,,L0,-,費目別の仕入分析,費目マスタ,-,[マスタ]monthly_cost_items.name,既存(V89/V69),151
2次,本部管理者,ABC分析,分析画面,,商品,,,,L1,同画面内,商品別売上のABC分析,商品マスタ,-,[外部]TITEM.item_name,既存(V89/V69),44
2次,本部管理者,ABC分析,分析画面,,売上（税抜）,,,,L1,同画面内,商品別売上のABC分析,SUM商品別,-,[外部]TITEM.sales_excluded,既存(V89/V69),45
2次,本部管理者,ABC分析,分析画面,,売上構成比率,,,,L1,同画面内,商品別売上のABC分析,商品÷総売上×100,-,"ABC分析.売上（税抜）, 当月実績.売上（税抜）",既存(V89/V69),46
2次,本部管理者,ABC分析,分析画面,,販売点数,,,,L1,同画面内,商品別売上のABC分析,SUM商品別,-,[外部]TITEM.quantity,既存(V89/V69),47
2次,本部管理者,ABC分析,分析画面,,販売点数構成比率,,,,L1,同画面内,商品別売上のABC分析,商品数÷総数×100,-,ABC分析.販売点数,既存(V89/V69),48
2次,本部管理者,ABC分析,分析画面,,価格,,,,L1,同画面内,商品別売上のABC分析,売上÷数量,-,"ABC分析.売上（税抜）, ABC分析.販売点数",既存(V89/V69),49
2次,本部管理者,PA人件費率分析,分析画面,,目標PA人件費率,,,,L1,同画面内,PA人件費率の分析,マスタ参照,-,[入力]monthly_budgets.food_cost_rate（またはlabor_cost_rate）,既存(V89/V69),50
2次,本部管理者,予実対比,分析画面,,FD仕入　計,,,,L1,同画面内,予算と実績の対比分析,SUM,-,[外部]infomart_transactions.total_tax_excluded,既存(V89/V69),100
2次,本部管理者,予実対比,分析画面,,人件費　計,,,,L1,同画面内,予算と実績の対比分析,SUM,-,[外部]head_office_connected_service_labor_costs_logs.labor_costs,既存(V89/V69),101
2次,本部管理者,予実対比,分析画面,,その他経費　計,,,,L1,同画面内,予算と実績の対比分析,SUM,-,-,既存(V89/V69),102
2次,本部管理者,予実対比,分析画面,,ラクミー利用料,,,,L1,同画面内,予算と実績の対比分析,費目フィルタ,-,-,既存(V89/V69),103
2次,本部管理者,予実対比,分析画面,,レジ利用料,,,,L1,同画面内,予算と実績の対比分析,費目フィルタ,-,-,既存(V89/V69),104
2次,本部管理者,予実対比,分析画面,,借入金返済,,,,L1,同画面内,予算と実績の対比分析,費目フィルタ,-,-,既存(V89/V69),105
2次,本部管理者,予実対比,分析画面,,フード売上ランチ,,,,L1,同画面内,予算と実績の対比分析,SUM(フードかつ時間フィルタ),-,[外部]TITEM.sales_excluded,既存(V89/V69),106
2次,本部管理者,予実対比,分析画面,,フード売上ディナー,,,,L1,同画面内,予算と実績の対比分析,SUM(フードかつ時間フィルタ),-,[外部]TITEM.sales_excluded,既存(V89/V69),107
2次,本部管理者,予実対比,分析画面,,ドリンク売上ランチ,,,,L1,同画面内,予算と実績の対比分析,SUM(ドリンクかつ時間フィルタ),-,[外部]TITEM.sales_excluded,既存(V89/V69),108
2次,本部管理者,予実対比,分析画面,,ドリンク売上ディナー,,,,L1,同画面内,予算と実績の対比分析,SUM(ドリンクかつ時間フィルタ),-,[外部]TITEM.sales_excluded,既存(V89/V69),109
2次,本部管理者,予実対比,分析画面,,フード仕入,,,,L1,同画面内,予算と実績の対比分析,SUMフード,-,[外部]infomart_transactions.total_tax_excluded,既存(V89/V69),110
2次,本部管理者,予実対比,分析画面,,ドリンク仕入,,,,L1,同画面内,予算と実績の対比分析,SUMドリンク,-,[外部]infomart_transactions.total_tax_excluded,既存(V89/V69),111
2次,本部管理者,予実対比,分析画面,,固定人件費,,,,L1,同画面内,予算と実績の対比分析,SUM月給者,-,[外部]head_office_connected_service_labor_costs_logs.labor_costs,既存(V89/V69),112
2次,本部管理者,予実対比,分析画面,,PA人件費,,,,L1,同画面内,予算と実績の対比分析,SUM年間,-,[外部]head_office_employee_working_records.daily_cost,既存(V89/V69),113
2次,本部管理者,予実対比,分析画面,,ヘルプ人件費,,,,L1,同画面内,予算と実績の対比分析,help_costs-help_costs_minus,-,SUM(紐づく店舗.予実対比.ヘルプ人件費),既存(V89/V69),114
2次,本部管理者,予実対比,分析画面,,地代家賃,,,,L1,同画面内,予算と実績の対比分析,費目=家賃,-,-,既存(V89/V69),115
2次,本部管理者,予実対比,分析画面,,資材費,,,,L1,同画面内,予算と実績の対比分析,費目=資材費,-,-,既存(V89/V69),116
2次,本部管理者,予実対比,分析画面,,水道光熱費,,,,L1,同画面内,予算と実績の対比分析,費目=水道光熱費,-,-,既存(V89/V69),117
2次,本部管理者,予実対比,分析画面,,減価償却費,,,,L1,同画面内,予算と実績の対比分析,費目=減価償却費,-,-,既存(V89/V69),118
2次,本部管理者,予実対比,分析画面,,販促費,,,,L1,同画面内,予算と実績の対比分析,費目=販促費,-,-,既存(V89/V69),119
2次,本部管理者,予実対比,分析画面,,総売上,,,,L1,同画面内,予算と実績の対比分析,SUM,-,[外部]ZTOTAL.sales_excluded,既存(V89/V69),51
2次,本部管理者,予実対比,分析画面,,フード売上,,,,L1,同画面内,予算と実績の対比分析,SUMフード,-,[外部]TITEM.sales_excluded,既存(V89/V69),52
2次,本部管理者,予実対比,分析画面,,フード売上ランチ,,,,L1,同画面内,予算と実績の対比分析,SUM(フードかつ時間フィルタ),-,[外部]TITEM.sales_excluded,既存(V89/V69),53
2次,本部管理者,予実対比,分析画面,,フード売上ディナー,,,,L1,同画面内,予算と実績の対比分析,SUM(フードかつ時間フィルタ),-,[外部]TITEM.sales_excluded,既存(V89/V69),54
2次,本部管理者,予実対比,分析画面,,ドリンク売上,,,,L1,同画面内,予算と実績の対比分析,SUMドリンク,-,[外部]TITEM.sales_excluded,既存(V89/V69),55
2次,本部管理者,予実対比,分析画面,,ドリンク売上ランチ,,,,L1,同画面内,予算と実績の対比分析,SUM(ドリンクかつ時間フィルタ),-,[外部]TITEM.sales_excluded,既存(V89/V69),56
2次,本部管理者,予実対比,分析画面,,ドリンク売上ディナー,,,,L1,同画面内,予算と実績の対比分析,SUM(ドリンクかつ時間フィルタ),-,[外部]TITEM.sales_excluded,既存(V89/V69),57
2次,本部管理者,予実対比,分析画面,,割引・値引きなど,,,,L1,同画面内,予算と実績の対比分析,SUM,-,[外部]ZTOTAL.discount,既存(V89/V69),58
2次,本部管理者,予実対比,分析画面,,FD仕入,,,,L1,同画面内,予算と実績の対比分析,SUMFD,-,[外部]infomart_transactions.total_tax_excluded,既存(V89/V69),59
2次,本部管理者,予実対比,分析画面,,フード仕入,,,,L1,同画面内,予算と実績の対比分析,SUMフード,-,[外部]infomart_transactions.total_tax_excluded,既存(V89/V69),60
2次,本部管理者,予実対比,分析画面,,ドリンク仕入,,,,L1,同画面内,予算と実績の対比分析,SUMドリンク,-,[外部]infomart_transactions.total_tax_excluded,既存(V89/V69),61
2次,本部管理者,予実対比,分析画面,,人件費,,,,L1,同画面内,予算と実績の対比分析,SUM,-,[外部]head_office_connected_service_labor_costs_logs.labor_costs,既存(V89/V69),62
2次,本部管理者,予実対比,分析画面,,固定人件費,,,,L1,同画面内,予算と実績の対比分析,SUM月給者,-,[外部]head_office_connected_service_labor_costs_logs.labor_costs,既存(V89/V69),63
2次,本部管理者,予実対比,分析画面,,PA人件費,,,,L1,同画面内,予算と実績の対比分析,SUM時給者,-,[外部]head_office_employee_working_records.daily_cost,既存(V89/V69),64
2次,本部管理者,予実対比,分析画面,,その他売上（サービス料等）,,,,L1,同画面内,予算と実績の対比分析,SUM,-,[外部]ZTOTAL.service_charge_1,既存(V89/V69),65
2次,本部管理者,予実対比,分析画面,,その他売上ランチ,,,,L1,同画面内,予算と実績の対比分析,SUM(その他かつ時間フィルタ),-,[外部]TITEM.sales_excluded,既存(V89/V69),66
2次,本部管理者,予実対比,分析画面,,その他売上ディナー,,,,L1,同画面内,予算と実績の対比分析,SUM(その他かつ時間フィルタ),-,[外部]TITEM.sales_excluded,既存(V89/V69),67
2次,本部管理者,予実対比,分析画面,,FD仕入額,,,,L1,同画面内,予算と実績の対比分析,SUM年間,-,[外部]infomart_transactions.total_tax_excluded,既存(V89/V69),88
2次,本部管理者,予実対比,分析画面,,人件費額,,,,L1,同画面内,予算と実績の対比分析,SUM年間,-,[外部]head_office_connected_service_labor_costs_logs.labor_costs,既存(V89/V69),89
2次,本部管理者,予実対比,分析画面,,客単価,,,,L1,同画面内,予算と実績の対比分析,売上÷客数,-,"当月実績.売上（税抜）, 客数.当月客数",既存(V89/V69),90
2次,本部管理者,予実対比,分析画面,,客単価（ランチ）,,,,L1,同画面内,予算と実績の対比分析,売上÷客数(11-15時フィルタ),-,"時間帯別売上分析.ランチ売上（税抜）, 時間帯別売上分析.客数",既存(V89/V69),91
2次,本部管理者,予実対比,分析画面,,客単価（ディナー）,,,,L1,同画面内,予算と実績の対比分析,売上÷客数(17-23時フィルタ),-,"時間帯別売上分析.ディナー売上（税抜）, 時間帯別売上分析.客数",既存(V89/V69),92
2次,本部管理者,予実対比,分析画面,,総売上　計,,,,L1,同画面内,予算と実績の対比分析,SUM,-,[外部]ZTOTAL.sales_excluded,既存(V89/V69),93
2次,本部管理者,予実対比,分析画面,,フード売上 計,,,,L1,同画面内,予算と実績の対比分析,SUMフード,-,[外部]TITEM.sales_excluded,既存(V89/V69),94
2次,本部管理者,予実対比,分析画面,,ドリンク売上　計,,,,L1,同画面内,予算と実績の対比分析,SUMドリンク,-,[外部]TITEM.sales_excluded,既存(V89/V69),95
2次,本部管理者,予実対比,分析画面,,その他売上 計 （サービス料等）,,,,L1,同画面内,予算と実績の対比分析,SUM,-,[外部]ZTOTAL.service_charge_1,既存(V89/V69),96
2次,本部管理者,予実対比,分析画面,,その他売上ランチ,,,,L1,同画面内,予算と実績の対比分析,SUM(その他かつ時間フィルタ),-,[外部]TITEM.sales_excluded,既存(V89/V69),97
2次,本部管理者,予実対比,分析画面,,その他売上ディナー,,,,L1,同画面内,予算と実績の対比分析,SUM(その他かつ時間フィルタ),-,[外部]TITEM.sales_excluded,既存(V89/V69),98
2次,本部管理者,予実対比,分析画面,,FLコスト　計,,,,L1,同画面内,予算と実績の対比分析,SUM,-,-,既存(V89/V69),99
2次,本部管理者,仕入先分析,分析画面,,仕入れ先,,,,L1,同画面内,仕入先別の分析,マスタ参照,-,[外部]member_name_partner.client_name,既存(V89/V69),68
2次,本部管理者,仕入先分析,分析画面,,金額（税抜）,,,,L1,同画面内,仕入先別の分析,SUM仕入先別,-,[外部]infomart_transactions.total_tax_excluded,既存(V89/V69),69
2次,本部管理者,仕入先分析,分析画面,,比率,,,,L1,同画面内,仕入先別の分析,仕入先÷総仕入×100,-,-,既存(V89/V69),70
2次,本部管理者,仕入費率分析,分析画面,,目標仕入費率,,,,L1,同画面内,仕入費率の分析,マスタ参照,-,[入力]monthly_budgets.food_cost_rate（またはlabor_cost_rate）,既存(V89/V69),71
2次,本部管理者,利益率分析,分析画面,,目標利益率,,,,L1,同画面内,利益率の分析,マスタ参照,-,[入力]monthly_budgets.food_cost_rate（またはlabor_cost_rate）,既存(V89/V69),72
2次,本部管理者,商品別仕入分析,分析画面,,商品,,,,L1,同画面内,商品別の仕入分析,マスタ参照,-,[外部]detail_list.item_name,既存(V89/V69),73
2次,本部管理者,商品別仕入分析,分析画面,,仕入れ先,,,,L1,同画面内,商品別の仕入分析,マスタ参照,-,[外部]member_name_partner.client_name,既存(V89/V69),74
2次,本部管理者,商品別仕入分析,分析画面,,金額（税抜）,,,,L1,同画面内,商品別の仕入分析,SUM商品別,-,[外部]detail_list.price,既存(V89/V69),75
2次,本部管理者,商品別仕入分析,分析画面,,比率,,,,L1,同画面内,商品別の仕入分析,商品÷総仕入×100,-,-,既存(V89/V69),76
2次,本部管理者,商品別売上分析,分析画面,,商品単価（税抜）,,,,L1,同画面内,商品別の売上分析,売上÷数量,-,商品別売上分析.販売数量,既存(V89/V69),77
2次,本部管理者,商品別売上分析,分析画面,,商品単価（税込）,,,,L1,同画面内,商品別の売上分析,売上÷数量,-,商品別売上分析.販売数量,既存(V89/V69),78
2次,本部管理者,商品別売上分析,分析画面,,販売数量,,,,L1,同画面内,商品別の売上分析,SUM商品別,-,[外部]TITEM.quantity,既存(V89/V69),79
2次,本部管理者,客単価分析,分析画面,,当月客単価（税抜）,,,,L1,同画面内,客単価の分析,売上÷客数,-,"当月実績.売上（税抜）, 客数.当月客数",既存(V89/V69),80
2次,本部管理者,客数分析,分析画面,,当月客数,,,,L1,同画面内,客数の分析,SUM月別,-,[外部]ZTOTAL.customers,既存(V89/V69),81
2次,本部管理者,平均単価推移,分析画面,,仕入商品ラベル,,,,L1,同画面内,平均単価の推移分析,ラベルマスタ,-,[外部]detail_list.item_name,既存(V89/V69),82
2次,本部管理者,平均単価推移,分析画面,,仕入金額（税抜）,,,,L1,同画面内,平均単価の推移分析,SUM月別,-,[外部]detail_list.price,既存(V89/V69),83
2次,本部管理者,平均単価推移,分析画面,,数量,,,,L1,同画面内,平均単価の推移分析,SUM月別,-,[外部]detail_list.num,既存(V89/V69),84
2次,本部管理者,平均単価推移,分析画面,,平均単価,,,,L1,同画面内,平均単価の推移分析,金額÷数量,-,平均単価推移.数量,既存(V89/V69),85
2次,本部管理者,年間予実対比,分析画面,,月次実績_総売上 計,,,,L1,同画面内,-,SUM月次,-,[外部]ZTOTAL.sales_excluded,既存(V89/V69),253
2次,本部管理者,年間予実対比,分析画面,,月次実績_フード売上 計,,,,L1,同画面内,-,SUMフード月次,-,[外部]TITEM.sales_excluded,既存(V89/V69),254
2次,本部管理者,年間予実対比,分析画面,,月次実績_ドリンク売上 計,,,,L1,同画面内,-,SUMドリンク月次,-,[外部]TITEM.sales_excluded,既存(V89/V69),255
2次,本部管理者,年間予実対比,分析画面,,月次実績_その他売上 計,,,,L1,同画面内,-,SUMその他月次,-,[外部]ZTOTAL.service_charge_1,既存(V89/V69),256
2次,本部管理者,年間予実対比,分析画面,,月次実績_FD仕入 計,,,,L1,同画面内,-,SUMFD月次,-,インフォマート（仕入）,既存(V89/V69),258
2次,本部管理者,年間予実対比,分析画面,,月次実績_人件費 計,,,,L1,同画面内,-,SUM月次,-,[外部]head_office_employee_working_records.daily_cost,既存(V89/V69),259
2次,本部管理者,年間予実対比,分析画面,,月次実績_その他経費 計,,,,L1,同画面内,-,SUM経費月次,-,[入力]monthly_costs.value,既存(V89/V69),260
2次,本部管理者,年間予実対比,分析画面,,月次予算_総売上 計,,,,L1,同画面内,-,月次予算,-,月次予算設定.売上（税抜）,既存(V89/V69),262
2次,本部管理者,年間予実対比,分析画面,,月次予算_フード売上 計,,,,L1,同画面内,-,月次予算_総売上 計 × 売上構成比設定.フード構成比,-,月次予算設定.月次フード売上,既存(V89/V69),263
2次,本部管理者,年間予実対比,分析画面,,月次予算_ドリンク売上 計,,,,L1,同画面内,-,月次予算_総売上 計 × 売上構成比設定.ドリンク構成比,-,月次予算設定.月次ドリンク売上,既存(V89/V69),264
2次,本部管理者,年間予実対比,分析画面,,月次予算_その他売上 計,,,,L1,同画面内,-,月次予算_総売上 計 × 売上構成比設定.その他構成比,-,月次予算設定.月次その他売上,既存(V89/V69),265
2次,本部管理者,年間予実対比,分析画面,,月次予算_FD仕入 計,,,,L1,同画面内,-,月次予算設定.売上（税抜） × 月次予算設定.FD仕入比率,-,月次予算設定.月次FD仕入,既存(V89/V69),267
2次,本部管理者,年間予実対比,分析画面,,月次予算_人件費 計,,,,L1,同画面内,-,月次予算設定.売上 × PA人件費率 + 固定人件費予算,-,月次予算設定.月次人件費,既存(V89/V69),268
2次,本部管理者,年間予実対比,分析画面,,月次予算_その他経費 計,,,,L1,同画面内,-,費用設定.その他経費予算合計,-,月次予算設定.月次その他経費,既存(V89/V69),269
2次,本部管理者,年間予実対比（サマリー）,ダッシュボード表示画面,,FD仕入額,,,,L1,同画面内,-,参照表示,-,[外部]infomart_transactions.total_tax_excluded,既存(V89/V69),250
2次,本部管理者,年間予実対比（サマリー）,ダッシュボード表示画面,,人件費額,,,,L1,同画面内,-,参照表示,-,[外部]head_office_connected_service_labor_costs_logs.labor_costs,既存(V89/V69),251
2次,本部管理者,年間予実対比（予実対比）,分析画面,,年間実績_総売上 計,,,,L1,同画面内,-,SUM,-,[外部]ZTOTAL.sales_excluded,既存(V89/V69),211
2次,本部管理者,年間予実対比（予実対比）,分析画面,,年間実績_フード売上 計,,,,L1,同画面内,-,SUMフード,-,[外部]TITEM.sales_excluded,既存(V89/V69),212
2次,本部管理者,年間予実対比（予実対比）,分析画面,,年間実績_ドリンク売上 計,,,,L1,同画面内,-,SUMドリンク,-,[外部]TITEM.sales_excluded,既存(V89/V69),213
2次,本部管理者,年間予実対比（予実対比）,分析画面,,年間実績_その他売上 計,,,,L1,同画面内,-,SUM,-,[外部]ZTOTAL.service_charge_1,既存(V89/V69),214
2次,本部管理者,年間予実対比（予実対比）,分析画面,,年間実績_その他売上ランチ,,,,L1,同画面内,-,SUM(その他かつ時間フィルタ),-,[外部]TITEM.sales_excluded,既存(V89/V69),215
2次,本部管理者,年間予実対比（予実対比）,分析画面,,年間実績_その他売上ディナー,,,,L1,同画面内,-,SUM(その他かつ時間フィルタ),-,[外部]TITEM.sales_excluded,既存(V89/V69),216
2次,本部管理者,年間予実対比（予実対比）,分析画面,,年間実績_FD仕入 計,,,,L1,同画面内,-,SUMFD,-,[外部]infomart_transactions.total_tax_excluded,既存(V89/V69),218
2次,本部管理者,年間予実対比（予実対比）,分析画面,,年間実績_人件費 計,,,,L1,同画面内,-,SUM,-,[外部]head_office_connected_service_labor_costs_logs.labor_costs,既存(V89/V69),219
2次,本部管理者,年間予実対比（予実対比）,分析画面,,年間実績_その他経費 計,,,,L1,同画面内,-,SUM,-,-,既存(V89/V69),220
2次,本部管理者,年間予実対比（予実対比）,分析画面,,年間実績_ラクミー利用料,,,,L1,同画面内,-,費目フィルタ,-,-,既存(V89/V69),221
2次,本部管理者,年間予実対比（予実対比）,分析画面,,年間実績_IT費用,,,,L1,同画面内,-,費目フィルタ,-,-,既存(V89/V69),222
2次,本部管理者,年間予実対比（予実対比）,分析画面,,年間実績_お花代,,,,L1,同画面内,-,費目フィルタ,-,-,既存(V89/V69),223
2次,本部管理者,年間予実対比（予実対比）,分析画面,,年間実績_ガス代,,,,L1,同画面内,-,費目フィルタ,-,-,既存(V89/V69),224
2次,本部管理者,年間予実対比（予実対比）,分析画面,,年間実績_クレジットカード手数料,,,,L1,同画面内,-,費目フィルタ,-,-,既存(V89/V69),225
2次,本部管理者,年間予実対比（予実対比）,分析画面,,年間実績_レジ利用料,,,,L1,同画面内,-,費目フィルタ,-,-,既存(V89/V69),226
2次,本部管理者,年間予実対比（予実対比）,分析画面,,年間実績_借入金返済,,,,L1,同画面内,-,費目フィルタ,-,-,既存(V89/V69),227
2次,本部管理者,年間予実対比（予実対比）,分析画面,,年間実績_家賃（変動分）,,,,L1,同画面内,-,費目フィルタ,-,-,既存(V89/V69),228
2次,本部管理者,年間予実対比（予実対比）,分析画面,,年間実績_水道代,,,,L1,同画面内,-,費目フィルタ,-,-,既存(V89/V69),229
2次,本部管理者,年間予実対比（予実対比）,分析画面,,年間実績_社員人件費,,,,L1,同画面内,-,SUM月給者,-,[外部]head_office_connected_service_labor_costs_logs.labor_costs,既存(V89/V69),230
2次,本部管理者,年間予実対比（予実対比）,分析画面,,年間実績_電気代,,,,L1,同画面内,-,費目フィルタ,-,-,既存(V89/V69),231
2次,本部管理者,年間予実対比（予実対比）,分析画面,,年間実績_フード売上ランチ,,,,L1,同画面内,-,SUM(フードかつ時間フィルタ),-,[外部]TITEM.sales_excluded,既存(V89/V69),233
2次,本部管理者,年間予実対比（予実対比）,分析画面,,年間実績_フード売上ディナー,,,,L1,同画面内,-,SUM(フードかつ時間フィルタ),-,[外部]TITEM.sales_excluded,既存(V89/V69),234
2次,本部管理者,年間予実対比（予実対比）,分析画面,,年間実績_ドリンク売上ランチ,,,,L1,同画面内,-,SUM(ドリンクかつ時間フィルタ),-,[外部]TITEM.sales_excluded,既存(V89/V69),235
2次,本部管理者,年間予実対比（予実対比）,分析画面,,年間実績_ドリンク売上ディナー,,,,L1,同画面内,-,SUM(ドリンクかつ時間フィルタ),-,[外部]TITEM.sales_excluded,既存(V89/V69),236
2次,本部管理者,年間予実対比（予実対比）,分析画面,,年間実績_フード仕入,,,,L1,同画面内,-,SUMフード,-,[外部]infomart_transactions.total_tax_excluded,既存(V89/V69),237
2次,本部管理者,年間予実対比（予実対比）,分析画面,,年間実績_ドリンク仕入,,,,L1,同画面内,-,SUMドリンク,-,[外部]infomart_transactions.total_tax_excluded,既存(V89/V69),238
2次,本部管理者,年間予実対比（予実対比）,分析画面,,年間実績_固定人件費,,,,L1,同画面内,-,SUM月給者,-,[外部]head_office_connected_service_labor_costs_logs.labor_costs,既存(V89/V69),239
2次,本部管理者,年間予実対比（予実対比）,分析画面,,年間実績_PA人件費,,,,L1,同画面内,-,SUM,-,[外部]head_office_employee_working_records.daily_cost,既存(V89/V69),240
2次,本部管理者,年間予実対比（予実対比）,分析画面,,年間実績_地代家賃,,,,L1,同画面内,-,費目=家賃,-,-,既存(V89/V69),242
2次,本部管理者,年間予実対比（予実対比）,分析画面,,年間実績_資材費,,,,L1,同画面内,-,費目=資材費,-,-,既存(V89/V69),243
2次,本部管理者,年間予実対比（予実対比）,分析画面,,年間実績_水道光熱費,,,,L1,同画面内,-,費目=水道光熱費,-,-,既存(V89/V69),244
2次,本部管理者,年間予実対比（予実対比）,分析画面,,年間実績_減価償却費,,,,L1,同画面内,-,費目=減価償却費,-,-,既存(V89/V69),245
2次,本部管理者,年間予実対比（予実対比）,分析画面,,年間実績_販促費,,,,L1,同画面内,-,費目=販促費,-,-,既存(V89/V69),246
2次,本部管理者,年間予実対比（予実対比）,分析画面,,年間予算_総売上 計,,,,L1,同画面内,-,SUM月次予算,-,月次予算設定.年間総売上,既存(V89/V69),307
2次,本部管理者,年間予実対比（予実対比）,分析画面,,年間予算_フード売上 計,,,,L1,同画面内,-,年間予算_総売上 計 × 売上構成比設定.フード構成比,-,月次予算設定.年間フード売上,既存(V89/V69),308
2次,本部管理者,年間予実対比（予実対比）,分析画面,,年間予算_フード売上ランチ,,,,L1,同画面内,-,年間予算_フード売上 計 × 売上構成比設定.ランチ比率,-,月次予算設定.年間フード売上ランチ,既存(V89/V69),309
2次,本部管理者,年間予実対比（予実対比）,分析画面,,年間予算_フード売上ディナー,,,,L1,同画面内,-,年間予算_フード売上 計 × 売上構成比設定.ディナー比率,-,月次予算設定.年間フード売上ディナー,既存(V89/V69),310
2次,本部管理者,年間予実対比（予実対比）,分析画面,,年間予算_ドリンク売上 計,,,,L1,同画面内,-,年間予算_総売上 計 × 売上構成比設定.ドリンク構成比,-,月次予算設定.年間ドリンク売上,既存(V89/V69),311
2次,本部管理者,年間予実対比（予実対比）,分析画面,,年間予算_ドリンク売上ランチ,,,,L1,同画面内,-,年間予算_ドリンク売上 計 × 売上構成比設定.ランチ比率,-,月次予算設定.年間ドリンク売上ランチ,既存(V89/V69),312
2次,本部管理者,年間予実対比（予実対比）,分析画面,,年間予算_ドリンク売上ディナー,,,,L1,同画面内,-,年間予算_ドリンク売上 計 × 売上構成比設定.ディナー比率,-,月次予算設定.年間ドリンク売上ディナー,既存(V89/V69),313
2次,本部管理者,年間予実対比（予実対比）,分析画面,,年間予算_その他売上 計（サービス料等）,,,,L1,同画面内,-,年間予算_総売上 計 × 売上構成比設定.その他構成比,-,月次予算設定.年間その他売上（サービス料等）,既存(V89/V69),314
2次,本部管理者,年間予実対比（予実対比）,分析画面,,年間予算_その他売上ランチ,,,,L1,同画面内,-,年間予算_その他売上 計 × 売上構成比設定.ランチ比率,-,月次予算設定.年間その他売上ランチ,既存(V89/V69),315
2次,本部管理者,年間予実対比（予実対比）,分析画面,,年間予算_その他売上ディナー,,,,L1,同画面内,-,年間予算_その他売上 計 × 売上構成比設定.ディナー比率,-,月次予算設定.年間その他売上ディナー,既存(V89/V69),316
2次,本部管理者,年間予実対比（予実対比）,分析画面,,年間予算_FD仕入 計,,,,L1,同画面内,-,SUM(monthly_budgets.target_sales × monthly_budgets.food_cost_rate) GROUP BY year,-,月次予算設定.年間FD仕入,既存(V89/V69),318
2次,本部管理者,年間予実対比（予実対比）,分析画面,,年間予算_フード仕入,,,,L1,同画面内,-,年間予算_FD仕入 計 × FD構成比設定.フード比率,-,月次予算設定.年間フード仕入,既存(V89/V69),319
2次,本部管理者,年間予実対比（予実対比）,分析画面,,年間予算_ドリンク仕入,,,,L1,同画面内,-,年間予算_FD仕入 計 × FD構成比設定.ドリンク比率,-,月次予算設定.年間ドリンク仕入,既存(V89/V69),320
2次,本部管理者,年間予実対比（予実対比）,分析画面,,年間予算_人件費 計,,,,L1,同画面内,-,SUM(monthly_budgets.target_sales × monthly_budgets.labor_cost_rate + 固定人件費) GROUP BY year,-,月次予算設定.年間人件費,既存(V89/V69),321
2次,本部管理者,年間予実対比（予実対比）,分析画面,,年間予算_PA人件費,,,,L1,同画面内,-,SUM(monthly_budgets.target_sales × monthly_budgets.labor_cost_rate) GROUP BY year,-,月次予算設定.年間PA人件費,既存(V89/V69),323
2次,本部管理者,店舗ラベル別サマリー,ダッシュボード表示画面,,売上目標,,,,L1,同画面内,店舗ラベルでグルーピングした主要指標サマリー。売上・コスト等の集計ディメンション,マスタ参照,-,[入力]monthly_budgets.profit,既存(V89/V69),190
2次,本部管理者,店舗別サマリー,ダッシュボード表示画面,,売上目標,,,,L1,同画面内,店舗ごとの主要指標サマリー,マスタ参照,-,[入力]monthly_budgets.profit,既存(V89/V69),197
2次,本部管理者,店舗別人件費,分析画面,,売上（税込）,,,,L1,同画面内,店舗別の人件費・売上分析,SUM支払別,-,[外部]TTEND.sales,既存(V89/V69),121
2次,本部管理者,店舗別人件費,分析画面,,売上比率,,,,L1,同画面内,店舗別の人件費・売上分析,支払÷総売上×100,-,当月実績.売上（税抜）,既存(V89/V69),122
2次,本部管理者,店舗別人件費,分析画面,,売上（税込）,,,,L1,同画面内,店舗別の人件費・売上分析,日別集計,-,[外部]ZTOTAL.sales,既存(V89/V69),128
2次,本部管理者,店舗別人件費,分析画面,,売上（税抜）,,,,L1,同画面内,店舗別の人件費・売上分析,日別集計,-,[外部]ZTOTAL.sales_excluded,既存(V89/V69),129
2次,本部管理者,店舗別人件費,分析画面,,仕入（税込）,,,,L1,同画面内,店舗別の人件費・売上分析,日別集計,-,[外部]trade_total.total,既存(V89/V69),130
2次,本部管理者,店舗別人件費,分析画面,,仕入（税抜）,,,,L1,同画面内,店舗別の人件費・売上分析,日別集計,-,[外部]infomart_transactions.total_tax_excluded,既存(V89/V69),131
2次,本部管理者,店舗別人件費,分析画面,,PA人件費,,,,L1,同画面内,店舗別の人件費・売上分析,日別集計,-,[外部]head_office_employee_working_records.daily_cost,既存(V89/V69),132
2次,本部管理者,店舗別人件費,分析画面,,売上（税抜）,,,,L1,同画面内,店舗別の人件費・売上分析,日別集計,-,[外部]ZTOTAL.sales_excluded,既存(V89/V69),133
2次,本部管理者,店舗別人件費,分析画面,,仕入費,,,,L1,同画面内,店舗別の人件費・売上分析,日別集計,-,[外部]infomart_transactions.total_tax_excluded,既存(V89/V69),134
2次,本部管理者,店舗別人件費,分析画面,,PA人件費,,,,L1,同画面内,店舗別の人件費・売上分析,日別集計,-,[外部]head_office_connected_service_labor_costs_logs.labor_costs,既存(V89/V69),135
2次,本部管理者,店舗別人件費,分析画面,,ランチ売上（税抜）,,,,L1,同画面内,店舗別の人件費・売上分析,SUM(時間フィルタ),-,[外部]TITEM.sales_excluded,既存(V89/V69),136
2次,本部管理者,店舗別人件費,分析画面,,ディナー売上（税抜）,,,,L1,同画面内,店舗別の人件費・売上分析,SUM(時間フィルタ),-,[外部]TITEM.sales_excluded,既存(V89/V69),137
2次,本部管理者,店舗別人件費,分析画面,,客数,,,,L1,同画面内,店舗別の人件費・売上分析,SUM時間帯別,-,[外部]ZTOTAL.customers,既存(V89/V69),138
2次,本部管理者,店舗別人件費,分析画面,,客単価（税抜）,,,,L1,同画面内,店舗別の人件費・売上分析,売上÷客数,-,"当月実績.売上（税抜）, 時間帯別売上分析.客数",既存(V89/V69),139
2次,本部管理者,当月実績,ダッシュボード表示画面,,営業利益予算,,,,L1,同画面内,当月の実績サマリー,参照表示,-,SUM(紐づく店舗.月次予算設定.営業利益予算),既存(V89/V69),207
2次,本部管理者,当月実績,ダッシュボード表示画面,,売上予算,,,,L1,同画面内,当月の実績サマリー,参照表示,-,SUM(紐づく店舗.月次予算設定.売上予算),既存(V89/V69),209
2次,本部管理者,支払方法別分析,分析画面,,支払方法,,,,L1,同画面内,支払方法別の売上分析,マスタ参照,-,[外部]TTEND.head_office_payment_method_id,既存(V89/V69),120
2次,本部管理者,支払方法別分析,分析画面,,クレジットカード合計売上,,,,L1,同画面内,支払方法別の売上分析,SUM(支払種別フィルタ),-,[外部]TTEND.sales,既存(V89/V69),123
2次,本部管理者,支払方法別分析,分析画面,,QR決済合計売上,,,,L1,同画面内,支払方法別の売上分析,SUM(支払種別フィルタ),-,[外部]TTEND.sales,既存(V89/V69),124
2次,本部管理者,支払方法別分析,分析画面,,MUGENファミリーカード合計売上,,,,L1,同画面内,支払方法別の売上分析,SUM(支払種別フィルタ),-,[外部]TTEND.sales,既存(V89/V69),125
2次,本部管理者,支払方法別分析,分析画面,,売掛合計売上,,,,L1,同画面内,支払方法別の売上分析,SUM(支払種別フィルタ),-,[外部]TTEND.sales,既存(V89/V69),126
2次,本部管理者,支払方法別分析,分析画面,,交通系IC合計売上,,,,L1,同画面内,支払方法別の売上分析,SUM(支払種別フィルタ),-,[外部]TTEND.sales,既存(V89/V69),127
2次,本部管理者,曜日別分析,分析画面,,曜日,,,,L1,同画面内,曜日別の売上・客数分析,曜日抽出,-,[外部]ZTOTAL.date,既存(V89/V69),140
2次,本部管理者,曜日別分析,分析画面,,平均売上（税抜）,,,,L1,同画面内,曜日別の売上・客数分析,AVG曜日別,-,"日次推移.売上（税抜）, 日次推移.売上（税抜）",既存(V89/V69),141
2次,本部管理者,曜日別分析,分析画面,,平均客数,,,,L1,同画面内,曜日別の売上・客数分析,AVG曜日別,-,時間帯別売上分析.客数,既存(V89/V69),142
2次,本部管理者,曜日別分析,分析画面,,平均客数（税抜）,,,,L1,同画面内,曜日別の売上・客数分析,AVG曜日別,-,時間帯別売上分析.客数,既存(V89/V69),143
2次,本部管理者,月次レポート,分析画面,,原価率,,,,L1,同画面内,月次の経営レポート,原価÷売上×100,-,当月実績.売上（税抜）,既存(V89/V69),145
2次,本部管理者,月次レポート,分析画面,,仕入総額,,,,L1,同画面内,月次の経営レポート,SUM,-,[外部]tax_excluded_total.amount,既存(V89/V69),147
2次,本部管理者,月次レポート,分析画面,,売上合計（税抜）,,,,L1,同画面内,月次の経営レポート,SUM月間,-,[外部]ZTOTAL.sales_excluded,既存(V89/V69),150
2次,本部管理者,費目別仕入分析,分析画面,,金額（税抜）,,,,L1,同画面内,費目別の仕入分析,SUM費目別,-,-,既存(V89/V69),152
3次,本部管理者,予実対比,分析画面,,,営業利益,,,L2-C,全店舗(画面内),予算と実績の対比分析,売上-仕入-人件費-経費,-,"当月実績.売上（税抜）, 予実対比.FD仕入, 予実対比.人件費",既存(V89/V69),87
3次,本部管理者,商品仕入単価,一覧表示画面,,,アイテム,,,L2-C,全店舗(画面内),商品仕入単価の一覧,参照表示,-,[外部]detail_list.item_name,既存(V89/V69),162
3次,本部管理者,商品仕入単価,一覧表示画面,,,金額（税抜）,,,L2-C,全店舗(画面内),商品仕入単価の一覧,参照表示,-,[外部]detail_list.price,既存(V89/V69),163
3次,本部管理者,商品仕入単価,一覧表示画面,,,数量,,,L2-C,全店舗(画面内),商品仕入単価の一覧,参照表示,-,[外部]detail_list.num,既存(V89/V69),164
3次,本部管理者,商品仕入単価,一覧表示画面,,,単価,,,L2-C,全店舗(画面内),商品仕入単価の一覧,参照表示,-,商品仕入単価.数量,既存(V89/V69),165
3次,本部管理者,平均単価推移,分析画面,,,平均単価推移,,,L2-C,全店舗(画面内),平均単価の推移分析,直近6ヶ月の平均単価推移,-,平均単価推移.平均単価,既存(V89/V69),86
3次,本部管理者,年間予実対比,分析画面,,,月次実績_FLコスト 計,,,L2-S,単店舗(画面内),-,月次実績_FD仕入 計 + 月次実績_人件費 計,-,"年間予実対比.月次実績_FD仕入 計, 年間予実対比.月次実績_人件費 計",既存(V89/V69),257
3次,本部管理者,年間予実対比,分析画面,,,月次実績_営業利益,,,L2-S,単店舗(画面内),-,月次実績_総売上 計 - 月次実績_FLコスト 計 - 月次実績_その他経費 計,-,"年間予実対比.月次実績_総売上 計, 年間予実対比.月次実績_FLコスト 計, 年間予実対比.月次実績_その他経費 計",既存(V89/V69),261
3次,本部管理者,年間予実対比,分析画面,,,月次予算_FLコスト 計,,,L2-S,単店舗(画面内),-,月次予算_FD仕入 計 + 月次予算_人件費 計,-,"年間予実対比.月次予算_FD仕入 計, 年間予実対比.月次予算_人件費 計",既存(V89/V69),266
3次,本部管理者,年間予実対比,分析画面,,,月次予算_営業利益,,,L2-S,単店舗(画面内),-,月次予算_総売上 計 - 月次予算_FLコスト 計 - 月次予算_その他経費 計,-,"年間予実対比.月次予算_総売上 計, 年間予実対比.月次予算_FLコスト 計, 年間予実対比.月次予算_その他経費 計",既存(V89/V69),270
3次,本部管理者,年間予実対比,分析画面,,,予算構成比_総売上 計,,,L2-S,単店舗(画面内),-,月次予算_総売上 計 ÷ 月次予算_総売上 計 × 100,-,年間予実対比.月次予算_総売上 計,既存(V89/V69),271
3次,本部管理者,年間予実対比,分析画面,,,予算構成比_フード売上 計,,,L2-S,単店舗(画面内),-,月次予算_フード売上 計 ÷ 月次予算_総売上 計 × 100,-,"年間予実対比.月次予算_フード売上 計, 年間予実対比.月次予算_総売上 計",既存(V89/V69),272
3次,本部管理者,年間予実対比,分析画面,,,予算構成比_ドリンク売上 計,,,L2-S,単店舗(画面内),-,月次予算_ドリンク売上 計 ÷ 月次予算_総売上 計 × 100,-,"年間予実対比.月次予算_ドリンク売上 計, 年間予実対比.月次予算_総売上 計",既存(V89/V69),273
3次,本部管理者,年間予実対比,分析画面,,,予算構成比_その他売上 計,,,L2-S,単店舗(画面内),-,月次予算_その他売上 計 ÷ 月次予算_総売上 計 × 100,-,"年間予実対比.月次予算_その他売上 計, 年間予実対比.月次予算_総売上 計",既存(V89/V69),274
3次,本部管理者,年間予実対比,分析画面,,,予算構成比_FLコスト 計,,,L2-S,単店舗(画面内),-,月次予算_FLコスト 計 ÷ 月次予算_総売上 計 × 100,-,"年間予実対比.月次予算_FLコスト 計, 年間予実対比.月次予算_総売上 計",既存(V89/V69),275
3次,本部管理者,年間予実対比,分析画面,,,予算構成比_FD仕入 計,,,L2-S,単店舗(画面内),-,月次予算_FD仕入 計 ÷ 月次予算_総売上 計 × 100,-,"年間予実対比.月次予算_FD仕入 計, 年間予実対比.月次予算_総売上 計",既存(V89/V69),276
3次,本部管理者,年間予実対比,分析画面,,,予算構成比_人件費 計,,,L2-S,単店舗(画面内),-,月次予算_人件費 計 ÷ 月次予算_総売上 計 × 100,-,"年間予実対比.月次予算_人件費 計, 年間予実対比.月次予算_総売上 計",既存(V89/V69),277
3次,本部管理者,年間予実対比,分析画面,,,予算構成比_その他経費 計,,,L2-S,単店舗(画面内),-,月次予算_その他経費 計 ÷ 月次予算_総売上 計 × 100,-,"年間予実対比.月次予算_その他経費 計, 年間予実対比.月次予算_総売上 計",既存(V89/V69),278
3次,本部管理者,年間予実対比,分析画面,,,予算構成比_営業利益,,,L2-S,単店舗(画面内),-,月次予算_営業利益 ÷ 月次予算_総売上 計 × 100,-,"年間予実対比.月次予算_営業利益, 年間予実対比.月次予算_総売上 計",既存(V89/V69),279
3次,本部管理者,年間予実対比,分析画面,,,予実差額_総売上 計,,,L2-S,単店舗(画面内),-,月次実績_総売上 計 - 月次予算_総売上 計,-,"年間予実対比.月次実績_総売上 計, 年間予実対比.月次予算_総売上 計",既存(V89/V69),280
3次,本部管理者,年間予実対比,分析画面,,,予実差額_フード売上 計,,,L2-S,単店舗(画面内),-,月次実績_フード売上 計 - 月次予算_フード売上 計,-,"年間予実対比.月次実績_フード売上 計, 年間予実対比.月次予算_フード売上 計",既存(V89/V69),281
3次,本部管理者,年間予実対比,分析画面,,,予実差額_ドリンク売上 計,,,L2-S,単店舗(画面内),-,月次実績_ドリンク売上 計 - 月次予算_ドリンク売上 計,-,"年間予実対比.月次実績_ドリンク売上 計, 年間予実対比.月次予算_ドリンク売上 計",既存(V89/V69),282
3次,本部管理者,年間予実対比,分析画面,,,予実差額_その他売上 計,,,L2-S,単店舗(画面内),-,月次実績_その他売上 計 - 月次予算_その他売上 計,-,"年間予実対比.月次実績_その他売上 計, 年間予実対比.月次予算_その他売上 計",既存(V89/V69),283
3次,本部管理者,年間予実対比,分析画面,,,予実差額_FLコスト 計,,,L2-S,単店舗(画面内),-,月次実績_FLコスト 計 - 月次予算_FLコスト 計,-,"年間予実対比.月次実績_FLコスト 計, 年間予実対比.月次予算_FLコスト 計",既存(V89/V69),284
3次,本部管理者,年間予実対比,分析画面,,,予実差額_FD仕入 計,,,L2-S,単店舗(画面内),-,月次実績_FD仕入 計 - 月次予算_FD仕入 計,-,"年間予実対比.月次実績_FD仕入 計, 年間予実対比.月次予算_FD仕入 計",既存(V89/V69),285
3次,本部管理者,年間予実対比,分析画面,,,予実差額_人件費 計,,,L2-S,単店舗(画面内),-,月次実績_人件費 計 - 月次予算_人件費 計,-,"年間予実対比.月次実績_人件費 計, 年間予実対比.月次予算_人件費 計",既存(V89/V69),286
3次,本部管理者,年間予実対比,分析画面,,,予実差額_その他経費 計,,,L2-S,単店舗(画面内),-,月次実績_その他経費 計 - 月次予算_その他経費 計,-,"年間予実対比.月次実績_その他経費 計, 年間予実対比.月次予算_その他経費 計",既存(V89/V69),287
3次,本部管理者,年間予実対比,分析画面,,,予実差額_営業利益,,,L2-S,単店舗(画面内),-,月次実績_営業利益 - 月次予算_営業利益,-,"年間予実対比.月次実績_営業利益, 年間予実対比.月次予算_営業利益",既存(V89/V69),288
3次,本部管理者,年間予実対比,分析画面,,,予算対比率_総売上 計,,,L2-S,単店舗(画面内),-,月次実績_総売上 計 ÷ 月次予算_総売上 計 × 100,-,"年間予実対比.月次実績_総売上 計, 年間予実対比.月次予算_総売上 計",既存(V89/V69),289
3次,本部管理者,年間予実対比,分析画面,,,予算対比率_フード売上 計,,,L2-S,単店舗(画面内),-,月次実績_フード売上 計 ÷ 月次予算_フード売上 計 × 100,-,"年間予実対比.月次実績_フード売上 計, 年間予実対比.月次予算_フード売上 計",既存(V89/V69),290
3次,本部管理者,年間予実対比,分析画面,,,予算対比率_ドリンク売上 計,,,L2-S,単店舗(画面内),-,月次実績_ドリンク売上 計 ÷ 月次予算_ドリンク売上 計 × 100,-,"年間予実対比.月次実績_ドリンク売上 計, 年間予実対比.月次予算_ドリンク売上 計",既存(V89/V69),291
3次,本部管理者,年間予実対比,分析画面,,,予算対比率_その他売上 計,,,L2-S,単店舗(画面内),-,月次実績_その他売上 計 ÷ 月次予算_その他売上 計 × 100,-,"年間予実対比.月次実績_その他売上 計, 年間予実対比.月次予算_その他売上 計",既存(V89/V69),292
3次,本部管理者,年間予実対比,分析画面,,,予算対比率_FLコスト 計,,,L2-S,単店舗(画面内),-,月次実績_FLコスト 計 ÷ 月次予算_FLコスト 計 × 100,-,"年間予実対比.月次実績_FLコスト 計, 年間予実対比.月次予算_FLコスト 計",既存(V89/V69),293
3次,本部管理者,年間予実対比,分析画面,,,予算対比率_FD仕入 計,,,L2-S,単店舗(画面内),-,月次実績_FD仕入 計 ÷ 月次予算_FD仕入 計 × 100,-,"年間予実対比.月次実績_FD仕入 計, 年間予実対比.月次予算_FD仕入 計",既存(V89/V69),294
3次,本部管理者,年間予実対比,分析画面,,,予算対比率_人件費 計,,,L2-S,単店舗(画面内),-,月次実績_人件費 計 ÷ 月次予算_人件費 計 × 100,-,"年間予実対比.月次実績_人件費 計, 年間予実対比.月次予算_人件費 計",既存(V89/V69),295
3次,本部管理者,年間予実対比,分析画面,,,予算対比率_その他経費 計,,,L2-S,単店舗(画面内),-,月次実績_その他経費 計 ÷ 月次予算_その他経費 計 × 100,-,"年間予実対比.月次実績_その他経費 計, 年間予実対比.月次予算_その他経費 計",既存(V89/V69),296
3次,本部管理者,年間予実対比,分析画面,,,予算対比率_営業利益,,,L2-S,単店舗(画面内),-,月次実績_営業利益 ÷ 月次予算_営業利益 × 100,-,"年間予実対比.月次実績_営業利益, 年間予実対比.月次予算_営業利益",既存(V89/V69),297
3次,本部管理者,年間予実対比,分析画面,,,構成比_総売上 計,,,L2-S,単店舗(画面内),-,月次実績_総売上 計 ÷ 月次実績_総売上 計 × 100,-,年間予実対比.月次実績_総売上 計,既存(V89/V69),298
3次,本部管理者,年間予実対比,分析画面,,,構成比_フード売上 計,,,L2-S,単店舗(画面内),-,月次実績_フード売上 計 ÷ 月次実績_総売上 計 × 100,-,"年間予実対比.月次実績_フード売上 計, 年間予実対比.月次実績_総売上 計",既存(V89/V69),299
3次,本部管理者,年間予実対比,分析画面,,,構成比_ドリンク売上 計,,,L2-S,単店舗(画面内),-,月次実績_ドリンク売上 計 ÷ 月次実績_総売上 計 × 100,-,"年間予実対比.月次実績_ドリンク売上 計, 年間予実対比.月次実績_総売上 計",既存(V89/V69),300
3次,本部管理者,年間予実対比,分析画面,,,構成比_その他売上 計,,,L2-S,単店舗(画面内),-,月次実績_その他売上 計 ÷ 月次実績_総売上 計 × 100,-,"年間予実対比.月次実績_その他売上 計, 年間予実対比.月次実績_総売上 計",既存(V89/V69),301
3次,本部管理者,年間予実対比,分析画面,,,構成比_FLコスト 計,,,L2-S,単店舗(画面内),-,月次実績_FLコスト 計 ÷ 月次実績_総売上 計 × 100,-,"年間予実対比.月次実績_FLコスト 計, 年間予実対比.月次実績_総売上 計",既存(V89/V69),302
3次,本部管理者,年間予実対比,分析画面,,,構成比_FD仕入 計,,,L2-S,単店舗(画面内),-,月次実績_FD仕入 計 ÷ 月次実績_総売上 計 × 100,-,"年間予実対比.月次実績_FD仕入 計, 年間予実対比.月次実績_総売上 計",既存(V89/V69),303
3次,本部管理者,年間予実対比,分析画面,,,構成比_人件費 計,,,L2-S,単店舗(画面内),-,月次実績_人件費 計 ÷ 月次実績_総売上 計 × 100,-,"年間予実対比.月次実績_人件費 計, 年間予実対比.月次実績_総売上 計",既存(V89/V69),304
3次,本部管理者,年間予実対比,分析画面,,,構成比_その他経費 計,,,L2-S,単店舗(画面内),-,月次実績_その他経費 計 ÷ 月次実績_総売上 計 × 100,-,"年間予実対比.月次実績_その他経費 計, 年間予実対比.月次実績_総売上 計",既存(V89/V69),305
3次,本部管理者,年間予実対比,分析画面,,,構成比_営業利益,,,L2-S,単店舗(画面内),-,月次実績_営業利益 ÷ 月次実績_総売上 計 × 100,-,"年間予実対比.月次実績_営業利益, 年間予実対比.月次実績_総売上 計",既存(V89/V69),306
3次,本部管理者,年間予実対比（予実対比）,分析画面,,,年間実績_FLコスト 計,,,L2-S,単店舗(画面内),-,SUM,-,-,既存(V89/V69),217
3次,本部管理者,年間予実対比（予実対比）,分析画面,,,年間実績_営業利益,,,L2-S,単店舗(画面内),-,売上-FLコスト-経費,-,-,既存(V89/V69),232
3次,本部管理者,年間予実対比（予実対比）,分析画面,,,年間予算_FLコスト 計,,,L2-S,単店舗(画面内),-,年間予算_FD仕入 計 + 年間予算_人件費 計,-,"年間予実対比（予実対比）.年間予算_FD仕入 計, 年間予実対比（予実対比）.年間予算_人件費 計",既存(V89/V69),317
3次,本部管理者,年間予実対比（予実対比）,分析画面,,,年間予算_営業利益,,,L2-S,単店舗(画面内),-,年間予算_総売上 計 - 年間予算_FLコスト 計 - 年間予算_その他経費 計,-,"年間予実対比（予実対比）.年間予算_総売上 計, 年間予実対比（予実対比）.年間予算_FLコスト 計, 年間予実対比（予実対比）.年間予算_その他経費 計",既存(V89/V69),342
3次,本部管理者,年間予実対比（予実対比）,分析画面,,,年間予実差額_総売上 計,,,L2-S,単店舗(画面内),-,年間実績_総売上 計 - 年間予算_総売上 計,-,"年間予実対比（予実対比）.年間実績_総売上 計, 年間予実対比（予実対比）.年間予算_総売上 計",既存(V89/V69),343
3次,本部管理者,年間予実対比（予実対比）,分析画面,,,年間予実差額_フード売上 計,,,L2-S,単店舗(画面内),-,年間実績_フード売上 計 - 年間予算_フード売上 計,-,"年間予実対比（予実対比）.年間実績_フード売上 計, 年間予実対比（予実対比）.年間予算_フード売上 計",既存(V89/V69),344
3次,本部管理者,年間予実対比（予実対比）,分析画面,,,年間予実差額_フード売上ランチ,,,L2-S,単店舗(画面内),-,年間実績_フード売上ランチ - 年間予算_フード売上ランチ,-,"年間予実対比（予実対比）.年間実績_フード売上ランチ, 年間予実対比（予実対比）.年間予算_フード売上ランチ",既存(V89/V69),345
3次,本部管理者,年間予実対比（予実対比）,分析画面,,,年間予実差額_フード売上ディナー,,,L2-S,単店舗(画面内),-,年間実績_フード売上ディナー - 年間予算_フード売上ディナー,-,"年間予実対比（予実対比）.年間実績_フード売上ディナー, 年間予実対比（予実対比）.年間予算_フード売上ディナー",既存(V89/V69),346
3次,本部管理者,年間予実対比（予実対比）,分析画面,,,年間予実差額_ドリンク売上 計,,,L2-S,単店舗(画面内),-,年間実績_ドリンク売上 計 - 年間予算_ドリンク売上 計,-,"年間予実対比（予実対比）.年間実績_ドリンク売上 計, 年間予実対比（予実対比）.年間予算_ドリンク売上 計",既存(V89/V69),347
3次,本部管理者,年間予実対比（予実対比）,分析画面,,,年間予実差額_ドリンク売上ランチ,,,L2-S,単店舗(画面内),-,年間実績_ドリンク売上ランチ - 年間予算_ドリンク売上ランチ,-,"年間予実対比（予実対比）.年間実績_ドリンク売上ランチ, 年間予実対比（予実対比）.年間予算_ドリンク売上ランチ",既存(V89/V69),348
3次,本部管理者,年間予実対比（予実対比）,分析画面,,,年間予実差額_ドリンク売上ディナー,,,L2-S,単店舗(画面内),-,年間実績_ドリンク売上ディナー - 年間予算_ドリンク売上ディナー,-,"年間予実対比（予実対比）.年間実績_ドリンク売上ディナー, 年間予実対比（予実対比）.年間予算_ドリンク売上ディナー",既存(V89/V69),349
3次,本部管理者,年間予実対比（予実対比）,分析画面,,,年間予実差額_その他売上 計,,,L2-S,単店舗(画面内),-,年間実績_その他売上 計 - 年間予算_その他売上 計,-,"年間予実対比（予実対比）.年間実績_その他売上 計, 年間予実対比（予実対比）.年間予算_その他売上 計",既存(V89/V69),350
3次,本部管理者,年間予実対比（予実対比）,分析画面,,,年間予実差額_その他売上ランチ,,,L2-S,単店舗(画面内),-,年間実績_その他売上ランチ - 年間予算_その他売上ランチ,-,"年間予実対比（予実対比）.年間実績_その他売上ランチ, 年間予実対比（予実対比）.年間予算_その他売上ランチ",既存(V89/V69),351
3次,本部管理者,年間予実対比（予実対比）,分析画面,,,年間予実差額_その他売上ディナー,,,L2-S,単店舗(画面内),-,年間実績_その他売上ディナー - 年間予算_その他売上ディナー,-,"年間予実対比（予実対比）.年間実績_その他売上ディナー, 年間予実対比（予実対比）.年間予算_その他売上ディナー",既存(V89/V69),352
3次,本部管理者,年間予実対比（予実対比）,分析画面,,,年間予実差額_FLコスト 計,,,L2-S,単店舗(画面内),-,年間実績_FLコスト 計 - 年間予算_FLコスト 計,-,"年間予実対比（予実対比）.年間実績_FLコスト 計, 年間予実対比（予実対比）.年間予算_FLコスト 計",既存(V89/V69),353
3次,本部管理者,年間予実対比（予実対比）,分析画面,,,年間予実差額_FD仕入 計,,,L2-S,単店舗(画面内),-,年間実績_FD仕入 計 - 年間予算_FD仕入 計,-,"年間予実対比（予実対比）.年間実績_FD仕入 計, 年間予実対比（予実対比）.年間予算_FD仕入 計",既存(V89/V69),354
3次,本部管理者,年間予実対比（予実対比）,分析画面,,,年間予実差額_フード仕入,,,L2-S,単店舗(画面内),-,年間実績_フード仕入 - 年間予算_フード仕入,-,"年間予実対比（予実対比）.年間実績_フード仕入, 年間予実対比（予実対比）.年間予算_フード仕入",既存(V89/V69),355
3次,本部管理者,年間予実対比（予実対比）,分析画面,,,年間予実差額_ドリンク仕入,,,L2-S,単店舗(画面内),-,年間実績_ドリンク仕入 - 年間予算_ドリンク仕入,-,"年間予実対比（予実対比）.年間実績_ドリンク仕入, 年間予実対比（予実対比）.年間予算_ドリンク仕入",既存(V89/V69),356
3次,本部管理者,年間予実対比（予実対比）,分析画面,,,年間予実差額_人件費 計,,,L2-S,単店舗(画面内),-,年間実績_人件費 計 - 年間予算_人件費 計,-,"年間予実対比（予実対比）.年間実績_人件費 計, 年間予実対比（予実対比）.年間予算_人件費 計",既存(V89/V69),357
3次,本部管理者,年間予実対比（予実対比）,分析画面,,,年間予実差額_固定人件費,,,L2-S,単店舗(画面内),-,年間実績_固定人件費 - 年間予算_固定人件費,-,"年間予実対比（予実対比）.年間実績_固定人件費, 年間予実対比（予実対比）.年間予算_固定人件費",既存(V89/V69),358
3次,本部管理者,年間予実対比（予実対比）,分析画面,,,年間予実差額_PA人件費,,,L2-S,単店舗(画面内),-,年間実績_PA人件費 - 年間予算_PA人件費,-,"年間予実対比（予実対比）.年間実績_PA人件費, 年間予実対比（予実対比）.年間予算_PA人件費",既存(V89/V69),359
3次,本部管理者,年間予実対比（予実対比）,分析画面,,,年間予実差額_社員人件費,,,L2-S,単店舗(画面内),-,年間実績_社員人件費 - 年間予算_社員人件費,-,"年間予実対比（予実対比）.年間実績_社員人件費, 年間予実対比（予実対比）.年間予算_社員人件費",既存(V89/V69),360
3次,本部管理者,年間予実対比（予実対比）,分析画面,,,年間予実差額_ヘルプ人件費,,,L2-S,単店舗(画面内),-,年間実績_ヘルプ人件費 - 年間予算_ヘルプ人件費,-,"年間予実対比（予実対比）.年間実績_ヘルプ人件費, 年間予実対比（予実対比）.年間予算_ヘルプ人件費",既存(V89/V69),361
3次,本部管理者,年間予実対比（予実対比）,分析画面,,,年間予実差額_その他経費 計,,,L2-S,単店舗(画面内),-,年間実績_その他経費 計 - 年間予算_その他経費 計,-,"年間予実対比（予実対比）.年間実績_その他経費 計, 年間予実対比（予実対比）.年間予算_その他経費 計",既存(V89/V69),362
3次,本部管理者,年間予実対比（予実対比）,分析画面,,,年間予実差額_地代家賃,,,L2-S,単店舗(画面内),-,年間実績_地代家賃 - 年間予算_地代家賃,-,"年間予実対比（予実対比）.年間実績_地代家賃, 年間予実対比（予実対比）.年間予算_地代家賃",既存(V89/V69),363
3次,本部管理者,年間予実対比（予実対比）,分析画面,,,年間予実差額_家賃（変動分）,,,L2-S,単店舗(画面内),-,年間実績_家賃（変動分） - 年間予算_家賃（変動分）,-,"年間予実対比（予実対比）.年間実績_家賃（変動分）, 年間予実対比（予実対比）.年間予算_家賃（変動分）",既存(V89/V69),364
3次,本部管理者,年間予実対比（予実対比）,分析画面,,,年間予実差額_水道光熱費,,,L2-S,単店舗(画面内),-,年間実績_水道光熱費 - 年間予算_水道光熱費,-,"年間予実対比（予実対比）.年間実績_水道光熱費, 年間予実対比（予実対比）.年間予算_水道光熱費",既存(V89/V69),365
3次,本部管理者,年間予実対比（予実対比）,分析画面,,,年間予実差額_電気代,,,L2-S,単店舗(画面内),-,年間実績_電気代 - 年間予算_電気代,-,"年間予実対比（予実対比）.年間実績_電気代, 年間予実対比（予実対比）.年間予算_電気代",既存(V89/V69),366
3次,本部管理者,年間予実対比（予実対比）,分析画面,,,年間予実差額_ガス代,,,L2-S,単店舗(画面内),-,年間実績_ガス代 - 年間予算_ガス代,-,"年間予実対比（予実対比）.年間実績_ガス代, 年間予実対比（予実対比）.年間予算_ガス代",既存(V89/V69),367
3次,本部管理者,年間予実対比（予実対比）,分析画面,,,年間予実差額_水道代,,,L2-S,単店舗(画面内),-,年間実績_水道代 - 年間予算_水道代,-,"年間予実対比（予実対比）.年間実績_水道代, 年間予実対比（予実対比）.年間予算_水道代",既存(V89/V69),368
3次,本部管理者,年間予実対比（予実対比）,分析画面,,,年間予実差額_減価償却費,,,L2-S,単店舗(画面内),-,年間実績_減価償却費 - 年間予算_減価償却費,-,"年間予実対比（予実対比）.年間実績_減価償却費, 年間予実対比（予実対比）.年間予算_減価償却費",既存(V89/V69),369
3次,本部管理者,年間予実対比（予実対比）,分析画面,,,年間予実差額_販促費,,,L2-S,単店舗(画面内),-,年間実績_販促費 - 年間予算_販促費,-,"年間予実対比（予実対比）.年間実績_販促費, 年間予実対比（予実対比）.年間予算_販促費",既存(V89/V69),370
3次,本部管理者,年間予実対比（予実対比）,分析画面,,,年間予実差額_資材費,,,L2-S,単店舗(画面内),-,年間実績_資材費 - 年間予算_資材費,-,"年間予実対比（予実対比）.年間実績_資材費, 年間予実対比（予実対比）.年間予算_資材費",既存(V89/V69),371
3次,本部管理者,年間予実対比（予実対比）,分析画面,,,年間予実差額_借入金返済,,,L2-S,単店舗(画面内),-,年間実績_借入金返済 - 年間予算_借入金返済,-,"年間予実対比（予実対比）.年間実績_借入金返済, 年間予実対比（予実対比）.年間予算_借入金返済",既存(V89/V69),372
3次,本部管理者,年間予実対比（予実対比）,分析画面,,,年間予実差額_IT費用,,,L2-S,単店舗(画面内),-,年間実績_IT費用 - 年間予算_IT費用,-,"年間予実対比（予実対比）.年間実績_IT費用, 年間予実対比（予実対比）.年間予算_IT費用",既存(V89/V69),373
3次,本部管理者,年間予実対比（予実対比）,分析画面,,,年間予実差額_ラクミー利用料,,,L2-S,単店舗(画面内),-,年間実績_ラクミー利用料 - 年間予算_ラクミー利用料,-,"年間予実対比（予実対比）.年間実績_ラクミー利用料, 年間予実対比（予実対比）.年間予算_ラクミー利用料",既存(V89/V69),374
3次,本部管理者,年間予実対比（予実対比）,分析画面,,,年間予実差額_レジ利用料,,,L2-S,単店舗(画面内),-,年間実績_レジ利用料 - 年間予算_レジ利用料,-,"年間予実対比（予実対比）.年間実績_レジ利用料, 年間予実対比（予実対比）.年間予算_レジ利用料",既存(V89/V69),375
3次,本部管理者,年間予実対比（予実対比）,分析画面,,,年間予実差額_クレジットカード手数料,,,L2-S,単店舗(画面内),-,年間実績_クレジットカード手数料 - 年間予算_クレジットカード手数料,-,"年間予実対比（予実対比）.年間実績_クレジットカード手数料, 年間予実対比（予実対比）.年間予算_クレジットカード手数料",既存(V89/V69),376
3次,本部管理者,年間予実対比（予実対比）,分析画面,,,年間予実差額_お花代,,,L2-S,単店舗(画面内),-,年間実績_お花代 - 年間予算_お花代,-,"年間予実対比（予実対比）.年間実績_お花代, 年間予実対比（予実対比）.年間予算_お花代",既存(V89/V69),377
3次,本部管理者,年間予実対比（予実対比）,分析画面,,,年間予実差額_営業利益,,,L2-S,単店舗(画面内),-,年間実績_営業利益 - 年間予算_営業利益,-,"年間予実対比（予実対比）.年間実績_営業利益, 年間予実対比（予実対比）.年間予算_営業利益",既存(V89/V69),378
3次,本部管理者,年間予実対比（予実対比）,分析画面,,,年間予算対比率_総売上 計,,,L2-S,単店舗(画面内),-,年間実績_総売上 計 ÷ 年間予算_総売上 計 × 100,-,"年間予実対比（予実対比）.年間実績_総売上 計, 年間予実対比（予実対比）.年間予算_総売上 計",既存(V89/V69),379
3次,本部管理者,年間予実対比（予実対比）,分析画面,,,年間予算対比率_フード売上 計,,,L2-S,単店舗(画面内),-,年間実績_フード売上 計 ÷ 年間予算_フード売上 計 × 100,-,"年間予実対比（予実対比）.年間実績_フード売上 計, 年間予実対比（予実対比）.年間予算_フード売上 計",既存(V89/V69),380
3次,本部管理者,年間予実対比（予実対比）,分析画面,,,年間予算対比率_フード売上ランチ,,,L2-S,単店舗(画面内),-,年間実績_フード売上ランチ ÷ 年間予算_フード売上ランチ × 100,-,"年間予実対比（予実対比）.年間実績_フード売上ランチ, 年間予実対比（予実対比）.年間予算_フード売上ランチ",既存(V89/V69),381
3次,本部管理者,年間予実対比（予実対比）,分析画面,,,年間予算対比率_フード売上ディナー,,,L2-S,単店舗(画面内),-,年間実績_フード売上ディナー ÷ 年間予算_フード売上ディナー × 100,-,"年間予実対比（予実対比）.年間実績_フード売上ディナー, 年間予実対比（予実対比）.年間予算_フード売上ディナー",既存(V89/V69),382
3次,本部管理者,年間予実対比（予実対比）,分析画面,,,年間予算対比率_ドリンク売上 計,,,L2-S,単店舗(画面内),-,年間実績_ドリンク売上 計 ÷ 年間予算_ドリンク売上 計 × 100,-,"年間予実対比（予実対比）.年間実績_ドリンク売上 計, 年間予実対比（予実対比）.年間予算_ドリンク売上 計",既存(V89/V69),383
3次,本部管理者,年間予実対比（予実対比）,分析画面,,,年間予算対比率_ドリンク売上ランチ,,,L2-S,単店舗(画面内),-,年間実績_ドリンク売上ランチ ÷ 年間予算_ドリンク売上ランチ × 100,-,"年間予実対比（予実対比）.年間実績_ドリンク売上ランチ, 年間予実対比（予実対比）.年間予算_ドリンク売上ランチ",既存(V89/V69),384
3次,本部管理者,年間予実対比（予実対比）,分析画面,,,年間予算対比率_ドリンク売上ディナー,,,L2-S,単店舗(画面内),-,年間実績_ドリンク売上ディナー ÷ 年間予算_ドリンク売上ディナー × 100,-,"年間予実対比（予実対比）.年間実績_ドリンク売上ディナー, 年間予実対比（予実対比）.年間予算_ドリンク売上ディナー",既存(V89/V69),385
3次,本部管理者,年間予実対比（予実対比）,分析画面,,,年間予算対比率_その他売上 計,,,L2-S,単店舗(画面内),-,年間実績_その他売上 計 ÷ 年間予算_その他売上 計 × 100,-,"年間予実対比（予実対比）.年間実績_その他売上 計, 年間予実対比（予実対比）.年間予算_その他売上 計",既存(V89/V69),386
3次,本部管理者,年間予実対比（予実対比）,分析画面,,,年間予算対比率_その他売上ランチ,,,L2-S,単店舗(画面内),-,年間実績_その他売上ランチ ÷ 年間予算_その他売上ランチ × 100,-,"年間予実対比（予実対比）.年間実績_その他売上ランチ, 年間予実対比（予実対比）.年間予算_その他売上ランチ",既存(V89/V69),387
3次,本部管理者,年間予実対比（予実対比）,分析画面,,,年間予算対比率_その他売上ディナー,,,L2-S,単店舗(画面内),-,年間実績_その他売上ディナー ÷ 年間予算_その他売上ディナー × 100,-,"年間予実対比（予実対比）.年間実績_その他売上ディナー, 年間予実対比（予実対比）.年間予算_その他売上ディナー",既存(V89/V69),388
3次,本部管理者,年間予実対比（予実対比）,分析画面,,,年間予算対比率_FLコスト 計,,,L2-S,単店舗(画面内),-,年間実績_FLコスト 計 ÷ 年間予算_FLコスト 計 × 100,-,"年間予実対比（予実対比）.年間実績_FLコスト 計, 年間予実対比（予実対比）.年間予算_FLコスト 計",既存(V89/V69),389
3次,本部管理者,年間予実対比（予実対比）,分析画面,,,年間予算対比率_FD仕入 計,,,L2-S,単店舗(画面内),-,年間実績_FD仕入 計 ÷ 年間予算_FD仕入 計 × 100,-,"年間予実対比（予実対比）.年間実績_FD仕入 計, 年間予実対比（予実対比）.年間予算_FD仕入 計",既存(V89/V69),390
3次,本部管理者,年間予実対比（予実対比）,分析画面,,,年間予算対比率_フード仕入,,,L2-S,単店舗(画面内),-,年間実績_フード仕入 ÷ 年間予算_フード仕入 × 100,-,"年間予実対比（予実対比）.年間実績_フード仕入, 年間予実対比（予実対比）.年間予算_フード仕入",既存(V89/V69),391
3次,本部管理者,年間予実対比（予実対比）,分析画面,,,年間予算対比率_ドリンク仕入,,,L2-S,単店舗(画面内),-,年間実績_ドリンク仕入 ÷ 年間予算_ドリンク仕入 × 100,-,"年間予実対比（予実対比）.年間実績_ドリンク仕入, 年間予実対比（予実対比）.年間予算_ドリンク仕入",既存(V89/V69),392
3次,本部管理者,年間予実対比（予実対比）,分析画面,,,年間予算対比率_人件費 計,,,L2-S,単店舗(画面内),-,年間実績_人件費 計 ÷ 年間予算_人件費 計 × 100,-,"年間予実対比（予実対比）.年間実績_人件費 計, 年間予実対比（予実対比）.年間予算_人件費 計",既存(V89/V69),393
3次,本部管理者,年間予実対比（予実対比）,分析画面,,,年間予算対比率_固定人件費,,,L2-S,単店舗(画面内),-,年間実績_固定人件費 ÷ 年間予算_固定人件費 × 100,-,"年間予実対比（予実対比）.年間実績_固定人件費, 年間予実対比（予実対比）.年間予算_固定人件費",既存(V89/V69),394
3次,本部管理者,年間予実対比（予実対比）,分析画面,,,年間予算対比率_PA人件費,,,L2-S,単店舗(画面内),-,年間実績_PA人件費 ÷ 年間予算_PA人件費 × 100,-,"年間予実対比（予実対比）.年間実績_PA人件費, 年間予実対比（予実対比）.年間予算_PA人件費",既存(V89/V69),395
3次,本部管理者,年間予実対比（予実対比）,分析画面,,,年間予算対比率_社員人件費,,,L2-S,単店舗(画面内),-,年間実績_社員人件費 ÷ 年間予算_社員人件費 × 100,-,"年間予実対比（予実対比）.年間実績_社員人件費, 年間予実対比（予実対比）.年間予算_社員人件費",既存(V89/V69),396
3次,本部管理者,年間予実対比（予実対比）,分析画面,,,年間予算対比率_ヘルプ人件費,,,L2-S,単店舗(画面内),-,年間実績_ヘルプ人件費 ÷ 年間予算_ヘルプ人件費 × 100,-,"年間予実対比（予実対比）.年間実績_ヘルプ人件費, 年間予実対比（予実対比）.年間予算_ヘルプ人件費",既存(V89/V69),397
3次,本部管理者,年間予実対比（予実対比）,分析画面,,,年間予算対比率_その他経費 計,,,L2-S,単店舗(画面内),-,年間実績_その他経費 計 ÷ 年間予算_その他経費 計 × 100,-,"年間予実対比（予実対比）.年間実績_その他経費 計, 年間予実対比（予実対比）.年間予算_その他経費 計",既存(V89/V69),398
3次,本部管理者,年間予実対比（予実対比）,分析画面,,,年間予算対比率_地代家賃,,,L2-S,単店舗(画面内),-,年間実績_地代家賃 ÷ 年間予算_地代家賃 × 100,-,"年間予実対比（予実対比）.年間実績_地代家賃, 年間予実対比（予実対比）.年間予算_地代家賃",既存(V89/V69),399
3次,本部管理者,年間予実対比（予実対比）,分析画面,,,年間予算対比率_家賃（変動分）,,,L2-S,単店舗(画面内),-,年間実績_家賃（変動分） ÷ 年間予算_家賃（変動分） × 100,-,"年間予実対比（予実対比）.年間実績_家賃（変動分）, 年間予実対比（予実対比）.年間予算_家賃（変動分）",既存(V89/V69),400
3次,本部管理者,年間予実対比（予実対比）,分析画面,,,年間予算対比率_水道光熱費,,,L2-S,単店舗(画面内),-,年間実績_水道光熱費 ÷ 年間予算_水道光熱費 × 100,-,"年間予実対比（予実対比）.年間実績_水道光熱費, 年間予実対比（予実対比）.年間予算_水道光熱費",既存(V89/V69),401
3次,本部管理者,年間予実対比（予実対比）,分析画面,,,年間予算対比率_電気代,,,L2-S,単店舗(画面内),-,年間実績_電気代 ÷ 年間予算_電気代 × 100,-,"年間予実対比（予実対比）.年間実績_電気代, 年間予実対比（予実対比）.年間予算_電気代",既存(V89/V69),402
3次,本部管理者,年間予実対比（予実対比）,分析画面,,,年間予算対比率_ガス代,,,L2-S,単店舗(画面内),-,年間実績_ガス代 ÷ 年間予算_ガス代 × 100,-,"年間予実対比（予実対比）.年間実績_ガス代, 年間予実対比（予実対比）.年間予算_ガス代",既存(V89/V69),403
3次,本部管理者,年間予実対比（予実対比）,分析画面,,,年間予算対比率_水道代,,,L2-S,単店舗(画面内),-,年間実績_水道代 ÷ 年間予算_水道代 × 100,-,"年間予実対比（予実対比）.年間実績_水道代, 年間予実対比（予実対比）.年間予算_水道代",既存(V89/V69),404
3次,本部管理者,年間予実対比（予実対比）,分析画面,,,年間予算対比率_減価償却費,,,L2-S,単店舗(画面内),-,年間実績_減価償却費 ÷ 年間予算_減価償却費 × 100,-,"年間予実対比（予実対比）.年間実績_減価償却費, 年間予実対比（予実対比）.年間予算_減価償却費",既存(V89/V69),405
3次,本部管理者,年間予実対比（予実対比）,分析画面,,,年間予算対比率_販促費,,,L2-S,単店舗(画面内),-,年間実績_販促費 ÷ 年間予算_販促費 × 100,-,"年間予実対比（予実対比）.年間実績_販促費, 年間予実対比（予実対比）.年間予算_販促費",既存(V89/V69),406
3次,本部管理者,年間予実対比（予実対比）,分析画面,,,年間予算対比率_資材費,,,L2-S,単店舗(画面内),-,年間実績_資材費 ÷ 年間予算_資材費 × 100,-,"年間予実対比（予実対比）.年間実績_資材費, 年間予実対比（予実対比）.年間予算_資材費",既存(V89/V69),407
3次,本部管理者,年間予実対比（予実対比）,分析画面,,,年間予算対比率_借入金返済,,,L2-S,単店舗(画面内),-,年間実績_借入金返済 ÷ 年間予算_借入金返済 × 100,-,"年間予実対比（予実対比）.年間実績_借入金返済, 年間予実対比（予実対比）.年間予算_借入金返済",既存(V89/V69),408
3次,本部管理者,年間予実対比（予実対比）,分析画面,,,年間予算対比率_IT費用,,,L2-S,単店舗(画面内),-,年間実績_IT費用 ÷ 年間予算_IT費用 × 100,-,"年間予実対比（予実対比）.年間実績_IT費用, 年間予実対比（予実対比）.年間予算_IT費用",既存(V89/V69),409
3次,本部管理者,年間予実対比（予実対比）,分析画面,,,年間予算対比率_ラクミー利用料,,,L2-S,単店舗(画面内),-,年間実績_ラクミー利用料 ÷ 年間予算_ラクミー利用料 × 100,-,"年間予実対比（予実対比）.年間実績_ラクミー利用料, 年間予実対比（予実対比）.年間予算_ラクミー利用料",既存(V89/V69),410
3次,本部管理者,年間予実対比（予実対比）,分析画面,,,年間予算対比率_レジ利用料,,,L2-S,単店舗(画面内),-,年間実績_レジ利用料 ÷ 年間予算_レジ利用料 × 100,-,"年間予実対比（予実対比）.年間実績_レジ利用料, 年間予実対比（予実対比）.年間予算_レジ利用料",既存(V89/V69),411
3次,本部管理者,年間予実対比（予実対比）,分析画面,,,年間予算対比率_クレジットカード手数料,,,L2-S,単店舗(画面内),-,年間実績_クレジットカード手数料 ÷ 年間予算_クレジットカード手数料 × 100,-,"年間予実対比（予実対比）.年間実績_クレジットカード手数料, 年間予実対比（予実対比）.年間予算_クレジットカード手数料",既存(V89/V69),412
3次,本部管理者,年間予実対比（予実対比）,分析画面,,,年間予算対比率_お花代,,,L2-S,単店舗(画面内),-,年間実績_お花代 ÷ 年間予算_お花代 × 100,-,"年間予実対比（予実対比）.年間実績_お花代, 年間予実対比（予実対比）.年間予算_お花代",既存(V89/V69),413
3次,本部管理者,年間予実対比（予実対比）,分析画面,,,年間予算対比率_営業利益,,,L2-S,単店舗(画面内),-,年間実績_営業利益 ÷ 年間予算_営業利益 × 100,-,"年間予実対比（予実対比）.年間実績_営業利益, 年間予実対比（予実対比）.年間予算_営業利益",既存(V89/V69),414
3次,本部管理者,年間予実対比（予実対比）,分析画面,,,年間予算構成比_総売上 計,,,L2-S,単店舗(画面内),-,年間予算_総売上 計 ÷ 年間予算_総売上 計 × 100,-,"年間予実対比（予実対比）.年間予算_総売上 計, 年間予実対比（予実対比）.年間予算_総売上 計",既存(V89/V69),415
3次,本部管理者,年間予実対比（予実対比）,分析画面,,,年間予算構成比_フード売上 計,,,L2-S,単店舗(画面内),-,年間予算_フード売上 計 ÷ 年間予算_総売上 計 × 100,-,"年間予実対比（予実対比）.年間予算_フード売上 計, 年間予実対比（予実対比）.年間予算_総売上 計",既存(V89/V69),416
3次,本部管理者,年間予実対比（予実対比）,分析画面,,,年間予算構成比_フード売上ランチ,,,L2-S,単店舗(画面内),-,年間予算_フード売上ランチ ÷ 年間予算_総売上 計 × 100,-,"年間予実対比（予実対比）.年間予算_フード売上ランチ, 年間予実対比（予実対比）.年間予算_総売上 計",既存(V89/V69),417
3次,本部管理者,年間予実対比（予実対比）,分析画面,,,年間予算構成比_フード売上ディナー,,,L2-S,単店舗(画面内),-,年間予算_フード売上ディナー ÷ 年間予算_総売上 計 × 100,-,"年間予実対比（予実対比）.年間予算_フード売上ディナー, 年間予実対比（予実対比）.年間予算_総売上 計",既存(V89/V69),418
3次,本部管理者,年間予実対比（予実対比）,分析画面,,,年間予算構成比_ドリンク売上 計,,,L2-S,単店舗(画面内),-,年間予算_ドリンク売上 計 ÷ 年間予算_総売上 計 × 100,-,"年間予実対比（予実対比）.年間予算_ドリンク売上 計, 年間予実対比（予実対比）.年間予算_総売上 計",既存(V89/V69),419
3次,本部管理者,年間予実対比（予実対比）,分析画面,,,年間予算構成比_ドリンク売上ランチ,,,L2-S,単店舗(画面内),-,年間予算_ドリンク売上ランチ ÷ 年間予算_総売上 計 × 100,-,"年間予実対比（予実対比）.年間予算_ドリンク売上ランチ, 年間予実対比（予実対比）.年間予算_総売上 計",既存(V89/V69),420
3次,本部管理者,年間予実対比（予実対比）,分析画面,,,年間予算構成比_ドリンク売上ディナー,,,L2-S,単店舗(画面内),-,年間予算_ドリンク売上ディナー ÷ 年間予算_総売上 計 × 100,-,"年間予実対比（予実対比）.年間予算_ドリンク売上ディナー, 年間予実対比（予実対比）.年間予算_総売上 計",既存(V89/V69),421
3次,本部管理者,年間予実対比（予実対比）,分析画面,,,年間予算構成比_その他売上 計,,,L2-S,単店舗(画面内),-,年間予算_その他売上 計 ÷ 年間予算_総売上 計 × 100,-,"年間予実対比（予実対比）.年間予算_その他売上 計, 年間予実対比（予実対比）.年間予算_総売上 計",既存(V89/V69),422
3次,本部管理者,年間予実対比（予実対比）,分析画面,,,年間予算構成比_その他売上ランチ,,,L2-S,単店舗(画面内),-,年間予算_その他売上ランチ ÷ 年間予算_総売上 計 × 100,-,"年間予実対比（予実対比）.年間予算_その他売上ランチ, 年間予実対比（予実対比）.年間予算_総売上 計",既存(V89/V69),423
3次,本部管理者,年間予実対比（予実対比）,分析画面,,,年間予算構成比_その他売上ディナー,,,L2-S,単店舗(画面内),-,年間予算_その他売上ディナー ÷ 年間予算_総売上 計 × 100,-,"年間予実対比（予実対比）.年間予算_その他売上ディナー, 年間予実対比（予実対比）.年間予算_総売上 計",既存(V89/V69),424
3次,本部管理者,年間予実対比（予実対比）,分析画面,,,年間予算構成比_FLコスト 計,,,L2-S,単店舗(画面内),-,年間予算_FLコスト 計 ÷ 年間予算_総売上 計 × 100,-,"年間予実対比（予実対比）.年間予算_FLコスト 計, 年間予実対比（予実対比）.年間予算_総売上 計",既存(V89/V69),425
3次,本部管理者,年間予実対比（予実対比）,分析画面,,,年間予算構成比_FD仕入 計,,,L2-S,単店舗(画面内),-,年間予算_FD仕入 計 ÷ 年間予算_総売上 計 × 100,-,"年間予実対比（予実対比）.年間予算_FD仕入 計, 年間予実対比（予実対比）.年間予算_総売上 計",既存(V89/V69),426
3次,本部管理者,年間予実対比（予実対比）,分析画面,,,年間予算構成比_フード仕入,,,L2-S,単店舗(画面内),-,年間予算_フード仕入 ÷ 年間予算_総売上 計 × 100,-,"年間予実対比（予実対比）.年間予算_フード仕入, 年間予実対比（予実対比）.年間予算_総売上 計",既存(V89/V69),427
3次,本部管理者,年間予実対比（予実対比）,分析画面,,,年間予算構成比_ドリンク仕入,,,L2-S,単店舗(画面内),-,年間予算_ドリンク仕入 ÷ 年間予算_総売上 計 × 100,-,"年間予実対比（予実対比）.年間予算_ドリンク仕入, 年間予実対比（予実対比）.年間予算_総売上 計",既存(V89/V69),428
3次,本部管理者,年間予実対比（予実対比）,分析画面,,,年間予算構成比_人件費 計,,,L2-S,単店舗(画面内),-,年間予算_人件費 計 ÷ 年間予算_総売上 計 × 100,-,"年間予実対比（予実対比）.年間予算_人件費 計, 年間予実対比（予実対比）.年間予算_総売上 計",既存(V89/V69),429
3次,本部管理者,年間予実対比（予実対比）,分析画面,,,年間予算構成比_固定人件費,,,L2-S,単店舗(画面内),-,年間予算_固定人件費 ÷ 年間予算_総売上 計 × 100,-,"年間予実対比（予実対比）.年間予算_固定人件費, 年間予実対比（予実対比）.年間予算_総売上 計",既存(V89/V69),430
3次,本部管理者,年間予実対比（予実対比）,分析画面,,,年間予算構成比_PA人件費,,,L2-S,単店舗(画面内),-,年間予算_PA人件費 ÷ 年間予算_総売上 計 × 100,-,"年間予実対比（予実対比）.年間予算_PA人件費, 年間予実対比（予実対比）.年間予算_総売上 計",既存(V89/V69),431
3次,本部管理者,年間予実対比（予実対比）,分析画面,,,年間予算構成比_社員人件費,,,L2-S,単店舗(画面内),-,年間予算_社員人件費 ÷ 年間予算_総売上 計 × 100,-,"年間予実対比（予実対比）.年間予算_社員人件費, 年間予実対比（予実対比）.年間予算_総売上 計",既存(V89/V69),432
3次,本部管理者,年間予実対比（予実対比）,分析画面,,,年間予算構成比_ヘルプ人件費,,,L2-S,単店舗(画面内),-,年間予算_ヘルプ人件費 ÷ 年間予算_総売上 計 × 100,-,"年間予実対比（予実対比）.年間予算_ヘルプ人件費, 年間予実対比（予実対比）.年間予算_総売上 計",既存(V89/V69),433
3次,本部管理者,年間予実対比（予実対比）,分析画面,,,年間予算構成比_その他経費 計,,,L2-S,単店舗(画面内),-,年間予算_その他経費 計 ÷ 年間予算_総売上 計 × 100,-,"年間予実対比（予実対比）.年間予算_その他経費 計, 年間予実対比（予実対比）.年間予算_総売上 計",既存(V89/V69),434
3次,本部管理者,年間予実対比（予実対比）,分析画面,,,年間予算構成比_地代家賃,,,L2-S,単店舗(画面内),-,年間予算_地代家賃 ÷ 年間予算_総売上 計 × 100,-,"年間予実対比（予実対比）.年間予算_地代家賃, 年間予実対比（予実対比）.年間予算_総売上 計",既存(V89/V69),435
3次,本部管理者,年間予実対比（予実対比）,分析画面,,,年間予算構成比_家賃（変動分）,,,L2-S,単店舗(画面内),-,年間予算_家賃（変動分） ÷ 年間予算_総売上 計 × 100,-,"年間予実対比（予実対比）.年間予算_家賃（変動分）, 年間予実対比（予実対比）.年間予算_総売上 計",既存(V89/V69),436
3次,本部管理者,年間予実対比（予実対比）,分析画面,,,年間予算構成比_水道光熱費,,,L2-S,単店舗(画面内),-,年間予算_水道光熱費 ÷ 年間予算_総売上 計 × 100,-,"年間予実対比（予実対比）.年間予算_水道光熱費, 年間予実対比（予実対比）.年間予算_総売上 計",既存(V89/V69),437
3次,本部管理者,年間予実対比（予実対比）,分析画面,,,年間予算構成比_電気代,,,L2-S,単店舗(画面内),-,年間予算_電気代 ÷ 年間予算_総売上 計 × 100,-,"年間予実対比（予実対比）.年間予算_電気代, 年間予実対比（予実対比）.年間予算_総売上 計",既存(V89/V69),438
3次,本部管理者,年間予実対比（予実対比）,分析画面,,,年間予算構成比_ガス代,,,L2-S,単店舗(画面内),-,年間予算_ガス代 ÷ 年間予算_総売上 計 × 100,-,"年間予実対比（予実対比）.年間予算_ガス代, 年間予実対比（予実対比）.年間予算_総売上 計",既存(V89/V69),439
3次,本部管理者,年間予実対比（予実対比）,分析画面,,,年間予算構成比_水道代,,,L2-S,単店舗(画面内),-,年間予算_水道代 ÷ 年間予算_総売上 計 × 100,-,"年間予実対比（予実対比）.年間予算_水道代, 年間予実対比（予実対比）.年間予算_総売上 計",既存(V89/V69),440
3次,本部管理者,年間予実対比（予実対比）,分析画面,,,年間予算構成比_減価償却費,,,L2-S,単店舗(画面内),-,年間予算_減価償却費 ÷ 年間予算_総売上 計 × 100,-,"年間予実対比（予実対比）.年間予算_減価償却費, 年間予実対比（予実対比）.年間予算_総売上 計",既存(V89/V69),441
3次,本部管理者,年間予実対比（予実対比）,分析画面,,,年間予算構成比_販促費,,,L2-S,単店舗(画面内),-,年間予算_販促費 ÷ 年間予算_総売上 計 × 100,-,"年間予実対比（予実対比）.年間予算_販促費, 年間予実対比（予実対比）.年間予算_総売上 計",既存(V89/V69),442
3次,本部管理者,年間予実対比（予実対比）,分析画面,,,年間予算構成比_資材費,,,L2-S,単店舗(画面内),-,年間予算_資材費 ÷ 年間予算_総売上 計 × 100,-,"年間予実対比（予実対比）.年間予算_資材費, 年間予実対比（予実対比）.年間予算_総売上 計",既存(V89/V69),443
3次,本部管理者,年間予実対比（予実対比）,分析画面,,,年間予算構成比_借入金返済,,,L2-S,単店舗(画面内),-,年間予算_借入金返済 ÷ 年間予算_総売上 計 × 100,-,"年間予実対比（予実対比）.年間予算_借入金返済, 年間予実対比（予実対比）.年間予算_総売上 計",既存(V89/V69),444
3次,本部管理者,年間予実対比（予実対比）,分析画面,,,年間予算構成比_IT費用,,,L2-S,単店舗(画面内),-,年間予算_IT費用 ÷ 年間予算_総売上 計 × 100,-,"年間予実対比（予実対比）.年間予算_IT費用, 年間予実対比（予実対比）.年間予算_総売上 計",既存(V89/V69),445
3次,本部管理者,年間予実対比（予実対比）,分析画面,,,年間予算構成比_ラクミー利用料,,,L2-S,単店舗(画面内),-,年間予算_ラクミー利用料 ÷ 年間予算_総売上 計 × 100,-,"年間予実対比（予実対比）.年間予算_ラクミー利用料, 年間予実対比（予実対比）.年間予算_総売上 計",既存(V89/V69),446
3次,本部管理者,年間予実対比（予実対比）,分析画面,,,年間予算構成比_レジ利用料,,,L2-S,単店舗(画面内),-,年間予算_レジ利用料 ÷ 年間予算_総売上 計 × 100,-,"年間予実対比（予実対比）.年間予算_レジ利用料, 年間予実対比（予実対比）.年間予算_総売上 計",既存(V89/V69),447
3次,本部管理者,年間予実対比（予実対比）,分析画面,,,年間予算構成比_クレジットカード手数料,,,L2-S,単店舗(画面内),-,年間予算_クレジットカード手数料 ÷ 年間予算_総売上 計 × 100,-,"年間予実対比（予実対比）.年間予算_クレジットカード手数料, 年間予実対比（予実対比）.年間予算_総売上 計",既存(V89/V69),448
3次,本部管理者,年間予実対比（予実対比）,分析画面,,,年間予算構成比_お花代,,,L2-S,単店舗(画面内),-,年間予算_お花代 ÷ 年間予算_総売上 計 × 100,-,"年間予実対比（予実対比）.年間予算_お花代, 年間予実対比（予実対比）.年間予算_総売上 計",既存(V89/V69),449
3次,本部管理者,年間予実対比（予実対比）,分析画面,,,年間予算構成比_営業利益,,,L2-S,単店舗(画面内),-,年間予算_営業利益 ÷ 年間予算_総売上 計 × 100,-,"年間予実対比（予実対比）.年間予算_営業利益, 年間予実対比（予実対比）.年間予算_総売上 計",既存(V89/V69),450
3次,本部管理者,年間予実対比（予実対比）,分析画面,,,年間構成比_総売上 計,,,L2-S,単店舗(画面内),-,年間実績_総売上 計 ÷ 年間実績_総売上 計 × 100,-,"年間予実対比（予実対比）.年間実績_総売上 計, 年間予実対比（予実対比）.年間実績_総売上 計",既存(V89/V69),451
3次,本部管理者,年間予実対比（予実対比）,分析画面,,,年間構成比_フード売上 計,,,L2-S,単店舗(画面内),-,年間実績_フード売上 計 ÷ 年間実績_総売上 計 × 100,-,"年間予実対比（予実対比）.年間実績_フード売上 計, 年間予実対比（予実対比）.年間実績_総売上 計",既存(V89/V69),452
3次,本部管理者,年間予実対比（予実対比）,分析画面,,,年間構成比_フード売上ランチ,,,L2-S,単店舗(画面内),-,年間実績_フード売上ランチ ÷ 年間実績_総売上 計 × 100,-,"年間予実対比（予実対比）.年間実績_フード売上ランチ, 年間予実対比（予実対比）.年間実績_総売上 計",既存(V89/V69),453
3次,本部管理者,年間予実対比（予実対比）,分析画面,,,年間構成比_フード売上ディナー,,,L2-S,単店舗(画面内),-,年間実績_フード売上ディナー ÷ 年間実績_総売上 計 × 100,-,"年間予実対比（予実対比）.年間実績_フード売上ディナー, 年間予実対比（予実対比）.年間実績_総売上 計",既存(V89/V69),454
3次,本部管理者,年間予実対比（予実対比）,分析画面,,,年間構成比_ドリンク売上 計,,,L2-S,単店舗(画面内),-,年間実績_ドリンク売上 計 ÷ 年間実績_総売上 計 × 100,-,"年間予実対比（予実対比）.年間実績_ドリンク売上 計, 年間予実対比（予実対比）.年間実績_総売上 計",既存(V89/V69),455
3次,本部管理者,年間予実対比（予実対比）,分析画面,,,年間構成比_ドリンク売上ランチ,,,L2-S,単店舗(画面内),-,年間実績_ドリンク売上ランチ ÷ 年間実績_総売上 計 × 100,-,"年間予実対比（予実対比）.年間実績_ドリンク売上ランチ, 年間予実対比（予実対比）.年間実績_総売上 計",既存(V89/V69),456
3次,本部管理者,年間予実対比（予実対比）,分析画面,,,年間構成比_ドリンク売上ディナー,,,L2-S,単店舗(画面内),-,年間実績_ドリンク売上ディナー ÷ 年間実績_総売上 計 × 100,-,"年間予実対比（予実対比）.年間実績_ドリンク売上ディナー, 年間予実対比（予実対比）.年間実績_総売上 計",既存(V89/V69),457
3次,本部管理者,年間予実対比（予実対比）,分析画面,,,年間構成比_その他売上 計,,,L2-S,単店舗(画面内),-,年間実績_その他売上 計 ÷ 年間実績_総売上 計 × 100,-,"年間予実対比（予実対比）.年間実績_その他売上 計, 年間予実対比（予実対比）.年間実績_総売上 計",既存(V89/V69),458
3次,本部管理者,年間予実対比（予実対比）,分析画面,,,年間構成比_その他売上ランチ,,,L2-S,単店舗(画面内),-,年間実績_その他売上ランチ ÷ 年間実績_総売上 計 × 100,-,"年間予実対比（予実対比）.年間実績_その他売上ランチ, 年間予実対比（予実対比）.年間実績_総売上 計",既存(V89/V69),459
3次,本部管理者,年間予実対比（予実対比）,分析画面,,,年間構成比_その他売上ディナー,,,L2-S,単店舗(画面内),-,年間実績_その他売上ディナー ÷ 年間実績_総売上 計 × 100,-,"年間予実対比（予実対比）.年間実績_その他売上ディナー, 年間予実対比（予実対比）.年間実績_総売上 計",既存(V89/V69),460
3次,本部管理者,年間予実対比（予実対比）,分析画面,,,年間構成比_FLコスト 計,,,L2-S,単店舗(画面内),-,年間実績_FLコスト 計 ÷ 年間実績_総売上 計 × 100,-,"年間予実対比（予実対比）.年間実績_FLコスト 計, 年間予実対比（予実対比）.年間実績_総売上 計",既存(V89/V69),461
3次,本部管理者,年間予実対比（予実対比）,分析画面,,,年間構成比_FD仕入 計,,,L2-S,単店舗(画面内),-,年間実績_FD仕入 計 ÷ 年間実績_総売上 計 × 100,-,"年間予実対比（予実対比）.年間実績_FD仕入 計, 年間予実対比（予実対比）.年間実績_総売上 計",既存(V89/V69),462
3次,本部管理者,年間予実対比（予実対比）,分析画面,,,年間構成比_フード仕入,,,L2-S,単店舗(画面内),-,年間実績_フード仕入 ÷ 年間実績_総売上 計 × 100,-,"年間予実対比（予実対比）.年間実績_フード仕入, 年間予実対比（予実対比）.年間実績_総売上 計",既存(V89/V69),463
3次,本部管理者,年間予実対比（予実対比）,分析画面,,,年間構成比_ドリンク仕入,,,L2-S,単店舗(画面内),-,年間実績_ドリンク仕入 ÷ 年間実績_総売上 計 × 100,-,"年間予実対比（予実対比）.年間実績_ドリンク仕入, 年間予実対比（予実対比）.年間実績_総売上 計",既存(V89/V69),464
3次,本部管理者,年間予実対比（予実対比）,分析画面,,,年間構成比_人件費 計,,,L2-S,単店舗(画面内),-,年間実績_人件費 計 ÷ 年間実績_総売上 計 × 100,-,"年間予実対比（予実対比）.年間実績_人件費 計, 年間予実対比（予実対比）.年間実績_総売上 計",既存(V89/V69),465
3次,本部管理者,年間予実対比（予実対比）,分析画面,,,年間構成比_固定人件費,,,L2-S,単店舗(画面内),-,年間実績_固定人件費 ÷ 年間実績_総売上 計 × 100,-,"年間予実対比（予実対比）.年間実績_固定人件費, 年間予実対比（予実対比）.年間実績_総売上 計",既存(V89/V69),466
3次,本部管理者,年間予実対比（予実対比）,分析画面,,,年間構成比_PA人件費,,,L2-S,単店舗(画面内),-,年間実績_PA人件費 ÷ 年間実績_総売上 計 × 100,-,"年間予実対比（予実対比）.年間実績_PA人件費, 年間予実対比（予実対比）.年間実績_総売上 計",既存(V89/V69),467
3次,本部管理者,年間予実対比（予実対比）,分析画面,,,年間構成比_社員人件費,,,L2-S,単店舗(画面内),-,年間実績_社員人件費 ÷ 年間実績_総売上 計 × 100,-,"年間予実対比（予実対比）.年間実績_社員人件費, 年間予実対比（予実対比）.年間実績_総売上 計",既存(V89/V69),468
3次,本部管理者,年間予実対比（予実対比）,分析画面,,,年間構成比_ヘルプ人件費,,,L2-S,単店舗(画面内),-,年間実績_ヘルプ人件費 ÷ 年間実績_総売上 計 × 100,-,"年間予実対比（予実対比）.年間実績_ヘルプ人件費, 年間予実対比（予実対比）.年間実績_総売上 計",既存(V89/V69),469
3次,本部管理者,年間予実対比（予実対比）,分析画面,,,年間構成比_その他経費 計,,,L2-S,単店舗(画面内),-,年間実績_その他経費 計 ÷ 年間実績_総売上 計 × 100,-,"年間予実対比（予実対比）.年間実績_その他経費 計, 年間予実対比（予実対比）.年間実績_総売上 計",既存(V89/V69),470
3次,本部管理者,年間予実対比（予実対比）,分析画面,,,年間構成比_地代家賃,,,L2-S,単店舗(画面内),-,年間実績_地代家賃 ÷ 年間実績_総売上 計 × 100,-,"年間予実対比（予実対比）.年間実績_地代家賃, 年間予実対比（予実対比）.年間実績_総売上 計",既存(V89/V69),471
3次,本部管理者,年間予実対比（予実対比）,分析画面,,,年間構成比_家賃（変動分）,,,L2-S,単店舗(画面内),-,年間実績_家賃（変動分） ÷ 年間実績_総売上 計 × 100,-,"年間予実対比（予実対比）.年間実績_家賃（変動分）, 年間予実対比（予実対比）.年間実績_総売上 計",既存(V89/V69),472
3次,本部管理者,年間予実対比（予実対比）,分析画面,,,年間構成比_水道光熱費,,,L2-S,単店舗(画面内),-,年間実績_水道光熱費 ÷ 年間実績_総売上 計 × 100,-,"年間予実対比（予実対比）.年間実績_水道光熱費, 年間予実対比（予実対比）.年間実績_総売上 計",既存(V89/V69),473
3次,本部管理者,年間予実対比（予実対比）,分析画面,,,年間構成比_電気代,,,L2-S,単店舗(画面内),-,年間実績_電気代 ÷ 年間実績_総売上 計 × 100,-,"年間予実対比（予実対比）.年間実績_電気代, 年間予実対比（予実対比）.年間実績_総売上 計",既存(V89/V69),474
3次,本部管理者,年間予実対比（予実対比）,分析画面,,,年間構成比_ガス代,,,L2-S,単店舗(画面内),-,年間実績_ガス代 ÷ 年間実績_総売上 計 × 100,-,"年間予実対比（予実対比）.年間実績_ガス代, 年間予実対比（予実対比）.年間実績_総売上 計",既存(V89/V69),475
3次,本部管理者,年間予実対比（予実対比）,分析画面,,,年間構成比_水道代,,,L2-S,単店舗(画面内),-,年間実績_水道代 ÷ 年間実績_総売上 計 × 100,-,"年間予実対比（予実対比）.年間実績_水道代, 年間予実対比（予実対比）.年間実績_総売上 計",既存(V89/V69),476
3次,本部管理者,年間予実対比（予実対比）,分析画面,,,年間構成比_減価償却費,,,L2-S,単店舗(画面内),-,年間実績_減価償却費 ÷ 年間実績_総売上 計 × 100,-,"年間予実対比（予実対比）.年間実績_減価償却費, 年間予実対比（予実対比）.年間実績_総売上 計",既存(V89/V69),477
3次,本部管理者,年間予実対比（予実対比）,分析画面,,,年間構成比_販促費,,,L2-S,単店舗(画面内),-,年間実績_販促費 ÷ 年間実績_総売上 計 × 100,-,"年間予実対比（予実対比）.年間実績_販促費, 年間予実対比（予実対比）.年間実績_総売上 計",既存(V89/V69),478
3次,本部管理者,年間予実対比（予実対比）,分析画面,,,年間構成比_資材費,,,L2-S,単店舗(画面内),-,年間実績_資材費 ÷ 年間実績_総売上 計 × 100,-,"年間予実対比（予実対比）.年間実績_資材費, 年間予実対比（予実対比）.年間実績_総売上 計",既存(V89/V69),479
3次,本部管理者,年間予実対比（予実対比）,分析画面,,,年間構成比_借入金返済,,,L2-S,単店舗(画面内),-,年間実績_借入金返済 ÷ 年間実績_総売上 計 × 100,-,"年間予実対比（予実対比）.年間実績_借入金返済, 年間予実対比（予実対比）.年間実績_総売上 計",既存(V89/V69),480
3次,本部管理者,年間予実対比（予実対比）,分析画面,,,年間構成比_IT費用,,,L2-S,単店舗(画面内),-,年間実績_IT費用 ÷ 年間実績_総売上 計 × 100,-,"年間予実対比（予実対比）.年間実績_IT費用, 年間予実対比（予実対比）.年間実績_総売上 計",既存(V89/V69),481
3次,本部管理者,年間予実対比（予実対比）,分析画面,,,年間構成比_ラクミー利用料,,,L2-S,単店舗(画面内),-,年間実績_ラクミー利用料 ÷ 年間実績_総売上 計 × 100,-,"年間予実対比（予実対比）.年間実績_ラクミー利用料, 年間予実対比（予実対比）.年間実績_総売上 計",既存(V89/V69),482
3次,本部管理者,年間予実対比（予実対比）,分析画面,,,年間構成比_レジ利用料,,,L2-S,単店舗(画面内),-,年間実績_レジ利用料 ÷ 年間実績_総売上 計 × 100,-,"年間予実対比（予実対比）.年間実績_レジ利用料, 年間予実対比（予実対比）.年間実績_総売上 計",既存(V89/V69),483
3次,本部管理者,年間予実対比（予実対比）,分析画面,,,年間構成比_クレジットカード手数料,,,L2-S,単店舗(画面内),-,年間実績_クレジットカード手数料 ÷ 年間実績_総売上 計 × 100,-,"年間予実対比（予実対比）.年間実績_クレジットカード手数料, 年間予実対比（予実対比）.年間実績_総売上 計",既存(V89/V69),484
3次,本部管理者,年間予実対比（予実対比）,分析画面,,,年間構成比_お花代,,,L2-S,単店舗(画面内),-,年間実績_お花代 ÷ 年間実績_総売上 計 × 100,-,"年間予実対比（予実対比）.年間実績_お花代, 年間予実対比（予実対比）.年間実績_総売上 計",既存(V89/V69),485
3次,本部管理者,年間予実対比（予実対比）,分析画面,,,年間構成比_営業利益,,,L2-S,単店舗(画面内),-,年間実績_営業利益 ÷ 年間実績_総売上 計 × 100,-,"年間予実対比（予実対比）.年間実績_営業利益, 年間予実対比（予実対比）.年間実績_総売上 計",既存(V89/V69),486
3次,本部管理者,店舗ラベル別サマリー,ダッシュボード表示画面,,,売上（税抜）,,,L2-L,ラベル別(画面内),店舗ラベルでグルーピングした主要指標サマリー。売上・コスト等の集計ディメンション,参照表示,-,[外部]ZTOTAL.sales_excluded,既存(V89/V69),189
3次,本部管理者,店舗別サマリー,ダッシュボード表示画面,,,売上（税抜）,,,L2-C,全店舗(画面内),店舗ごとの主要指標サマリー,参照表示,-,[外部]ZTOTAL.sales_excluded,既存(V89/V69),196
3次,本部管理者,当月実績,ダッシュボード表示画面,,,売上（税抜）,,,L2-C,全店舗(画面内),当月の実績サマリー,参照表示,-,[外部]ZTOTAL.sales_excluded,既存(V89/V69),203
3次,本部管理者,月次レポート,分析画面,,,原価（金額）,,,L2-C,全店舗(画面内),月次の経営レポート,前月在庫+仕入-当月在庫,-,月次レポート.仕入総額,既存(V89/V69),144
3次,本部管理者,月次レポート,分析画面,,,対象前月在庫（金額）,,,L2-C,全店舗(画面内),月次の経営レポート,マスタ参照,-,-,既存(V89/V69),146
3次,本部管理者,月次レポート,分析画面,,,対象月在庫（金額）,,,L2-C,全店舗(画面内),月次の経営レポート,マスタ参照,-,-,既存(V89/V69),148
3次,本部管理者,棚卸詳細,一覧表示画面,,,仕入れ先,,,L2-C,全店舗(画面内),棚卸データの詳細表示,参照表示,-,-,既存(V89/V69),167
3次,本部管理者,棚卸詳細,一覧表示画面,,,小計,,,L2-C,全店舗(画面内),棚卸データの詳細表示,参照表示,-,-,既存(V89/V69),172
3次,本部管理者,納品書管理,一覧表示画面,,,納品書ID,,,L2-C,全店舗(画面内),納品書データの管理,参照表示,-,-,既存(V89/V69),173
3次,本部管理者,納品書管理,一覧表示画面,,,受付日付,,,L2-C,全店舗(画面内),納品書データの管理,参照表示,-,-,既存(V89/V69),174
3次,本部管理者,納品書管理,一覧表示画面,,,納品日,,,L2-C,全店舗(画面内),納品書データの管理,参照表示,-,-,既存(V89/V69),175
3次,本部管理者,納品書管理,一覧表示画面,,,処理ステータス,,,L2-C,全店舗(画面内),納品書データの管理,参照表示,-,-,既存(V89/V69),177
3次,本部管理者,納品書管理,一覧表示画面,,,発注先,,,L2-C,全店舗(画面内),納品書データの管理,参照表示,-,-,既存(V89/V69),178
3次,本部管理者,納品書詳細,一覧表示画面,,,納品書ID,,,L2-C,全店舗(画面内),納品書の詳細表示,参照表示,-,-,既存(V89/V69),179
3次,本部管理者,納品書詳細,一覧表示画面,,,発注者,,,L2-C,全店舗(画面内),納品書の詳細表示,参照表示,-,-,既存(V89/V69),180
3次,本部管理者,納品書詳細,一覧表示画面,,,受注者,,,L2-C,全店舗(画面内),納品書の詳細表示,参照表示,-,-,既存(V89/V69),181
3次,本部管理者,納品書詳細,一覧表示画面,,,処理ステータス,,,L2-C,全店舗(画面内),納品書の詳細表示,参照表示,-,-,既存(V89/V69),182
3次,本部管理者,納品書詳細,一覧表示画面,,,納品日,,,L2-C,全店舗(画面内),納品書の詳細表示,参照表示,-,-,既存(V89/V69),183
3次,本部管理者,費用実績入力,実績入力画面,,,費目,,,L2-C,全店舗(画面内),費用実績の入力・管理,マスタ参照,-,-,既存(V89/V69),38
3次,本部管理者,費用実績入力,実績入力画面,,,移動元店舗,,,L2-C,全店舗(画面内),費用実績の入力・管理,マスタ参照,-,-,既存(V89/V69),41
3次,本部管理者,費用実績入力,実績入力画面,,,移動先店舗,,,L2-C,全店舗(画面内),費用実績の入力・管理,マスタ参照,-,-,既存(V89/V69),43
3次,本部管理者,費目別仕入分析,分析画面,,,比率,,,L2-C,全店舗(画面内),費目別の仕入分析,費目÷総仕入×100,-,-,既存(V89/V69),153
3次,本部管理者,進捗分析,分析画面,,,利益進捗率,,,L2-C,全店舗(画面内),売上・利益の進捗分析,営業利益累計÷目標利益×100,-,当月実績.営業利益,既存(V89/V69),154
3次,本部管理者,進捗分析,分析画面,,,売上進捗率,,,L2-C,全店舗(画面内),売上・利益の進捗分析,売上累計÷目標×100,-,"店舗別サマリー.売上（税抜）, 店舗別サマリー.売上目標",既存(V89/V69),155
3次,本部管理者,進捗分析,分析画面,,,達成率,,,L2-C,全店舗(画面内),売上・利益の進捗分析,実績÷目標×100,-,当月実績.売上（税抜）,既存(V89/V69),156
3次,本部管理者,進捗分析,分析画面,,,進捗率比較（前月）,,,L2-C,全店舗(画面内),売上・利益の進捗分析,前月比計算,-,当月実績.売上（税抜）,既存(V89/V69),157
3次,本部管理者,進捗分析,分析画面,,,進捗率比較（前々月）,,,L2-C,全店舗(画面内),売上・利益の進捗分析,前々月比計算,-,当月実績.売上（税抜）,既存(V89/V69),158
4次,本部管理者,主要KPI指標,ダッシュボード表示画面,,,,坪月商,,L3-C,全店舗(画面間),主要KPIのダッシュボード表示,参照表示,-,当月実績.売上（税抜）,既存(V89/V69),184
4次,本部管理者,主要KPI指標,ダッシュボード表示画面,,,,営業利益率,,L3-C,全店舗(画面間),主要KPIのダッシュボード表示,参照表示,-,"当月実績.営業利益, 当月実績.売上（税抜）, 予実対比.FD仕入, 予実対比.人件費",既存(V89/V69),185
4次,本部管理者,主要KPI指標,ダッシュボード表示画面,,,,家賃比率,,L3-C,全店舗(画面間),主要KPIのダッシュボード表示,参照表示,-,当月実績.売上（税抜）,既存(V89/V69),186
4次,本部管理者,主要KPI指標,ダッシュボード表示画面,,,,ROI,,L3-C,全店舗(画面間),主要KPIのダッシュボード表示,参照表示,-,当月実績.営業利益,既存(V89/V69),187
4次,本部管理者,年間予実対比（サマリー）,ダッシュボード表示画面,,,,客単価（ランチ）,,L3-S,単店舗(画面間),-,参照表示,-,"時間帯別売上分析.ランチ売上（税抜）, 時間帯別売上分析.客数",既存(V89/V69),247
4次,本部管理者,年間予実対比（サマリー）,ダッシュボード表示画面,,,,客単価（ディナー）,,L3-S,単店舗(画面間),-,参照表示,-,"時間帯別売上分析.ディナー売上（税抜）, 時間帯別売上分析.客数",既存(V89/V69),248
4次,本部管理者,年間予実対比（サマリー）,ダッシュボード表示画面,,,,営業利益,,L3-S,単店舗(画面間),-,参照表示,-,"当月実績.売上（税抜）, 予実対比.FD仕入, 予実対比.人件費",既存(V89/V69),249
4次,本部管理者,年間予実対比（サマリー）,ダッシュボード表示画面,,,,客単価,,L3-S,単店舗(画面間),-,参照表示,-,"当月実績.売上（税抜）, 感度分析.客数",既存(V89/V69),252
4次,本部管理者,年間予実対比（予実対比）,分析画面,,,,年間実績_ヘルプ人件費,,L3-S,単店舗(画面間),-,help_costs-help_costs_minus,-,[外部]勤怠連携（KOT/ジョブカン）.ヘルプ人件費,既存(V89/V69),241
4次,本部管理者,年間予実対比（予実対比）,分析画面,,,,年間予算_固定人件費,,L3-S,単店舗(画面間),-,SUM(費用設定.固定人件費予算) GROUP BY year,-,月次予算設定.年間固定人件費,既存(V89/V69),322
4次,本部管理者,年間予実対比（予実対比）,分析画面,,,,年間予算_社員人件費,,L3-S,単店舗(画面間),-,SUM(費用設定.社員人件費予算) GROUP BY year,-,月次予算設定.年間社員人件費,既存(V89/V69),324
4次,本部管理者,年間予実対比（予実対比）,分析画面,,,,年間予算_ヘルプ人件費,,L3-S,単店舗(画面間),-,SUM(費用設定.ヘルプ人件費予算) GROUP BY year,-,月次予算設定.年間ヘルプ人件費,既存(V89/V69),325
4次,本部管理者,年間予実対比（予実対比）,分析画面,,,,年間予算_その他経費 計,,L3-S,単店舗(画面間),-,SUM(費用設定.その他経費予算) GROUP BY year,-,月次予算設定.年間その他経費,既存(V89/V69),326
4次,本部管理者,年間予実対比（予実対比）,分析画面,,,,年間予算_地代家賃,,L3-S,単店舗(画面間),-,SUM(費用設定.地代家賃予算) GROUP BY year,-,月次予算設定.年間地代家賃,既存(V89/V69),327
4次,本部管理者,年間予実対比（予実対比）,分析画面,,,,年間予算_家賃（変動分）,,L3-S,単店舗(画面間),-,SUM(費用設定.家賃（変動分）予算) GROUP BY year,-,月次予算設定.年間家賃（変動分）,既存(V89/V69),328
4次,本部管理者,年間予実対比（予実対比）,分析画面,,,,年間予算_水道光熱費,,L3-S,単店舗(画面間),-,SUM(費用設定.水道光熱費予算) GROUP BY year,-,月次予算設定.年間水道光熱費,既存(V89/V69),329
4次,本部管理者,年間予実対比（予実対比）,分析画面,,,,年間予算_電気代,,L3-S,単店舗(画面間),-,SUM(費用設定.電気代予算) GROUP BY year,-,月次予算設定.年間電気代,既存(V89/V69),330
4次,本部管理者,年間予実対比（予実対比）,分析画面,,,,年間予算_ガス代,,L3-S,単店舗(画面間),-,SUM(費用設定.ガス代予算) GROUP BY year,-,月次予算設定.年間ガス代,既存(V89/V69),331
4次,本部管理者,年間予実対比（予実対比）,分析画面,,,,年間予算_水道代,,L3-S,単店舗(画面間),-,SUM(費用設定.水道代予算) GROUP BY year,-,月次予算設定.年間水道代,既存(V89/V69),332
4次,本部管理者,年間予実対比（予実対比）,分析画面,,,,年間予算_減価償却費,,L3-S,単店舗(画面間),-,SUM(費用設定.減価償却費予算) GROUP BY year,-,月次予算設定.年間減価償却費,既存(V89/V69),333
4次,本部管理者,年間予実対比（予実対比）,分析画面,,,,年間予算_販促費,,L3-S,単店舗(画面間),-,SUM(費用設定.販促費予算) GROUP BY year,-,月次予算設定.年間販促費,既存(V89/V69),334
4次,本部管理者,年間予実対比（予実対比）,分析画面,,,,年間予算_資材費,,L3-S,単店舗(画面間),-,SUM(費用設定.資材費予算) GROUP BY year,-,月次予算設定.年間資材費,既存(V89/V69),335
4次,本部管理者,年間予実対比（予実対比）,分析画面,,,,年間予算_借入金返済,,L3-S,単店舗(画面間),-,SUM(費用設定.借入金返済予算) GROUP BY year,-,月次予算設定.年間借入金返済,既存(V89/V69),336
4次,本部管理者,年間予実対比（予実対比）,分析画面,,,,年間予算_IT費用,,L3-S,単店舗(画面間),-,SUM(費用設定.IT費用予算) GROUP BY year,-,月次予算設定.年間IT費用,既存(V89/V69),337
4次,本部管理者,年間予実対比（予実対比）,分析画面,,,,年間予算_ラクミー利用料,,L3-S,単店舗(画面間),-,SUM(費用設定.ラクミー利用料予算) GROUP BY year,-,月次予算設定.年間ラクミー利用料,既存(V89/V69),338
4次,本部管理者,年間予実対比（予実対比）,分析画面,,,,年間予算_レジ利用料,,L3-S,単店舗(画面間),-,SUM(費用設定.レジ利用料予算) GROUP BY year,-,月次予算設定.年間レジ利用料,既存(V89/V69),339
4次,本部管理者,年間予実対比（予実対比）,分析画面,,,,年間予算_クレジットカード手数料,,L3-S,単店舗(画面間),-,SUM(費用設定.クレジットカード手数料予算) GROUP BY year,-,月次予算設定.年間クレジットカード手数料,既存(V89/V69),340
4次,本部管理者,年間予実対比（予実対比）,分析画面,,,,年間予算_お花代,,L3-S,単店舗(画面間),-,SUM(費用設定.お花代予算) GROUP BY year,-,月次予算設定.年間お花代,既存(V89/V69),341
4次,本部管理者,店舗ラベル別サマリー,ダッシュボード表示画面,,,,営業利益,,L3-L,ラベル別(画面間),店舗ラベルでグルーピングした主要指標サマリー。売上・コスト等の集計ディメンション,参照表示,-,"店舗ラベル別サマリー.売上（税抜）, 予実対比.FD仕入, 予実対比.人件費",既存(V89/V69),188
4次,本部管理者,店舗ラベル別サマリー,ダッシュボード表示画面,,,,売上達成率,,L3-L,ラベル別(画面間),店舗ラベルでグルーピングした主要指標サマリー。売上・コスト等の集計ディメンション,参照表示,-,"店舗ラベル別サマリー.売上（税抜）, 店舗ラベル別サマリー.売上目標",既存(V89/V69),191
4次,本部管理者,店舗ラベル別サマリー,ダッシュボード表示画面,,,,売上進捗率,,L3-L,ラベル別(画面間),店舗ラベルでグルーピングした主要指標サマリー。売上・コスト等の集計ディメンション,参照表示,-,"店舗ラベル別サマリー.売上（税抜）, 店舗ラベル別サマリー.売上目標",既存(V89/V69),192
4次,本部管理者,店舗ラベル別サマリー,ダッシュボード表示画面,,,,FD仕入率,,L3-L,ラベル別(画面間),店舗ラベルでグルーピングした主要指標サマリー。売上・コスト等の集計ディメンション,参照表示,-,"予実対比.FD仕入, 店舗ラベル別サマリー.売上（税抜）",既存(V89/V69),193
4次,本部管理者,店舗ラベル別サマリー,ダッシュボード表示画面,,,,人件費率,,L3-L,ラベル別(画面間),店舗ラベルでグルーピングした主要指標サマリー。売上・コスト等の集計ディメンション,参照表示,-,"予実対比.人件費, 店舗ラベル別サマリー.売上（税抜）",既存(V89/V69),194
4次,本部管理者,店舗別サマリー,ダッシュボード表示画面,,,,営業利益,,L3-C,全店舗(画面間),店舗ごとの主要指標サマリー,参照表示,-,"店舗別サマリー.売上（税抜）, 予実対比.FD仕入, 予実対比.人件費",既存(V89/V69),195
4次,本部管理者,店舗別サマリー,ダッシュボード表示画面,,,,売上達成率,,L3-C,全店舗(画面間),店舗ごとの主要指標サマリー,参照表示,-,"店舗別サマリー.売上（税抜）, 店舗別サマリー.売上目標",既存(V89/V69),198
4次,本部管理者,店舗別サマリー,ダッシュボード表示画面,,,,売上進捗率,,L3-C,全店舗(画面間),店舗ごとの主要指標サマリー,参照表示,-,"店舗別サマリー.売上（税抜）, 店舗別サマリー.売上目標",既存(V89/V69),199
4次,本部管理者,店舗別サマリー,ダッシュボード表示画面,,,,FD仕入率,,L3-C,全店舗(画面間),店舗ごとの主要指標サマリー,参照表示,-,"予実対比.FD仕入, 店舗別サマリー.売上（税抜）",既存(V89/V69),200
4次,本部管理者,店舗別サマリー,ダッシュボード表示画面,,,,人件費率,,L3-C,全店舗(画面間),店舗ごとの主要指標サマリー,参照表示,-,"予実対比.人件費, 店舗別サマリー.売上（税抜）",既存(V89/V69),201
4次,本部管理者,当月実績,ダッシュボード表示画面,,,,営業利益,,L3-C,全店舗(画面間),当月の実績サマリー,参照表示,-,"当月実績.売上（税抜）, 予実対比.FD仕入, 予実対比.人件費",既存(V89/V69),202
4次,本部管理者,当月実績,ダッシュボード表示画面,,,,FD仕入率,,L3-C,全店舗(画面間),当月の実績サマリー,参照表示,-,"予実対比.FD仕入, 当月実績.売上（税抜）",既存(V89/V69),204
4次,本部管理者,当月実績,ダッシュボード表示画面,,,,人件費率,,L3-C,全店舗(画面間),当月の実績サマリー,参照表示,-,"予実対比.人件費, 当月実績.売上（税抜）",既存(V89/V69),205
4次,本部管理者,当月実績,ダッシュボード表示画面,,,,FL率,,L3-C,全店舗(画面間),当月の実績サマリー,参照表示,-,"予実対比.FD仕入, 予実対比.人件費, 当月実績.売上（税抜）",既存(V89/V69),206
4次,本部管理者,当月実績,ダッシュボード表示画面,,,,営業利益達成率,,L3-C,全店舗(画面間),当月の実績サマリー,参照表示,-,"当月実績.営業利益, 当月実績.営業利益予算",既存(V89/V69),208
4次,本部管理者,当月実績,ダッシュボード表示画面,,,,売上達成率,,L3-C,全店舗(画面間),当月の実績サマリー,参照表示,-,"当月実績.売上（税抜）, 当月実績.売上予算",既存(V89/V69),210
5次,本部管理者,-（新規画面）,-,,,,,店舗監査未実施リスト,L4(提案),派生,【品質管理】定期監査の実施管理,前回監査から規定日数経過した店舗一覧,規定サイクル内100%実施が目標,"監査実施日(1次 要追加), 監査スケジュール(マスタ:1次)",監査スケジュール管理機能の追加必要,H-07
5次,本部管理者,-（新規画面）,-,,,,,本部間接コスト配賦率,L4(提案),派生,【効率】本部コストの店舗別按分、真の店舗収益性把握,本部コスト ÷ 全店舗売上 × 店舗別売上,営業利益への影響度を確認,"本部コスト(1次 要追加), 店舗別売上(2次)",本部コストの費目別入力必要,H-14
5次,本部管理者,"PA人件費率分析, 店舗別人件費",-,,,,,ヘルプ人件費率,L4(提案),派生,【人的資源】応援人件費の恒常化チェック、採用計画の根拠,ヘルプ人件費 ÷ 総人件費 × 100,5%以下:健全 / 15%超:採用増強検討,"ヘルプ人件費(2次), 総人件費(3次)",既存データから算出可能,H-12
5次,本部管理者,"ダッシュボード.主要KPI指標, 異常検知フラグ",-,,,,,全店舗異常検知アラート,L4(提案),派生,【統制】売上/客数/在庫の異常変動を全店横断で監視,各指標のZスコア >= 2 の店舗一覧,Zスコア2以上:要確認 / 3以上:緊急調査,"各種業績指標(2-4次), 過去平均・標準偏差(計算用)",過去データの保持が必要,H-13
5次,本部管理者,"予算一覧（予算構成）, 予実対比（一覧）",-,,,,,達成率変動係数,L4(提案),派生,【統制】予算達成率のばらつき、管理安定性指標,店舗別予算達成率の標準偏差 ÷ 平均,0.1以下:非常に安定 / 0.3超:ばらつき大,"予算対比率(4次), 店舗別平均(4次)",既存データから算出,H-10
5次,本部管理者,"店舗別サマリー, 年間予実対比",-,,,,,新店vs既存店パフォーマンス,L4(提案),派生,【成長性】新店の立ち上がりペース評価,新店平均KPI ÷ 既存店平均KPI,80%以上:立ち上がり順調 / 60%未満:要てこ入れ,"店舗ラベル(1次:新店フラグ), 各種業績指標(2-4次)",新店フラグのラベル管理必要,H-11
5次,本部管理者,"店舗別サマリー, 店舗ラベル別サマリー",-,,,,,閉店リスクスコア,L4(提案),派生,【リスク】継続営業リスクの早期警戒,営業利益率 × 売上成長率 ÷ 100,>0:健全 / -5〜0:監視 / <-5:赤信号,"営業利益率(4次), 売上成長率(4次)",時系列データ必要,H-08
5次,本部管理者,"店舗別サマリー, 当月実績",-,,,,,全店舗日次売上達成率,L4(提案),派生,【統制】全店の業績を日次で一覧把握、未達店舗の早期発見,店舗別(日次売上÷日次予算)×100 の全店一覧,95%以上:緑 / 85-95%:黄 / 85%未満:赤,"日次売上(1次), 日次予算(3次)",日次予算の按分データ必要,H-01
5次,本部管理者,"店舗別人件費, PA人件費率分析",-,,,,,人件費日次予実乖離,L4(提案),派生,【統制】人件費の予算超過を早期検知,(日次実績人件費 - 日次予算人件費) ÷ 日次予算人件費,±5%:許容 / +10%超:要確認,"人件費(2次), 人件費予算(3次)",日次シフト×時給データの整備必要,H-03
5次,本部管理者,"店舗別人件費, PA人件費率分析",-,,,,,店舗別労働分配率,L4(提案),派生,【人的資源】人件費の粗利比率、店舗別人員適正化,人件費 ÷ 粗利 × 100,40%以下:優良 / 40-50%:標準 / 50%超:要改善,"人件費(2次), 粗利(3次)",既存指標ベースで算出可能,H-09
5次,本部管理者,"棚卸, 棚卸詳細, 商品別仕入分析",-,,,,,店舗別在庫残日数,L4(提案),派生,【在庫管理】仕入過剰/欠品リスクの検知、発注支援,期末在庫金額 ÷ 日次使用金額（平均）,3-7日:適正 / 10日超:過剰在庫 / 2日未満:欠品リスク,"棚卸金額(3次), 仕入金額(2次)",棚卸頻度週次以上が前提,H-02
5次,本部管理者,"発注書一覧, 納品書管理",-,,,,,発注遅延店舗数,L4(提案),派生,【統制】発注締切超過の検知,発注締切を過ぎた店舗数 / 全店数 × 100,0%が目標 / 10%超で要対応,"発注日時(1次:納品書撮影 or 発注書一覧), 発注締切(マスタ:1次)",発注締切マスタ整備必要,H-05
5次,本部管理者,"納品書管理, 納品書詳細",-,,,,,納品差異サマリー（全店）,L4(提案),派生,【品質管理】納品トラブルの全社集計、仕入先別問題把握,店舗×仕入先×日別の納品差異件数,差異5件以上/日で要調査,"納品差異(2次), 仕入先(1次)",既存データから集計可能,H-06
5次,本部管理者,"費用実績入力, 売上経費入力（売上）, 棚卸",-,,,,,実績入力遅延店舗リスト,L4(提案),派生,【統制】データ入力コンプライアンス、本部集計遅延防止,前日までの実績入力が未完了の店舗一覧,当日正午までに全店入力完了が目標,"入力ステータス(1次), 締切日(マスタ:1次)",入力タイムスタンプの記録必要,H-04
