画面タイトル,画面タイプ,次数,指標名,計算レイヤー,依存先指標,用途コメント,V89No
ユーザー,設定入力画面,1次,ラクミーID,L0,-,-,1
ユーザー,設定入力画面,1次,氏名,L0,-,-,2
ユーザー,設定入力画面,1次,電話番号,L0,-,-,3
ユーザー,設定入力画面,1次,ユーザー識別（本部、一般）,L0,-,-,4
ユーザー,設定入力画面,1次,ステータス,L0,-,-,5
ラベル設定（ラベル）,設定入力画面,1次,ラベルID,L0,-,-,6
ラベル設定（ラベル）,設定入力画面,1次,ラベル名,L0,-,-,7
ラベル設定（ラベル）,設定入力画面,1次,棚卸し,L0,-,-,8
ラベル設定（ラベル）,設定入力画面,1次,ステータスフラグ,L0,-,-,9
ラベル設定（店舗リスト）,設定入力画面,1次,店舗ID,L0,-,-,10
ラベル設定（店舗リスト）,設定入力画面,1次,店舗名,L0,-,-,11
ラベル設定（店舗リスト）,設定入力画面,1次,ラベル名,L0,ラベル設定（ラベル）.ラベル名; 店舗管理.店舗名,-,12
ラベル設定（店舗リスト）,設定入力画面,1次,ステータスフラグ,L0,-,-,13
店舗管理,設定入力画面,1次,店舗名,L0,-,-,14
店舗管理,設定入力画面,1次,電話番号,L0,-,-,15
店舗管理,設定入力画面,1次,郵便番号,L0,-,-,16
店舗管理,設定入力画面,1次,都道府県,L0,-,-,17
店舗管理,設定入力画面,1次,住所,L0,-,-,18
店舗管理,設定入力画面,1次,建物,L0,-,-,19
店舗管理,設定入力画面,1次,業種,L0,-,-,20
店舗管理,設定入力画面,1次,業態,L0,-,-,21
店舗管理,設定入力画面,1次,総卓数,L0,-,-,22
店舗管理,設定入力画面,1次,総席数,L0,-,-,23
店舗管理,設定入力画面,1次,坪数,L0,-,-,24
店舗管理,設定入力画面,1次,家賃種別,L0,-,-,25
店舗管理,設定入力画面,1次,家賃（金額）,L0,-,-,26
店舗管理,設定入力画面,1次,初期投資額,L0,-,-,27
従業員管理,設定入力画面,1次,従業員コード,L0,-,-,28
従業員管理,設定入力画面,1次,所属コード,L0,-,-,29
従業員管理,設定入力画面,1次,店舗ID,L0,-,-,30
従業員管理,設定入力画面,1次,店舗名,L0,-,-,31
従業員管理,設定入力画面,1次,区分（月給時給）,L0,-,-,32
従業員管理,設定入力画面,1次,総支給額,L0,-,-,33
従業員管理,設定入力画面,1次,所定労働時間,L0,-,-,34
従業員管理,設定入力画面,1次,みなし残業時間,L0,-,-,35
費用実績入力,実績入力画面,1次,経費項目,L0,-,-,36
費用実績入力,実績入力画面,1次,経費コード,L0,-,-,37
費用実績入力,実績入力画面,1次,税区分,L0,-,-,39
費用実績入力,実績入力画面,1次,日付,L0,-,-,40
費用実績入力,実績入力画面,1次,金額,L0,-,-,42
費用実績入力,実績入力画面,3次,費目,L2-C,-,-,38
費用実績入力,実績入力画面,3次,移動元店舗,L2-C,-,-,41
費用実績入力,実績入力画面,3次,移動先店舗,L2-C,-,-,43
ABC分析,分析画面,2次,商品,L1,[外部]TITEM.item_name,-,44
ABC分析,分析画面,2次,売上（税抜）,L1,[外部]TITEM.sales_excluded,-,45
ABC分析,分析画面,2次,売上構成比率,L1,"ABC分析.売上（税抜）, 当月実績.売上（税抜）",-,46
ABC分析,分析画面,2次,販売点数,L1,[外部]TITEM.quantity,-,47
ABC分析,分析画面,2次,販売点数構成比率,L1,ABC分析.販売点数,-,48
ABC分析,分析画面,2次,価格,L1,"ABC分析.売上（税抜）, ABC分析.販売点数",-,49
PA人件費率分析,分析画面,2次,目標PA人件費率,L1,[入力]monthly_budgets.food_cost_rate（またはlabor_cost_rate）,-,50
予実対比,分析画面,2次,総売上,L1,[外部]ZTOTAL.sales_excluded,-,51
予実対比,分析画面,2次,フード売上,L1,[外部]TITEM.sales_excluded,-,52
予実対比,分析画面,2次,フード売上ランチ,L1,[外部]TITEM.sales_excluded,-,53
予実対比,分析画面,2次,フード売上ディナー,L1,[外部]TITEM.sales_excluded,-,54
予実対比,分析画面,2次,ドリンク売上,L1,[外部]TITEM.sales_excluded,-,55
予実対比,分析画面,2次,ドリンク売上ランチ,L1,[外部]TITEM.sales_excluded,-,56
予実対比,分析画面,2次,ドリンク売上ディナー,L1,[外部]TITEM.sales_excluded,-,57
予実対比,分析画面,2次,割引・値引きなど,L1,[外部]ZTOTAL.discount,-,58
予実対比,分析画面,2次,FD仕入,L1,[外部]infomart_transactions.total_tax_excluded,-,59
予実対比,分析画面,2次,フード仕入,L1,[外部]infomart_transactions.total_tax_excluded,-,60
予実対比,分析画面,2次,ドリンク仕入,L1,[外部]infomart_transactions.total_tax_excluded,-,61
予実対比,分析画面,2次,人件費,L1,[外部]head_office_connected_service_labor_costs_logs.labor_costs,-,62
予実対比,分析画面,2次,固定人件費,L1,[外部]head_office_connected_service_labor_costs_logs.labor_costs,-,63
予実対比,分析画面,2次,PA人件費,L1,[外部]head_office_employee_working_records.daily_cost,-,64
予実対比,分析画面,2次,その他売上（サービス料等）,L1,[外部]ZTOTAL.service_charge_1,-,65
予実対比,分析画面,2次,その他売上ランチ,L1,[外部]TITEM.sales_excluded,-,66
予実対比,分析画面,2次,その他売上ディナー,L1,[外部]TITEM.sales_excluded,-,67
予実対比,分析画面,2次,FD仕入額,L1,[外部]infomart_transactions.total_tax_excluded,-,88
予実対比,分析画面,2次,人件費額,L1,[外部]head_office_connected_service_labor_costs_logs.labor_costs,-,89
予実対比,分析画面,2次,客単価,L1,"当月実績.売上（税抜）, 客数.当月客数",-,90
予実対比,分析画面,2次,客単価（ランチ）,L1,"時間帯別売上分析.ランチ売上（税抜）, 時間帯別売上分析.客数",-,91
予実対比,分析画面,2次,客単価（ディナー）,L1,"時間帯別売上分析.ディナー売上（税抜）, 時間帯別売上分析.客数",-,92
予実対比,分析画面,2次,総売上　計,L1,[外部]ZTOTAL.sales_excluded,-,93
予実対比,分析画面,2次,フード売上 計,L1,[外部]TITEM.sales_excluded,-,94
予実対比,分析画面,2次,ドリンク売上　計,L1,[外部]TITEM.sales_excluded,-,95
予実対比,分析画面,2次,その他売上 計 （サービス料等）,L1,[外部]ZTOTAL.service_charge_1,-,96
予実対比,分析画面,2次,その他売上ランチ,L1,[外部]TITEM.sales_excluded,-,97
予実対比,分析画面,2次,その他売上ディナー,L1,[外部]TITEM.sales_excluded,-,98
予実対比,分析画面,2次,FLコスト　計,L1,-,-,99
予実対比,分析画面,2次,FD仕入　計,L1,[外部]infomart_transactions.total_tax_excluded,-,100
予実対比,分析画面,2次,人件費　計,L1,[外部]head_office_connected_service_labor_costs_logs.labor_costs,-,101
予実対比,分析画面,2次,その他経費　計,L1,-,-,102
予実対比,分析画面,2次,ラクミー利用料,L1,-,-,103
予実対比,分析画面,2次,レジ利用料,L1,-,-,104
予実対比,分析画面,2次,借入金返済,L1,-,-,105
予実対比,分析画面,2次,フード売上ランチ,L1,[外部]TITEM.sales_excluded,-,106
予実対比,分析画面,2次,フード売上ディナー,L1,[外部]TITEM.sales_excluded,-,107
予実対比,分析画面,2次,ドリンク売上ランチ,L1,[外部]TITEM.sales_excluded,-,108
予実対比,分析画面,2次,ドリンク売上ディナー,L1,[外部]TITEM.sales_excluded,-,109
予実対比,分析画面,2次,フード仕入,L1,[外部]infomart_transactions.total_tax_excluded,-,110
予実対比,分析画面,2次,ドリンク仕入,L1,[外部]infomart_transactions.total_tax_excluded,-,111
予実対比,分析画面,2次,固定人件費,L1,[外部]head_office_connected_service_labor_costs_logs.labor_costs,-,112
予実対比,分析画面,2次,PA人件費,L1,[外部]head_office_employee_working_records.daily_cost,-,113
予実対比,分析画面,2次,ヘルプ人件費,L1,SUM(紐づく店舗.予実対比.ヘルプ人件費),-,114
予実対比,分析画面,2次,地代家賃,L1,-,-,115
予実対比,分析画面,2次,資材費,L1,-,-,116
予実対比,分析画面,2次,水道光熱費,L1,-,-,117
予実対比,分析画面,2次,減価償却費,L1,-,-,118
予実対比,分析画面,2次,販促費,L1,-,-,119
予実対比,分析画面,3次,営業利益,L2-C,"当月実績.売上（税抜）, 予実対比.FD仕入, 予実対比.人件費",-,87
仕入先分析,分析画面,2次,仕入れ先,L1,[外部]member_name_partner.client_name,-,68
仕入先分析,分析画面,2次,金額（税抜）,L1,[外部]infomart_transactions.total_tax_excluded,-,69
仕入先分析,分析画面,2次,比率,L1,-,-,70
仕入費率分析,分析画面,2次,目標仕入費率,L1,[入力]monthly_budgets.food_cost_rate（またはlabor_cost_rate）,-,71
利益率分析,分析画面,2次,目標利益率,L1,[入力]monthly_budgets.food_cost_rate（またはlabor_cost_rate）,-,72
商品別仕入分析,分析画面,2次,商品,L1,[外部]detail_list.item_name,-,73
商品別仕入分析,分析画面,2次,仕入れ先,L1,[外部]member_name_partner.client_name,-,74
商品別仕入分析,分析画面,2次,金額（税抜）,L1,[外部]detail_list.price,-,75
商品別仕入分析,分析画面,2次,比率,L1,-,-,76
商品別売上分析,分析画面,2次,商品単価（税抜）,L1,商品別売上分析.販売数量,-,77
商品別売上分析,分析画面,2次,商品単価（税込）,L1,商品別売上分析.販売数量,-,78
商品別売上分析,分析画面,2次,販売数量,L1,[外部]TITEM.quantity,-,79
客単価分析,分析画面,2次,当月客単価（税抜）,L1,"当月実績.売上（税抜）, 客数.当月客数",-,80
客数分析,分析画面,2次,当月客数,L1,[外部]ZTOTAL.customers,-,81
平均単価推移,分析画面,2次,仕入商品ラベル,L1,[外部]detail_list.item_name,-,82
平均単価推移,分析画面,2次,仕入金額（税抜）,L1,[外部]detail_list.price,-,83
平均単価推移,分析画面,2次,数量,L1,[外部]detail_list.num,-,84
平均単価推移,分析画面,2次,平均単価,L1,平均単価推移.数量,-,85
平均単価推移,分析画面,3次,平均単価推移,L2-C,平均単価推移.平均単価,-,86
年間予実対比,分析画面,2次,月次実績_総売上 計,L1,[外部]ZTOTAL.sales_excluded,-,253
年間予実対比,分析画面,2次,月次実績_フード売上 計,L1,[外部]TITEM.sales_excluded,-,254
年間予実対比,分析画面,2次,月次実績_ドリンク売上 計,L1,[外部]TITEM.sales_excluded,-,255
年間予実対比,分析画面,2次,月次実績_その他売上 計,L1,[外部]ZTOTAL.service_charge_1,-,256
年間予実対比,分析画面,2次,月次実績_FD仕入 計,L1,インフォマート（仕入）,-,258
年間予実対比,分析画面,2次,月次実績_人件費 計,L1,[外部]head_office_employee_working_records.daily_cost,-,259
年間予実対比,分析画面,2次,月次実績_その他経費 計,L1,[入力]monthly_costs.value,-,260
年間予実対比,分析画面,2次,月次予算_総売上 計,L1,月次予算設定.売上（税抜）,-,262
年間予実対比,分析画面,2次,月次予算_フード売上 計,L1,月次予算設定.月次フード売上,-,263
年間予実対比,分析画面,2次,月次予算_ドリンク売上 計,L1,月次予算設定.月次ドリンク売上,-,264
年間予実対比,分析画面,2次,月次予算_その他売上 計,L1,月次予算設定.月次その他売上,-,265
年間予実対比,分析画面,2次,月次予算_FD仕入 計,L1,月次予算設定.月次FD仕入,-,267
年間予実対比,分析画面,2次,月次予算_人件費 計,L1,月次予算設定.月次人件費,-,268
年間予実対比,分析画面,2次,月次予算_その他経費 計,L1,月次予算設定.月次その他経費,-,269
年間予実対比,分析画面,3次,月次実績_FLコスト 計,L2-S,"年間予実対比.月次実績_FD仕入 計, 年間予実対比.月次実績_人件費 計",-,257
年間予実対比,分析画面,3次,月次実績_営業利益,L2-S,"年間予実対比.月次実績_総売上 計, 年間予実対比.月次実績_FLコスト 計, 年間予実対比.月次実績_その他経費 計",-,261
年間予実対比,分析画面,3次,月次予算_FLコスト 計,L2-S,"年間予実対比.月次予算_FD仕入 計, 年間予実対比.月次予算_人件費 計",-,266
年間予実対比,分析画面,3次,月次予算_営業利益,L2-S,"年間予実対比.月次予算_総売上 計, 年間予実対比.月次予算_FLコスト 計, 年間予実対比.月次予算_その他経費 計",-,270
年間予実対比,分析画面,3次,予算構成比_総売上 計,L2-S,年間予実対比.月次予算_総売上 計,-,271
年間予実対比,分析画面,3次,予算構成比_フード売上 計,L2-S,"年間予実対比.月次予算_フード売上 計, 年間予実対比.月次予算_総売上 計",-,272
年間予実対比,分析画面,3次,予算構成比_ドリンク売上 計,L2-S,"年間予実対比.月次予算_ドリンク売上 計, 年間予実対比.月次予算_総売上 計",-,273
年間予実対比,分析画面,3次,予算構成比_その他売上 計,L2-S,"年間予実対比.月次予算_その他売上 計, 年間予実対比.月次予算_総売上 計",-,274
年間予実対比,分析画面,3次,予算構成比_FLコスト 計,L2-S,"年間予実対比.月次予算_FLコスト 計, 年間予実対比.月次予算_総売上 計",-,275
年間予実対比,分析画面,3次,予算構成比_FD仕入 計,L2-S,"年間予実対比.月次予算_FD仕入 計, 年間予実対比.月次予算_総売上 計",-,276
年間予実対比,分析画面,3次,予算構成比_人件費 計,L2-S,"年間予実対比.月次予算_人件費 計, 年間予実対比.月次予算_総売上 計",-,277
年間予実対比,分析画面,3次,予算構成比_その他経費 計,L2-S,"年間予実対比.月次予算_その他経費 計, 年間予実対比.月次予算_総売上 計",-,278
年間予実対比,分析画面,3次,予算構成比_営業利益,L2-S,"年間予実対比.月次予算_営業利益, 年間予実対比.月次予算_総売上 計",-,279
年間予実対比,分析画面,3次,予実差額_総売上 計,L2-S,"年間予実対比.月次実績_総売上 計, 年間予実対比.月次予算_総売上 計",-,280
年間予実対比,分析画面,3次,予実差額_フード売上 計,L2-S,"年間予実対比.月次実績_フード売上 計, 年間予実対比.月次予算_フード売上 計",-,281
年間予実対比,分析画面,3次,予実差額_ドリンク売上 計,L2-S,"年間予実対比.月次実績_ドリンク売上 計, 年間予実対比.月次予算_ドリンク売上 計",-,282
年間予実対比,分析画面,3次,予実差額_その他売上 計,L2-S,"年間予実対比.月次実績_その他売上 計, 年間予実対比.月次予算_その他売上 計",-,283
年間予実対比,分析画面,3次,予実差額_FLコスト 計,L2-S,"年間予実対比.月次実績_FLコスト 計, 年間予実対比.月次予算_FLコスト 計",-,284
年間予実対比,分析画面,3次,予実差額_FD仕入 計,L2-S,"年間予実対比.月次実績_FD仕入 計, 年間予実対比.月次予算_FD仕入 計",-,285
年間予実対比,分析画面,3次,予実差額_人件費 計,L2-S,"年間予実対比.月次実績_人件費 計, 年間予実対比.月次予算_人件費 計",-,286
年間予実対比,分析画面,3次,予実差額_その他経費 計,L2-S,"年間予実対比.月次実績_その他経費 計, 年間予実対比.月次予算_その他経費 計",-,287
年間予実対比,分析画面,3次,予実差額_営業利益,L2-S,"年間予実対比.月次実績_営業利益, 年間予実対比.月次予算_営業利益",-,288
年間予実対比,分析画面,3次,予算対比率_総売上 計,L2-S,"年間予実対比.月次実績_総売上 計, 年間予実対比.月次予算_総売上 計",-,289
年間予実対比,分析画面,3次,予算対比率_フード売上 計,L2-S,"年間予実対比.月次実績_フード売上 計, 年間予実対比.月次予算_フード売上 計",-,290
年間予実対比,分析画面,3次,予算対比率_ドリンク売上 計,L2-S,"年間予実対比.月次実績_ドリンク売上 計, 年間予実対比.月次予算_ドリンク売上 計",-,291
年間予実対比,分析画面,3次,予算対比率_その他売上 計,L2-S,"年間予実対比.月次実績_その他売上 計, 年間予実対比.月次予算_その他売上 計",-,292
年間予実対比,分析画面,3次,予算対比率_FLコスト 計,L2-S,"年間予実対比.月次実績_FLコスト 計, 年間予実対比.月次予算_FLコスト 計",-,293
年間予実対比,分析画面,3次,予算対比率_FD仕入 計,L2-S,"年間予実対比.月次実績_FD仕入 計, 年間予実対比.月次予算_FD仕入 計",-,294
年間予実対比,分析画面,3次,予算対比率_人件費 計,L2-S,"年間予実対比.月次実績_人件費 計, 年間予実対比.月次予算_人件費 計",-,295
年間予実対比,分析画面,3次,予算対比率_その他経費 計,L2-S,"年間予実対比.月次実績_その他経費 計, 年間予実対比.月次予算_その他経費 計",-,296
年間予実対比,分析画面,3次,予算対比率_営業利益,L2-S,"年間予実対比.月次実績_営業利益, 年間予実対比.月次予算_営業利益",-,297
年間予実対比,分析画面,3次,構成比_総売上 計,L2-S,年間予実対比.月次実績_総売上 計,-,298
年間予実対比,分析画面,3次,構成比_フード売上 計,L2-S,"年間予実対比.月次実績_フード売上 計, 年間予実対比.月次実績_総売上 計",-,299
年間予実対比,分析画面,3次,構成比_ドリンク売上 計,L2-S,"年間予実対比.月次実績_ドリンク売上 計, 年間予実対比.月次実績_総売上 計",-,300
年間予実対比,分析画面,3次,構成比_その他売上 計,L2-S,"年間予実対比.月次実績_その他売上 計, 年間予実対比.月次実績_総売上 計",-,301
年間予実対比,分析画面,3次,構成比_FLコスト 計,L2-S,"年間予実対比.月次実績_FLコスト 計, 年間予実対比.月次実績_総売上 計",-,302
年間予実対比,分析画面,3次,構成比_FD仕入 計,L2-S,"年間予実対比.月次実績_FD仕入 計, 年間予実対比.月次実績_総売上 計",-,303
年間予実対比,分析画面,3次,構成比_人件費 計,L2-S,"年間予実対比.月次実績_人件費 計, 年間予実対比.月次実績_総売上 計",-,304
年間予実対比,分析画面,3次,構成比_その他経費 計,L2-S,"年間予実対比.月次実績_その他経費 計, 年間予実対比.月次実績_総売上 計",-,305
年間予実対比,分析画面,3次,構成比_営業利益,L2-S,"年間予実対比.月次実績_営業利益, 年間予実対比.月次実績_総売上 計",-,306
年間予実対比（予実対比）,分析画面,2次,年間実績_総売上 計,L1,[外部]ZTOTAL.sales_excluded,-,211
年間予実対比（予実対比）,分析画面,2次,年間実績_フード売上 計,L1,[外部]TITEM.sales_excluded,-,212
年間予実対比（予実対比）,分析画面,2次,年間実績_ドリンク売上 計,L1,[外部]TITEM.sales_excluded,-,213
年間予実対比（予実対比）,分析画面,2次,年間実績_その他売上 計,L1,[外部]ZTOTAL.service_charge_1,-,214
年間予実対比（予実対比）,分析画面,2次,年間実績_その他売上ランチ,L1,[外部]TITEM.sales_excluded,-,215
年間予実対比（予実対比）,分析画面,2次,年間実績_その他売上ディナー,L1,[外部]TITEM.sales_excluded,-,216
年間予実対比（予実対比）,分析画面,2次,年間実績_FD仕入 計,L1,[外部]infomart_transactions.total_tax_excluded,-,218
年間予実対比（予実対比）,分析画面,2次,年間実績_人件費 計,L1,[外部]head_office_connected_service_labor_costs_logs.labor_costs,-,219
年間予実対比（予実対比）,分析画面,2次,年間実績_その他経費 計,L1,-,-,220
年間予実対比（予実対比）,分析画面,2次,年間実績_ラクミー利用料,L1,-,-,221
年間予実対比（予実対比）,分析画面,2次,年間実績_IT費用,L1,-,-,222
年間予実対比（予実対比）,分析画面,2次,年間実績_お花代,L1,-,-,223
年間予実対比（予実対比）,分析画面,2次,年間実績_ガス代,L1,-,-,224
年間予実対比（予実対比）,分析画面,2次,年間実績_クレジットカード手数料,L1,-,-,225
年間予実対比（予実対比）,分析画面,2次,年間実績_レジ利用料,L1,-,-,226
年間予実対比（予実対比）,分析画面,2次,年間実績_借入金返済,L1,-,-,227
年間予実対比（予実対比）,分析画面,2次,年間実績_家賃（変動分）,L1,-,-,228
年間予実対比（予実対比）,分析画面,2次,年間実績_水道代,L1,-,-,229
年間予実対比（予実対比）,分析画面,2次,年間実績_社員人件費,L1,[外部]head_office_connected_service_labor_costs_logs.labor_costs,-,230
年間予実対比（予実対比）,分析画面,2次,年間実績_電気代,L1,-,-,231
年間予実対比（予実対比）,分析画面,2次,年間実績_フード売上ランチ,L1,[外部]TITEM.sales_excluded,-,233
年間予実対比（予実対比）,分析画面,2次,年間実績_フード売上ディナー,L1,[外部]TITEM.sales_excluded,-,234
年間予実対比（予実対比）,分析画面,2次,年間実績_ドリンク売上ランチ,L1,[外部]TITEM.sales_excluded,-,235
年間予実対比（予実対比）,分析画面,2次,年間実績_ドリンク売上ディナー,L1,[外部]TITEM.sales_excluded,-,236
年間予実対比（予実対比）,分析画面,2次,年間実績_フード仕入,L1,[外部]infomart_transactions.total_tax_excluded,-,237
年間予実対比（予実対比）,分析画面,2次,年間実績_ドリンク仕入,L1,[外部]infomart_transactions.total_tax_excluded,-,238
年間予実対比（予実対比）,分析画面,2次,年間実績_固定人件費,L1,[外部]head_office_connected_service_labor_costs_logs.labor_costs,-,239
年間予実対比（予実対比）,分析画面,2次,年間実績_PA人件費,L1,[外部]head_office_employee_working_records.daily_cost,-,240
年間予実対比（予実対比）,分析画面,2次,年間実績_地代家賃,L1,-,-,242
年間予実対比（予実対比）,分析画面,2次,年間実績_資材費,L1,-,-,243
年間予実対比（予実対比）,分析画面,2次,年間実績_水道光熱費,L1,-,-,244
年間予実対比（予実対比）,分析画面,2次,年間実績_減価償却費,L1,-,-,245
年間予実対比（予実対比）,分析画面,2次,年間実績_販促費,L1,-,-,246
年間予実対比（予実対比）,分析画面,2次,年間予算_総売上 計,L1,月次予算設定.年間総売上,-,307
年間予実対比（予実対比）,分析画面,2次,年間予算_フード売上 計,L1,月次予算設定.年間フード売上,-,308
年間予実対比（予実対比）,分析画面,2次,年間予算_フード売上ランチ,L1,月次予算設定.年間フード売上ランチ,-,309
年間予実対比（予実対比）,分析画面,2次,年間予算_フード売上ディナー,L1,月次予算設定.年間フード売上ディナー,-,310
年間予実対比（予実対比）,分析画面,2次,年間予算_ドリンク売上 計,L1,月次予算設定.年間ドリンク売上,-,311
年間予実対比（予実対比）,分析画面,2次,年間予算_ドリンク売上ランチ,L1,月次予算設定.年間ドリンク売上ランチ,-,312
年間予実対比（予実対比）,分析画面,2次,年間予算_ドリンク売上ディナー,L1,月次予算設定.年間ドリンク売上ディナー,-,313
年間予実対比（予実対比）,分析画面,2次,年間予算_その他売上 計（サービス料等）,L1,月次予算設定.年間その他売上（サービス料等）,-,314
年間予実対比（予実対比）,分析画面,2次,年間予算_その他売上ランチ,L1,月次予算設定.年間その他売上ランチ,-,315
年間予実対比（予実対比）,分析画面,2次,年間予算_その他売上ディナー,L1,月次予算設定.年間その他売上ディナー,-,316
年間予実対比（予実対比）,分析画面,2次,年間予算_FD仕入 計,L1,月次予算設定.年間FD仕入,-,318
年間予実対比（予実対比）,分析画面,2次,年間予算_フード仕入,L1,月次予算設定.年間フード仕入,-,319
年間予実対比（予実対比）,分析画面,2次,年間予算_ドリンク仕入,L1,月次予算設定.年間ドリンク仕入,-,320
年間予実対比（予実対比）,分析画面,2次,年間予算_人件費 計,L1,月次予算設定.年間人件費,-,321
年間予実対比（予実対比）,分析画面,2次,年間予算_PA人件費,L1,月次予算設定.年間PA人件費,-,323
年間予実対比（予実対比）,分析画面,3次,年間実績_FLコスト 計,L2-S,-,-,217
年間予実対比（予実対比）,分析画面,3次,年間実績_営業利益,L2-S,-,-,232
年間予実対比（予実対比）,分析画面,3次,年間予算_FLコスト 計,L2-S,"年間予実対比（予実対比）.年間予算_FD仕入 計, 年間予実対比（予実対比）.年間予算_人件費 計",-,317
年間予実対比（予実対比）,分析画面,3次,年間予算_営業利益,L2-S,"年間予実対比（予実対比）.年間予算_総売上 計, 年間予実対比（予実対比）.年間予算_FLコスト 計, 年間予実対比（予実対比）.年間予算_その他経費 計",-,342
年間予実対比（予実対比）,分析画面,3次,年間予実差額_総売上 計,L2-S,"年間予実対比（予実対比）.年間実績_総売上 計, 年間予実対比（予実対比）.年間予算_総売上 計",-,343
年間予実対比（予実対比）,分析画面,3次,年間予実差額_フード売上 計,L2-S,"年間予実対比（予実対比）.年間実績_フード売上 計, 年間予実対比（予実対比）.年間予算_フード売上 計",-,344
年間予実対比（予実対比）,分析画面,3次,年間予実差額_フード売上ランチ,L2-S,"年間予実対比（予実対比）.年間実績_フード売上ランチ, 年間予実対比（予実対比）.年間予算_フード売上ランチ",-,345
年間予実対比（予実対比）,分析画面,3次,年間予実差額_フード売上ディナー,L2-S,"年間予実対比（予実対比）.年間実績_フード売上ディナー, 年間予実対比（予実対比）.年間予算_フード売上ディナー",-,346
年間予実対比（予実対比）,分析画面,3次,年間予実差額_ドリンク売上 計,L2-S,"年間予実対比（予実対比）.年間実績_ドリンク売上 計, 年間予実対比（予実対比）.年間予算_ドリンク売上 計",-,347
年間予実対比（予実対比）,分析画面,3次,年間予実差額_ドリンク売上ランチ,L2-S,"年間予実対比（予実対比）.年間実績_ドリンク売上ランチ, 年間予実対比（予実対比）.年間予算_ドリンク売上ランチ",-,348
年間予実対比（予実対比）,分析画面,3次,年間予実差額_ドリンク売上ディナー,L2-S,"年間予実対比（予実対比）.年間実績_ドリンク売上ディナー, 年間予実対比（予実対比）.年間予算_ドリンク売上ディナー",-,349
年間予実対比（予実対比）,分析画面,3次,年間予実差額_その他売上 計,L2-S,"年間予実対比（予実対比）.年間実績_その他売上 計, 年間予実対比（予実対比）.年間予算_その他売上 計",-,350
年間予実対比（予実対比）,分析画面,3次,年間予実差額_その他売上ランチ,L2-S,"年間予実対比（予実対比）.年間実績_その他売上ランチ, 年間予実対比（予実対比）.年間予算_その他売上ランチ",-,351
年間予実対比（予実対比）,分析画面,3次,年間予実差額_その他売上ディナー,L2-S,"年間予実対比（予実対比）.年間実績_その他売上ディナー, 年間予実対比（予実対比）.年間予算_その他売上ディナー",-,352
年間予実対比（予実対比）,分析画面,3次,年間予実差額_FLコスト 計,L2-S,"年間予実対比（予実対比）.年間実績_FLコスト 計, 年間予実対比（予実対比）.年間予算_FLコスト 計",-,353
年間予実対比（予実対比）,分析画面,3次,年間予実差額_FD仕入 計,L2-S,"年間予実対比（予実対比）.年間実績_FD仕入 計, 年間予実対比（予実対比）.年間予算_FD仕入 計",-,354
年間予実対比（予実対比）,分析画面,3次,年間予実差額_フード仕入,L2-S,"年間予実対比（予実対比）.年間実績_フード仕入, 年間予実対比（予実対比）.年間予算_フード仕入",-,355
年間予実対比（予実対比）,分析画面,3次,年間予実差額_ドリンク仕入,L2-S,"年間予実対比（予実対比）.年間実績_ドリンク仕入, 年間予実対比（予実対比）.年間予算_ドリンク仕入",-,356
年間予実対比（予実対比）,分析画面,3次,年間予実差額_人件費 計,L2-S,"年間予実対比（予実対比）.年間実績_人件費 計, 年間予実対比（予実対比）.年間予算_人件費 計",-,357
年間予実対比（予実対比）,分析画面,3次,年間予実差額_固定人件費,L2-S,"年間予実対比（予実対比）.年間実績_固定人件費, 年間予実対比（予実対比）.年間予算_固定人件費",-,358
年間予実対比（予実対比）,分析画面,3次,年間予実差額_PA人件費,L2-S,"年間予実対比（予実対比）.年間実績_PA人件費, 年間予実対比（予実対比）.年間予算_PA人件費",-,359
年間予実対比（予実対比）,分析画面,3次,年間予実差額_社員人件費,L2-S,"年間予実対比（予実対比）.年間実績_社員人件費, 年間予実対比（予実対比）.年間予算_社員人件費",-,360
年間予実対比（予実対比）,分析画面,3次,年間予実差額_ヘルプ人件費,L2-S,"年間予実対比（予実対比）.年間実績_ヘルプ人件費, 年間予実対比（予実対比）.年間予算_ヘルプ人件費",-,361
年間予実対比（予実対比）,分析画面,3次,年間予実差額_その他経費 計,L2-S,"年間予実対比（予実対比）.年間実績_その他経費 計, 年間予実対比（予実対比）.年間予算_その他経費 計",-,362
年間予実対比（予実対比）,分析画面,3次,年間予実差額_地代家賃,L2-S,"年間予実対比（予実対比）.年間実績_地代家賃, 年間予実対比（予実対比）.年間予算_地代家賃",-,363
年間予実対比（予実対比）,分析画面,3次,年間予実差額_家賃（変動分）,L2-S,"年間予実対比（予実対比）.年間実績_家賃（変動分）, 年間予実対比（予実対比）.年間予算_家賃（変動分）",-,364
年間予実対比（予実対比）,分析画面,3次,年間予実差額_水道光熱費,L2-S,"年間予実対比（予実対比）.年間実績_水道光熱費, 年間予実対比（予実対比）.年間予算_水道光熱費",-,365
年間予実対比（予実対比）,分析画面,3次,年間予実差額_電気代,L2-S,"年間予実対比（予実対比）.年間実績_電気代, 年間予実対比（予実対比）.年間予算_電気代",-,366
年間予実対比（予実対比）,分析画面,3次,年間予実差額_ガス代,L2-S,"年間予実対比（予実対比）.年間実績_ガス代, 年間予実対比（予実対比）.年間予算_ガス代",-,367
年間予実対比（予実対比）,分析画面,3次,年間予実差額_水道代,L2-S,"年間予実対比（予実対比）.年間実績_水道代, 年間予実対比（予実対比）.年間予算_水道代",-,368
年間予実対比（予実対比）,分析画面,3次,年間予実差額_減価償却費,L2-S,"年間予実対比（予実対比）.年間実績_減価償却費, 年間予実対比（予実対比）.年間予算_減価償却費",-,369
年間予実対比（予実対比）,分析画面,3次,年間予実差額_販促費,L2-S,"年間予実対比（予実対比）.年間実績_販促費, 年間予実対比（予実対比）.年間予算_販促費",-,370
年間予実対比（予実対比）,分析画面,3次,年間予実差額_資材費,L2-S,"年間予実対比（予実対比）.年間実績_資材費, 年間予実対比（予実対比）.年間予算_資材費",-,371
年間予実対比（予実対比）,分析画面,3次,年間予実差額_借入金返済,L2-S,"年間予実対比（予実対比）.年間実績_借入金返済, 年間予実対比（予実対比）.年間予算_借入金返済",-,372
年間予実対比（予実対比）,分析画面,3次,年間予実差額_IT費用,L2-S,"年間予実対比（予実対比）.年間実績_IT費用, 年間予実対比（予実対比）.年間予算_IT費用",-,373
年間予実対比（予実対比）,分析画面,3次,年間予実差額_ラクミー利用料,L2-S,"年間予実対比（予実対比）.年間実績_ラクミー利用料, 年間予実対比（予実対比）.年間予算_ラクミー利用料",-,374
年間予実対比（予実対比）,分析画面,3次,年間予実差額_レジ利用料,L2-S,"年間予実対比（予実対比）.年間実績_レジ利用料, 年間予実対比（予実対比）.年間予算_レジ利用料",-,375
年間予実対比（予実対比）,分析画面,3次,年間予実差額_クレジットカード手数料,L2-S,"年間予実対比（予実対比）.年間実績_クレジットカード手数料, 年間予実対比（予実対比）.年間予算_クレジットカード手数料",-,376
年間予実対比（予実対比）,分析画面,3次,年間予実差額_お花代,L2-S,"年間予実対比（予実対比）.年間実績_お花代, 年間予実対比（予実対比）.年間予算_お花代",-,377
年間予実対比（予実対比）,分析画面,3次,年間予実差額_営業利益,L2-S,"年間予実対比（予実対比）.年間実績_営業利益, 年間予実対比（予実対比）.年間予算_営業利益",-,378
年間予実対比（予実対比）,分析画面,3次,年間予算対比率_総売上 計,L2-S,"年間予実対比（予実対比）.年間実績_総売上 計, 年間予実対比（予実対比）.年間予算_総売上 計",-,379
年間予実対比（予実対比）,分析画面,3次,年間予算対比率_フード売上 計,L2-S,"年間予実対比（予実対比）.年間実績_フード売上 計, 年間予実対比（予実対比）.年間予算_フード売上 計",-,380
年間予実対比（予実対比）,分析画面,3次,年間予算対比率_フード売上ランチ,L2-S,"年間予実対比（予実対比）.年間実績_フード売上ランチ, 年間予実対比（予実対比）.年間予算_フード売上ランチ",-,381
年間予実対比（予実対比）,分析画面,3次,年間予算対比率_フード売上ディナー,L2-S,"年間予実対比（予実対比）.年間実績_フード売上ディナー, 年間予実対比（予実対比）.年間予算_フード売上ディナー",-,382
年間予実対比（予実対比）,分析画面,3次,年間予算対比率_ドリンク売上 計,L2-S,"年間予実対比（予実対比）.年間実績_ドリンク売上 計, 年間予実対比（予実対比）.年間予算_ドリンク売上 計",-,383
年間予実対比（予実対比）,分析画面,3次,年間予算対比率_ドリンク売上ランチ,L2-S,"年間予実対比（予実対比）.年間実績_ドリンク売上ランチ, 年間予実対比（予実対比）.年間予算_ドリンク売上ランチ",-,384
年間予実対比（予実対比）,分析画面,3次,年間予算対比率_ドリンク売上ディナー,L2-S,"年間予実対比（予実対比）.年間実績_ドリンク売上ディナー, 年間予実対比（予実対比）.年間予算_ドリンク売上ディナー",-,385
年間予実対比（予実対比）,分析画面,3次,年間予算対比率_その他売上 計,L2-S,"年間予実対比（予実対比）.年間実績_その他売上 計, 年間予実対比（予実対比）.年間予算_その他売上 計",-,386
年間予実対比（予実対比）,分析画面,3次,年間予算対比率_その他売上ランチ,L2-S,"年間予実対比（予実対比）.年間実績_その他売上ランチ, 年間予実対比（予実対比）.年間予算_その他売上ランチ",-,387
年間予実対比（予実対比）,分析画面,3次,年間予算対比率_その他売上ディナー,L2-S,"年間予実対比（予実対比）.年間実績_その他売上ディナー, 年間予実対比（予実対比）.年間予算_その他売上ディナー",-,388
年間予実対比（予実対比）,分析画面,3次,年間予算対比率_FLコスト 計,L2-S,"年間予実対比（予実対比）.年間実績_FLコスト 計, 年間予実対比（予実対比）.年間予算_FLコスト 計",-,389
年間予実対比（予実対比）,分析画面,3次,年間予算対比率_FD仕入 計,L2-S,"年間予実対比（予実対比）.年間実績_FD仕入 計, 年間予実対比（予実対比）.年間予算_FD仕入 計",-,390
年間予実対比（予実対比）,分析画面,3次,年間予算対比率_フード仕入,L2-S,"年間予実対比（予実対比）.年間実績_フード仕入, 年間予実対比（予実対比）.年間予算_フード仕入",-,391
年間予実対比（予実対比）,分析画面,3次,年間予算対比率_ドリンク仕入,L2-S,"年間予実対比（予実対比）.年間実績_ドリンク仕入, 年間予実対比（予実対比）.年間予算_ドリンク仕入",-,392
年間予実対比（予実対比）,分析画面,3次,年間予算対比率_人件費 計,L2-S,"年間予実対比（予実対比）.年間実績_人件費 計, 年間予実対比（予実対比）.年間予算_人件費 計",-,393
年間予実対比（予実対比）,分析画面,3次,年間予算対比率_固定人件費,L2-S,"年間予実対比（予実対比）.年間実績_固定人件費, 年間予実対比（予実対比）.年間予算_固定人件費",-,394
年間予実対比（予実対比）,分析画面,3次,年間予算対比率_PA人件費,L2-S,"年間予実対比（予実対比）.年間実績_PA人件費, 年間予実対比（予実対比）.年間予算_PA人件費",-,395
年間予実対比（予実対比）,分析画面,3次,年間予算対比率_社員人件費,L2-S,"年間予実対比（予実対比）.年間実績_社員人件費, 年間予実対比（予実対比）.年間予算_社員人件費",-,396
年間予実対比（予実対比）,分析画面,3次,年間予算対比率_ヘルプ人件費,L2-S,"年間予実対比（予実対比）.年間実績_ヘルプ人件費, 年間予実対比（予実対比）.年間予算_ヘルプ人件費",-,397
年間予実対比（予実対比）,分析画面,3次,年間予算対比率_その他経費 計,L2-S,"年間予実対比（予実対比）.年間実績_その他経費 計, 年間予実対比（予実対比）.年間予算_その他経費 計",-,398
年間予実対比（予実対比）,分析画面,3次,年間予算対比率_地代家賃,L2-S,"年間予実対比（予実対比）.年間実績_地代家賃, 年間予実対比（予実対比）.年間予算_地代家賃",-,399
年間予実対比（予実対比）,分析画面,3次,年間予算対比率_家賃（変動分）,L2-S,"年間予実対比（予実対比）.年間実績_家賃（変動分）, 年間予実対比（予実対比）.年間予算_家賃（変動分）",-,400
年間予実対比（予実対比）,分析画面,3次,年間予算対比率_水道光熱費,L2-S,"年間予実対比（予実対比）.年間実績_水道光熱費, 年間予実対比（予実対比）.年間予算_水道光熱費",-,401
年間予実対比（予実対比）,分析画面,3次,年間予算対比率_電気代,L2-S,"年間予実対比（予実対比）.年間実績_電気代, 年間予実対比（予実対比）.年間予算_電気代",-,402
年間予実対比（予実対比）,分析画面,3次,年間予算対比率_ガス代,L2-S,"年間予実対比（予実対比）.年間実績_ガス代, 年間予実対比（予実対比）.年間予算_ガス代",-,403
年間予実対比（予実対比）,分析画面,3次,年間予算対比率_水道代,L2-S,"年間予実対比（予実対比）.年間実績_水道代, 年間予実対比（予実対比）.年間予算_水道代",-,404
年間予実対比（予実対比）,分析画面,3次,年間予算対比率_減価償却費,L2-S,"年間予実対比（予実対比）.年間実績_減価償却費, 年間予実対比（予実対比）.年間予算_減価償却費",-,405
年間予実対比（予実対比）,分析画面,3次,年間予算対比率_販促費,L2-S,"年間予実対比（予実対比）.年間実績_販促費, 年間予実対比（予実対比）.年間予算_販促費",-,406
年間予実対比（予実対比）,分析画面,3次,年間予算対比率_資材費,L2-S,"年間予実対比（予実対比）.年間実績_資材費, 年間予実対比（予実対比）.年間予算_資材費",-,407
年間予実対比（予実対比）,分析画面,3次,年間予算対比率_借入金返済,L2-S,"年間予実対比（予実対比）.年間実績_借入金返済, 年間予実対比（予実対比）.年間予算_借入金返済",-,408
年間予実対比（予実対比）,分析画面,3次,年間予算対比率_IT費用,L2-S,"年間予実対比（予実対比）.年間実績_IT費用, 年間予実対比（予実対比）.年間予算_IT費用",-,409
年間予実対比（予実対比）,分析画面,3次,年間予算対比率_ラクミー利用料,L2-S,"年間予実対比（予実対比）.年間実績_ラクミー利用料, 年間予実対比（予実対比）.年間予算_ラクミー利用料",-,410
年間予実対比（予実対比）,分析画面,3次,年間予算対比率_レジ利用料,L2-S,"年間予実対比（予実対比）.年間実績_レジ利用料, 年間予実対比（予実対比）.年間予算_レジ利用料",-,411
年間予実対比（予実対比）,分析画面,3次,年間予算対比率_クレジットカード手数料,L2-S,"年間予実対比（予実対比）.年間実績_クレジットカード手数料, 年間予実対比（予実対比）.年間予算_クレジットカード手数料",-,412
年間予実対比（予実対比）,分析画面,3次,年間予算対比率_お花代,L2-S,"年間予実対比（予実対比）.年間実績_お花代, 年間予実対比（予実対比）.年間予算_お花代",-,413
年間予実対比（予実対比）,分析画面,3次,年間予算対比率_営業利益,L2-S,"年間予実対比（予実対比）.年間実績_営業利益, 年間予実対比（予実対比）.年間予算_営業利益",-,414
年間予実対比（予実対比）,分析画面,3次,年間予算構成比_総売上 計,L2-S,"年間予実対比（予実対比）.年間予算_総売上 計, 年間予実対比（予実対比）.年間予算_総売上 計",-,415
年間予実対比（予実対比）,分析画面,3次,年間予算構成比_フード売上 計,L2-S,"年間予実対比（予実対比）.年間予算_フード売上 計, 年間予実対比（予実対比）.年間予算_総売上 計",-,416
年間予実対比（予実対比）,分析画面,3次,年間予算構成比_フード売上ランチ,L2-S,"年間予実対比（予実対比）.年間予算_フード売上ランチ, 年間予実対比（予実対比）.年間予算_総売上 計",-,417
年間予実対比（予実対比）,分析画面,3次,年間予算構成比_フード売上ディナー,L2-S,"年間予実対比（予実対比）.年間予算_フード売上ディナー, 年間予実対比（予実対比）.年間予算_総売上 計",-,418
年間予実対比（予実対比）,分析画面,3次,年間予算構成比_ドリンク売上 計,L2-S,"年間予実対比（予実対比）.年間予算_ドリンク売上 計, 年間予実対比（予実対比）.年間予算_総売上 計",-,419
年間予実対比（予実対比）,分析画面,3次,年間予算構成比_ドリンク売上ランチ,L2-S,"年間予実対比（予実対比）.年間予算_ドリンク売上ランチ, 年間予実対比（予実対比）.年間予算_総売上 計",-,420
年間予実対比（予実対比）,分析画面,3次,年間予算構成比_ドリンク売上ディナー,L2-S,"年間予実対比（予実対比）.年間予算_ドリンク売上ディナー, 年間予実対比（予実対比）.年間予算_総売上 計",-,421
年間予実対比（予実対比）,分析画面,3次,年間予算構成比_その他売上 計,L2-S,"年間予実対比（予実対比）.年間予算_その他売上 計, 年間予実対比（予実対比）.年間予算_総売上 計",-,422
年間予実対比（予実対比）,分析画面,3次,年間予算構成比_その他売上ランチ,L2-S,"年間予実対比（予実対比）.年間予算_その他売上ランチ, 年間予実対比（予実対比）.年間予算_総売上 計",-,423
年間予実対比（予実対比）,分析画面,3次,年間予算構成比_その他売上ディナー,L2-S,"年間予実対比（予実対比）.年間予算_その他売上ディナー, 年間予実対比（予実対比）.年間予算_総売上 計",-,424
年間予実対比（予実対比）,分析画面,3次,年間予算構成比_FLコスト 計,L2-S,"年間予実対比（予実対比）.年間予算_FLコスト 計, 年間予実対比（予実対比）.年間予算_総売上 計",-,425
年間予実対比（予実対比）,分析画面,3次,年間予算構成比_FD仕入 計,L2-S,"年間予実対比（予実対比）.年間予算_FD仕入 計, 年間予実対比（予実対比）.年間予算_総売上 計",-,426
年間予実対比（予実対比）,分析画面,3次,年間予算構成比_フード仕入,L2-S,"年間予実対比（予実対比）.年間予算_フード仕入, 年間予実対比（予実対比）.年間予算_総売上 計",-,427
年間予実対比（予実対比）,分析画面,3次,年間予算構成比_ドリンク仕入,L2-S,"年間予実対比（予実対比）.年間予算_ドリンク仕入, 年間予実対比（予実対比）.年間予算_総売上 計",-,428
年間予実対比（予実対比）,分析画面,3次,年間予算構成比_人件費 計,L2-S,"年間予実対比（予実対比）.年間予算_人件費 計, 年間予実対比（予実対比）.年間予算_総売上 計",-,429
年間予実対比（予実対比）,分析画面,3次,年間予算構成比_固定人件費,L2-S,"年間予実対比（予実対比）.年間予算_固定人件費, 年間予実対比（予実対比）.年間予算_総売上 計",-,430
年間予実対比（予実対比）,分析画面,3次,年間予算構成比_PA人件費,L2-S,"年間予実対比（予実対比）.年間予算_PA人件費, 年間予実対比（予実対比）.年間予算_総売上 計",-,431
年間予実対比（予実対比）,分析画面,3次,年間予算構成比_社員人件費,L2-S,"年間予実対比（予実対比）.年間予算_社員人件費, 年間予実対比（予実対比）.年間予算_総売上 計",-,432
年間予実対比（予実対比）,分析画面,3次,年間予算構成比_ヘルプ人件費,L2-S,"年間予実対比（予実対比）.年間予算_ヘルプ人件費, 年間予実対比（予実対比）.年間予算_総売上 計",-,433
年間予実対比（予実対比）,分析画面,3次,年間予算構成比_その他経費 計,L2-S,"年間予実対比（予実対比）.年間予算_その他経費 計, 年間予実対比（予実対比）.年間予算_総売上 計",-,434
年間予実対比（予実対比）,分析画面,3次,年間予算構成比_地代家賃,L2-S,"年間予実対比（予実対比）.年間予算_地代家賃, 年間予実対比（予実対比）.年間予算_総売上 計",-,435
年間予実対比（予実対比）,分析画面,3次,年間予算構成比_家賃（変動分）,L2-S,"年間予実対比（予実対比）.年間予算_家賃（変動分）, 年間予実対比（予実対比）.年間予算_総売上 計",-,436
年間予実対比（予実対比）,分析画面,3次,年間予算構成比_水道光熱費,L2-S,"年間予実対比（予実対比）.年間予算_水道光熱費, 年間予実対比（予実対比）.年間予算_総売上 計",-,437
年間予実対比（予実対比）,分析画面,3次,年間予算構成比_電気代,L2-S,"年間予実対比（予実対比）.年間予算_電気代, 年間予実対比（予実対比）.年間予算_総売上 計",-,438
年間予実対比（予実対比）,分析画面,3次,年間予算構成比_ガス代,L2-S,"年間予実対比（予実対比）.年間予算_ガス代, 年間予実対比（予実対比）.年間予算_総売上 計",-,439
年間予実対比（予実対比）,分析画面,3次,年間予算構成比_水道代,L2-S,"年間予実対比（予実対比）.年間予算_水道代, 年間予実対比（予実対比）.年間予算_総売上 計",-,440
年間予実対比（予実対比）,分析画面,3次,年間予算構成比_減価償却費,L2-S,"年間予実対比（予実対比）.年間予算_減価償却費, 年間予実対比（予実対比）.年間予算_総売上 計",-,441
年間予実対比（予実対比）,分析画面,3次,年間予算構成比_販促費,L2-S,"年間予実対比（予実対比）.年間予算_販促費, 年間予実対比（予実対比）.年間予算_総売上 計",-,442
年間予実対比（予実対比）,分析画面,3次,年間予算構成比_資材費,L2-S,"年間予実対比（予実対比）.年間予算_資材費, 年間予実対比（予実対比）.年間予算_総売上 計",-,443
年間予実対比（予実対比）,分析画面,3次,年間予算構成比_借入金返済,L2-S,"年間予実対比（予実対比）.年間予算_借入金返済, 年間予実対比（予実対比）.年間予算_総売上 計",-,444
年間予実対比（予実対比）,分析画面,3次,年間予算構成比_IT費用,L2-S,"年間予実対比（予実対比）.年間予算_IT費用, 年間予実対比（予実対比）.年間予算_総売上 計",-,445
年間予実対比（予実対比）,分析画面,3次,年間予算構成比_ラクミー利用料,L2-S,"年間予実対比（予実対比）.年間予算_ラクミー利用料, 年間予実対比（予実対比）.年間予算_総売上 計",-,446
年間予実対比（予実対比）,分析画面,3次,年間予算構成比_レジ利用料,L2-S,"年間予実対比（予実対比）.年間予算_レジ利用料, 年間予実対比（予実対比）.年間予算_総売上 計",-,447
年間予実対比（予実対比）,分析画面,3次,年間予算構成比_クレジットカード手数料,L2-S,"年間予実対比（予実対比）.年間予算_クレジットカード手数料, 年間予実対比（予実対比）.年間予算_総売上 計",-,448
年間予実対比（予実対比）,分析画面,3次,年間予算構成比_お花代,L2-S,"年間予実対比（予実対比）.年間予算_お花代, 年間予実対比（予実対比）.年間予算_総売上 計",-,449
年間予実対比（予実対比）,分析画面,3次,年間予算構成比_営業利益,L2-S,"年間予実対比（予実対比）.年間予算_営業利益, 年間予実対比（予実対比）.年間予算_総売上 計",-,450
年間予実対比（予実対比）,分析画面,3次,年間構成比_総売上 計,L2-S,"年間予実対比（予実対比）.年間実績_総売上 計, 年間予実対比（予実対比）.年間実績_総売上 計",-,451
年間予実対比（予実対比）,分析画面,3次,年間構成比_フード売上 計,L2-S,"年間予実対比（予実対比）.年間実績_フード売上 計, 年間予実対比（予実対比）.年間実績_総売上 計",-,452
年間予実対比（予実対比）,分析画面,3次,年間構成比_フード売上ランチ,L2-S,"年間予実対比（予実対比）.年間実績_フード売上ランチ, 年間予実対比（予実対比）.年間実績_総売上 計",-,453
年間予実対比（予実対比）,分析画面,3次,年間構成比_フード売上ディナー,L2-S,"年間予実対比（予実対比）.年間実績_フード売上ディナー, 年間予実対比（予実対比）.年間実績_総売上 計",-,454
年間予実対比（予実対比）,分析画面,3次,年間構成比_ドリンク売上 計,L2-S,"年間予実対比（予実対比）.年間実績_ドリンク売上 計, 年間予実対比（予実対比）.年間実績_総売上 計",-,455
年間予実対比（予実対比）,分析画面,3次,年間構成比_ドリンク売上ランチ,L2-S,"年間予実対比（予実対比）.年間実績_ドリンク売上ランチ, 年間予実対比（予実対比）.年間実績_総売上 計",-,456
年間予実対比（予実対比）,分析画面,3次,年間構成比_ドリンク売上ディナー,L2-S,"年間予実対比（予実対比）.年間実績_ドリンク売上ディナー, 年間予実対比（予実対比）.年間実績_総売上 計",-,457
年間予実対比（予実対比）,分析画面,3次,年間構成比_その他売上 計,L2-S,"年間予実対比（予実対比）.年間実績_その他売上 計, 年間予実対比（予実対比）.年間実績_総売上 計",-,458
年間予実対比（予実対比）,分析画面,3次,年間構成比_その他売上ランチ,L2-S,"年間予実対比（予実対比）.年間実績_その他売上ランチ, 年間予実対比（予実対比）.年間実績_総売上 計",-,459
年間予実対比（予実対比）,分析画面,3次,年間構成比_その他売上ディナー,L2-S,"年間予実対比（予実対比）.年間実績_その他売上ディナー, 年間予実対比（予実対比）.年間実績_総売上 計",-,460
年間予実対比（予実対比）,分析画面,3次,年間構成比_FLコスト 計,L2-S,"年間予実対比（予実対比）.年間実績_FLコスト 計, 年間予実対比（予実対比）.年間実績_総売上 計",-,461
年間予実対比（予実対比）,分析画面,3次,年間構成比_FD仕入 計,L2-S,"年間予実対比（予実対比）.年間実績_FD仕入 計, 年間予実対比（予実対比）.年間実績_総売上 計",-,462
年間予実対比（予実対比）,分析画面,3次,年間構成比_フード仕入,L2-S,"年間予実対比（予実対比）.年間実績_フード仕入, 年間予実対比（予実対比）.年間実績_総売上 計",-,463
年間予実対比（予実対比）,分析画面,3次,年間構成比_ドリンク仕入,L2-S,"年間予実対比（予実対比）.年間実績_ドリンク仕入, 年間予実対比（予実対比）.年間実績_総売上 計",-,464
年間予実対比（予実対比）,分析画面,3次,年間構成比_人件費 計,L2-S,"年間予実対比（予実対比）.年間実績_人件費 計, 年間予実対比（予実対比）.年間実績_総売上 計",-,465
年間予実対比（予実対比）,分析画面,3次,年間構成比_固定人件費,L2-S,"年間予実対比（予実対比）.年間実績_固定人件費, 年間予実対比（予実対比）.年間実績_総売上 計",-,466
年間予実対比（予実対比）,分析画面,3次,年間構成比_PA人件費,L2-S,"年間予実対比（予実対比）.年間実績_PA人件費, 年間予実対比（予実対比）.年間実績_総売上 計",-,467
年間予実対比（予実対比）,分析画面,3次,年間構成比_社員人件費,L2-S,"年間予実対比（予実対比）.年間実績_社員人件費, 年間予実対比（予実対比）.年間実績_総売上 計",-,468
年間予実対比（予実対比）,分析画面,3次,年間構成比_ヘルプ人件費,L2-S,"年間予実対比（予実対比）.年間実績_ヘルプ人件費, 年間予実対比（予実対比）.年間実績_総売上 計",-,469
年間予実対比（予実対比）,分析画面,3次,年間構成比_その他経費 計,L2-S,"年間予実対比（予実対比）.年間実績_その他経費 計, 年間予実対比（予実対比）.年間実績_総売上 計",-,470
年間予実対比（予実対比）,分析画面,3次,年間構成比_地代家賃,L2-S,"年間予実対比（予実対比）.年間実績_地代家賃, 年間予実対比（予実対比）.年間実績_総売上 計",-,471
年間予実対比（予実対比）,分析画面,3次,年間構成比_家賃（変動分）,L2-S,"年間予実対比（予実対比）.年間実績_家賃（変動分）, 年間予実対比（予実対比）.年間実績_総売上 計",-,472
年間予実対比（予実対比）,分析画面,3次,年間構成比_水道光熱費,L2-S,"年間予実対比（予実対比）.年間実績_水道光熱費, 年間予実対比（予実対比）.年間実績_総売上 計",-,473
年間予実対比（予実対比）,分析画面,3次,年間構成比_電気代,L2-S,"年間予実対比（予実対比）.年間実績_電気代, 年間予実対比（予実対比）.年間実績_総売上 計",-,474
年間予実対比（予実対比）,分析画面,3次,年間構成比_ガス代,L2-S,"年間予実対比（予実対比）.年間実績_ガス代, 年間予実対比（予実対比）.年間実績_総売上 計",-,475
年間予実対比（予実対比）,分析画面,3次,年間構成比_水道代,L2-S,"年間予実対比（予実対比）.年間実績_水道代, 年間予実対比（予実対比）.年間実績_総売上 計",-,476
年間予実対比（予実対比）,分析画面,3次,年間構成比_減価償却費,L2-S,"年間予実対比（予実対比）.年間実績_減価償却費, 年間予実対比（予実対比）.年間実績_総売上 計",-,477
年間予実対比（予実対比）,分析画面,3次,年間構成比_販促費,L2-S,"年間予実対比（予実対比）.年間実績_販促費, 年間予実対比（予実対比）.年間実績_総売上 計",-,478
年間予実対比（予実対比）,分析画面,3次,年間構成比_資材費,L2-S,"年間予実対比（予実対比）.年間実績_資材費, 年間予実対比（予実対比）.年間実績_総売上 計",-,479
年間予実対比（予実対比）,分析画面,3次,年間構成比_借入金返済,L2-S,"年間予実対比（予実対比）.年間実績_借入金返済, 年間予実対比（予実対比）.年間実績_総売上 計",-,480
年間予実対比（予実対比）,分析画面,3次,年間構成比_IT費用,L2-S,"年間予実対比（予実対比）.年間実績_IT費用, 年間予実対比（予実対比）.年間実績_総売上 計",-,481
年間予実対比（予実対比）,分析画面,3次,年間構成比_ラクミー利用料,L2-S,"年間予実対比（予実対比）.年間実績_ラクミー利用料, 年間予実対比（予実対比）.年間実績_総売上 計",-,482
年間予実対比（予実対比）,分析画面,3次,年間構成比_レジ利用料,L2-S,"年間予実対比（予実対比）.年間実績_レジ利用料, 年間予実対比（予実対比）.年間実績_総売上 計",-,483
年間予実対比（予実対比）,分析画面,3次,年間構成比_クレジットカード手数料,L2-S,"年間予実対比（予実対比）.年間実績_クレジットカード手数料, 年間予実対比（予実対比）.年間実績_総売上 計",-,484
年間予実対比（予実対比）,分析画面,3次,年間構成比_お花代,L2-S,"年間予実対比（予実対比）.年間実績_お花代, 年間予実対比（予実対比）.年間実績_総売上 計",-,485
年間予実対比（予実対比）,分析画面,3次,年間構成比_営業利益,L2-S,"年間予実対比（予実対比）.年間実績_営業利益, 年間予実対比（予実対比）.年間実績_総売上 計",-,486
年間予実対比（予実対比）,分析画面,4次,年間実績_ヘルプ人件費,L3-S,[外部]勤怠連携（KOT/ジョブカン）.ヘルプ人件費,-,241
年間予実対比（予実対比）,分析画面,4次,年間予算_固定人件費,L3-S,月次予算設定.年間固定人件費,-,322
年間予実対比（予実対比）,分析画面,4次,年間予算_社員人件費,L3-S,月次予算設定.年間社員人件費,-,324
年間予実対比（予実対比）,分析画面,4次,年間予算_ヘルプ人件費,L3-S,月次予算設定.年間ヘルプ人件費,-,325
年間予実対比（予実対比）,分析画面,4次,年間予算_その他経費 計,L3-S,月次予算設定.年間その他経費,-,326
年間予実対比（予実対比）,分析画面,4次,年間予算_地代家賃,L3-S,月次予算設定.年間地代家賃,-,327
年間予実対比（予実対比）,分析画面,4次,年間予算_家賃（変動分）,L3-S,月次予算設定.年間家賃（変動分）,-,328
年間予実対比（予実対比）,分析画面,4次,年間予算_水道光熱費,L3-S,月次予算設定.年間水道光熱費,-,329
年間予実対比（予実対比）,分析画面,4次,年間予算_電気代,L3-S,月次予算設定.年間電気代,-,330
年間予実対比（予実対比）,分析画面,4次,年間予算_ガス代,L3-S,月次予算設定.年間ガス代,-,331
年間予実対比（予実対比）,分析画面,4次,年間予算_水道代,L3-S,月次予算設定.年間水道代,-,332
年間予実対比（予実対比）,分析画面,4次,年間予算_減価償却費,L3-S,月次予算設定.年間減価償却費,-,333
年間予実対比（予実対比）,分析画面,4次,年間予算_販促費,L3-S,月次予算設定.年間販促費,-,334
年間予実対比（予実対比）,分析画面,4次,年間予算_資材費,L3-S,月次予算設定.年間資材費,-,335
年間予実対比（予実対比）,分析画面,4次,年間予算_借入金返済,L3-S,月次予算設定.年間借入金返済,-,336
年間予実対比（予実対比）,分析画面,4次,年間予算_IT費用,L3-S,月次予算設定.年間IT費用,-,337
年間予実対比（予実対比）,分析画面,4次,年間予算_ラクミー利用料,L3-S,月次予算設定.年間ラクミー利用料,-,338
年間予実対比（予実対比）,分析画面,4次,年間予算_レジ利用料,L3-S,月次予算設定.年間レジ利用料,-,339
年間予実対比（予実対比）,分析画面,4次,年間予算_クレジットカード手数料,L3-S,月次予算設定.年間クレジットカード手数料,-,340
年間予実対比（予実対比）,分析画面,4次,年間予算_お花代,L3-S,月次予算設定.年間お花代,-,341
年間予実対比（予実対比）,分析画面,5次,年次成長トレンド指標,L4(提案),年間実績_ヘルプ人件費; 年間予算_固定人件費; 年間予算_社員人件費,【予測用】年間実績の前年同月比からの成長率 / 概念式: 年間実績_* / 前年同期比,提案
年間予実対比（予実対比）,分析画面,5次,年間予算達成進捗の加速率,L4(提案),年間実績_ヘルプ人件費; 年間予算_固定人件費; 年間予算_社員人件費,【経営判断用】予算達成ペースの変化（加速/減速） / 概念式: 年間予算対比率_* (前月比),提案
店舗別人件費,分析画面,2次,売上（税込）,L1,[外部]TTEND.sales,-,121
店舗別人件費,分析画面,2次,売上比率,L1,当月実績.売上（税抜）,-,122
店舗別人件費,分析画面,2次,売上（税込）,L1,[外部]ZTOTAL.sales,-,128
店舗別人件費,分析画面,2次,売上（税抜）,L1,[外部]ZTOTAL.sales_excluded,-,129
店舗別人件費,分析画面,2次,仕入（税込）,L1,[外部]trade_total.total,-,130
店舗別人件費,分析画面,2次,仕入（税抜）,L1,[外部]infomart_transactions.total_tax_excluded,-,131
店舗別人件費,分析画面,2次,PA人件費,L1,[外部]head_office_employee_working_records.daily_cost,-,132
店舗別人件費,分析画面,2次,売上（税抜）,L1,[外部]ZTOTAL.sales_excluded,-,133
店舗別人件費,分析画面,2次,仕入費,L1,[外部]infomart_transactions.total_tax_excluded,-,134
店舗別人件費,分析画面,2次,PA人件費,L1,[外部]head_office_connected_service_labor_costs_logs.labor_costs,-,135
店舗別人件費,分析画面,2次,ランチ売上（税抜）,L1,[外部]TITEM.sales_excluded,-,136
店舗別人件費,分析画面,2次,ディナー売上（税抜）,L1,[外部]TITEM.sales_excluded,-,137
店舗別人件費,分析画面,2次,客数,L1,[外部]ZTOTAL.customers,-,138
店舗別人件費,分析画面,2次,客単価（税抜）,L1,"当月実績.売上（税抜）, 時間帯別売上分析.客数",-,139
支払方法別分析,分析画面,2次,支払方法,L1,[外部]TTEND.head_office_payment_method_id,-,120
支払方法別分析,分析画面,2次,クレジットカード合計売上,L1,[外部]TTEND.sales,-,123
支払方法別分析,分析画面,2次,QR決済合計売上,L1,[外部]TTEND.sales,-,124
支払方法別分析,分析画面,2次,MUGENファミリーカード合計売上,L1,[外部]TTEND.sales,-,125
支払方法別分析,分析画面,2次,売掛合計売上,L1,[外部]TTEND.sales,-,126
支払方法別分析,分析画面,2次,交通系IC合計売上,L1,[外部]TTEND.sales,-,127
曜日別分析,分析画面,2次,曜日,L1,[外部]ZTOTAL.date,-,140
曜日別分析,分析画面,2次,平均売上（税抜）,L1,"日次推移.売上（税抜）, 日次推移.売上（税抜）",-,141
曜日別分析,分析画面,2次,平均客数,L1,時間帯別売上分析.客数,-,142
曜日別分析,分析画面,2次,平均客数（税抜）,L1,時間帯別売上分析.客数,-,143
月次レポート,分析画面,1次,店舗名,L0,[マスタ]shops.name,-,149
月次レポート,分析画面,2次,原価率,L1,当月実績.売上（税抜）,-,145
月次レポート,分析画面,2次,仕入総額,L1,[外部]tax_excluded_total.amount,-,147
月次レポート,分析画面,2次,売上合計（税抜）,L1,[外部]ZTOTAL.sales_excluded,-,150
月次レポート,分析画面,3次,原価（金額）,L2-C,月次レポート.仕入総額,-,144
月次レポート,分析画面,3次,対象前月在庫（金額）,L2-C,-,-,146
月次レポート,分析画面,3次,対象月在庫（金額）,L2-C,-,-,148
費目別仕入分析,分析画面,1次,費目,L0,[マスタ]monthly_cost_items.name,-,151
費目別仕入分析,分析画面,2次,金額（税抜）,L1,-,-,152
費目別仕入分析,分析画面,3次,比率,L2-C,-,-,153
進捗分析,分析画面,3次,利益進捗率,L2-C,当月実績.営業利益,-,154
進捗分析,分析画面,3次,売上進捗率,L2-C,"店舗別サマリー.売上（税抜）, 店舗別サマリー.売上目標",-,155
進捗分析,分析画面,3次,達成率,L2-C,当月実績.売上（税抜）,-,156
進捗分析,分析画面,3次,進捗率比較（前月）,L2-C,当月実績.売上（税抜）,-,157
進捗分析,分析画面,3次,進捗率比較（前々月）,L2-C,当月実績.売上（税抜）,-,158
ラベル一覧,一覧表示画面,1次,店舗ID,L0,-,-,159
ラベル一覧,一覧表示画面,1次,店舗名,L0,-,-,160
ラベル一覧,一覧表示画面,1次,ラベル名,L0,-,-,161
商品仕入単価,一覧表示画面,3次,アイテム,L2-C,[外部]detail_list.item_name,-,162
商品仕入単価,一覧表示画面,3次,金額（税抜）,L2-C,[外部]detail_list.price,-,163
商品仕入単価,一覧表示画面,3次,数量,L2-C,[外部]detail_list.num,-,164
商品仕入単価,一覧表示画面,3次,単価,L2-C,商品仕入単価.数量,-,165
棚卸詳細,一覧表示画面,1次,実施日,L0,-,-,166
棚卸詳細,一覧表示画面,1次,カテゴリ,L0,-,-,168
棚卸詳細,一覧表示画面,1次,ラベル,L0,-,-,169
棚卸詳細,一覧表示画面,1次,在庫数量,L0,-,-,170
棚卸詳細,一覧表示画面,1次,商品単価,L0,-,-,171
棚卸詳細,一覧表示画面,3次,仕入れ先,L2-C,-,-,167
棚卸詳細,一覧表示画面,3次,小計,L2-C,-,-,172
納品書管理,一覧表示画面,1次,店舗名,L0,-,-,176
納品書管理,一覧表示画面,3次,納品書ID,L2-C,-,-,173
納品書管理,一覧表示画面,3次,受付日付,L2-C,-,-,174
納品書管理,一覧表示画面,3次,納品日,L2-C,-,-,175
納品書管理,一覧表示画面,3次,処理ステータス,L2-C,-,-,177
納品書管理,一覧表示画面,3次,発注先,L2-C,-,-,178
納品書詳細,一覧表示画面,3次,納品書ID,L2-C,-,-,179
納品書詳細,一覧表示画面,3次,発注者,L2-C,-,-,180
納品書詳細,一覧表示画面,3次,受注者,L2-C,-,-,181
納品書詳細,一覧表示画面,3次,処理ステータス,L2-C,-,-,182
納品書詳細,一覧表示画面,3次,納品日,L2-C,-,-,183
主要KPI指標,ダッシュボード表示画面,4次,坪月商,L3-C,当月実績.売上（税抜）,-,184
主要KPI指標,ダッシュボード表示画面,4次,営業利益率,L3-C,"当月実績.営業利益, 当月実績.売上（税抜）, 予実対比.FD仕入, 予実対比.人件費",-,185
主要KPI指標,ダッシュボード表示画面,4次,家賃比率,L3-C,当月実績.売上（税抜）,-,186
主要KPI指標,ダッシュボード表示画面,4次,ROI,L3-C,当月実績.営業利益,-,187
主要KPI指標,ダッシュボード表示画面,5次,総合パフォーマンススコア,L4(提案),坪月商; 営業利益率; 家賃比率,【KPI用】複数KPIの重み付け合成スコア（売上×利益率×客数） / 概念式: 主要指標の加重平均,提案
主要KPI指標,ダッシュボード表示画面,5次,異常検知フラグ,L4(提案),坪月商; 営業利益率; 家賃比率,【異常検知用】閾値超過時にアラート表示 / 概念式: 指標 > 閾値 or < 閾値,提案
年間予実対比（サマリー）,ダッシュボード表示画面,2次,FD仕入額,L1,[外部]infomart_transactions.total_tax_excluded,-,250
年間予実対比（サマリー）,ダッシュボード表示画面,2次,人件費額,L1,[外部]head_office_connected_service_labor_costs_logs.labor_costs,-,251
年間予実対比（サマリー）,ダッシュボード表示画面,4次,客単価（ランチ）,L3-S,"時間帯別売上分析.ランチ売上（税抜）, 時間帯別売上分析.客数",-,247
年間予実対比（サマリー）,ダッシュボード表示画面,4次,客単価（ディナー）,L3-S,"時間帯別売上分析.ディナー売上（税抜）, 時間帯別売上分析.客数",-,248
年間予実対比（サマリー）,ダッシュボード表示画面,4次,営業利益,L3-S,"当月実績.売上（税抜）, 予実対比.FD仕入, 予実対比.人件費",-,249
年間予実対比（サマリー）,ダッシュボード表示画面,4次,客単価,L3-S,"当月実績.売上（税抜）, 感度分析.客数",-,252
年間予実対比（サマリー）,ダッシュボード表示画面,5次,年次成長トレンド指標,L4(提案),客単価（ランチ）; 客単価（ディナー）; 営業利益,【予測用】年間実績の前年同月比からの成長率 / 概念式: 年間実績_* / 前年同期比,提案
年間予実対比（サマリー）,ダッシュボード表示画面,5次,年間予算達成進捗の加速率,L4(提案),客単価（ランチ）; 客単価（ディナー）; 営業利益,【経営判断用】予算達成ペースの変化（加速/減速） / 概念式: 年間予算対比率_* (前月比),提案
店舗ラベル別サマリー,ダッシュボード表示画面,2次,売上目標,L1,[入力]monthly_budgets.profit,-,190
店舗ラベル別サマリー,ダッシュボード表示画面,3次,売上（税抜）,L2-L,[外部]ZTOTAL.sales_excluded,-,189
店舗ラベル別サマリー,ダッシュボード表示画面,4次,営業利益,L3-L,"店舗ラベル別サマリー.売上（税抜）, 予実対比.FD仕入, 予実対比.人件費",-,188
店舗ラベル別サマリー,ダッシュボード表示画面,4次,売上達成率,L3-L,"店舗ラベル別サマリー.売上（税抜）, 店舗ラベル別サマリー.売上目標",-,191
店舗ラベル別サマリー,ダッシュボード表示画面,4次,売上進捗率,L3-L,"店舗ラベル別サマリー.売上（税抜）, 店舗ラベル別サマリー.売上目標",-,192
店舗ラベル別サマリー,ダッシュボード表示画面,4次,FD仕入率,L3-L,"予実対比.FD仕入, 店舗ラベル別サマリー.売上（税抜）",-,193
店舗ラベル別サマリー,ダッシュボード表示画面,4次,人件費率,L3-L,"予実対比.人件費, 店舗ラベル別サマリー.売上（税抜）",-,194
店舗ラベル別サマリー,ダッシュボード表示画面,5次,総合パフォーマンススコア,L4(提案),営業利益; 売上達成率; 売上進捗率,【KPI用】複数KPIの重み付け合成スコア（売上×利益率×客数） / 概念式: 主要指標の加重平均,提案
店舗ラベル別サマリー,ダッシュボード表示画面,5次,異常検知フラグ,L4(提案),営業利益; 売上達成率; 売上進捗率,【異常検知用】閾値超過時にアラート表示 / 概念式: 指標 > 閾値 or < 閾値,提案
店舗別サマリー,ダッシュボード表示画面,2次,売上目標,L1,[入力]monthly_budgets.profit,-,197
店舗別サマリー,ダッシュボード表示画面,3次,売上（税抜）,L2-C,[外部]ZTOTAL.sales_excluded,-,196
店舗別サマリー,ダッシュボード表示画面,4次,営業利益,L3-C,"店舗別サマリー.売上（税抜）, 予実対比.FD仕入, 予実対比.人件費",-,195
店舗別サマリー,ダッシュボード表示画面,4次,売上達成率,L3-C,"店舗別サマリー.売上（税抜）, 店舗別サマリー.売上目標",-,198
店舗別サマリー,ダッシュボード表示画面,4次,売上進捗率,L3-C,"店舗別サマリー.売上（税抜）, 店舗別サマリー.売上目標",-,199
店舗別サマリー,ダッシュボード表示画面,4次,FD仕入率,L3-C,"予実対比.FD仕入, 店舗別サマリー.売上（税抜）",-,200
店舗別サマリー,ダッシュボード表示画面,4次,人件費率,L3-C,"予実対比.人件費, 店舗別サマリー.売上（税抜）",-,201
店舗別サマリー,ダッシュボード表示画面,5次,総合パフォーマンススコア,L4(提案),営業利益; 売上達成率; 売上進捗率,【KPI用】複数KPIの重み付け合成スコア（売上×利益率×客数） / 概念式: 主要指標の加重平均,提案
店舗別サマリー,ダッシュボード表示画面,5次,異常検知フラグ,L4(提案),営業利益; 売上達成率; 売上進捗率,【異常検知用】閾値超過時にアラート表示 / 概念式: 指標 > 閾値 or < 閾値,提案
当月実績,ダッシュボード表示画面,2次,営業利益予算,L1,SUM(紐づく店舗.月次予算設定.営業利益予算),-,207
当月実績,ダッシュボード表示画面,2次,売上予算,L1,SUM(紐づく店舗.月次予算設定.売上予算),-,209
当月実績,ダッシュボード表示画面,3次,売上（税抜）,L2-C,[外部]ZTOTAL.sales_excluded,-,203
当月実績,ダッシュボード表示画面,4次,営業利益,L3-C,"当月実績.売上（税抜）, 予実対比.FD仕入, 予実対比.人件費",-,202
当月実績,ダッシュボード表示画面,4次,FD仕入率,L3-C,"予実対比.FD仕入, 当月実績.売上（税抜）",-,204
当月実績,ダッシュボード表示画面,4次,人件費率,L3-C,"予実対比.人件費, 当月実績.売上（税抜）",-,205
当月実績,ダッシュボード表示画面,4次,FL率,L3-C,"予実対比.FD仕入, 予実対比.人件費, 当月実績.売上（税抜）",-,206
当月実績,ダッシュボード表示画面,4次,営業利益達成率,L3-C,"当月実績.営業利益, 当月実績.営業利益予算",-,208
当月実績,ダッシュボード表示画面,4次,売上達成率,L3-C,"当月実績.売上（税抜）, 当月実績.売上予算",-,210
当月実績,ダッシュボード表示画面,5次,総合パフォーマンススコア,L4(提案),営業利益; FD仕入率; 人件費率,【KPI用】複数KPIの重み付け合成スコア（売上×利益率×客数） / 概念式: 主要指標の加重平均,提案
当月実績,ダッシュボード表示画面,5次,異常検知フラグ,L4(提案),営業利益; FD仕入率; 人件費率,【異常検知用】閾値超過時にアラート表示 / 概念式: 指標 > 閾値 or < 閾値,提案
