,,,高：L2以上の指標が5個以上,,,最高：TITEM参照+時間帯フィルタ / 高負荷指標が多数,L0:データ取得層,,,,,,,,,,◎ 必須,,
作成日: 2025年12月17日,,,中：L2以上の指標が2-4個,,,高：外部連携×外部連携 / 複合演算,L1:単純演算層,,,,,,,,,,○ 推奨,,
,,,低：L2以上の指標が1個以下,,,中：外部連携単独 / 単純集計,L2-C:画面内演算層（全店舗）全店舗集計データの画面内四則演算・比率計算,,,,,,,,,,△ 検討,,高負荷指標数・高負荷率・経営重要度
,,,,,,低：マスタ参照 / 内部入力,L3-C:画面間演算層（全店舗）全店舗集計データの画面間演算,,,,,,,,,,× 不要,,
,,,,,,,L3-L:画面間演算層（店舗ラベル別）店舗ラベル別集計データの画面間演算,,,,,,,,,,,,
,,,,,,,,,,,,,,,,,,,
,基礎データ,,分類,,,,,,,,input,,calculate,output,output指標を利用する先、画面,システム設計,,,
No,画面タイトル,画面タイプ,独自画面度,経営重要度,データスコープ,データ負荷,計算レイヤー,演算範囲,Step1_外部テーブル,Step2_内部テーブル,Step3_インプット元,Step4_演算ロジック,Step5_演算式,Step6_画面表示,Step7_アウトプット先,キャッシュ戦略,スナップショット対象,更新トリガー,
1,当月実績,ダッシュボード表示画面,低,S,全店舗,最高,L3-C,外部連携参照,ZTOTAL.sales_excluded,head_office_connected_service_sales_logs.sales_excluded,[外部]ZTOTAL.sales_excluded,参照表示,売上（税抜）: SUM(ZTOTAL.sales_excluded),当月実績.売上（税抜）,"ABC分析, ABC分析.売上構成比率, 主要KPI指標.営業利益率, 主要KPI指標.坪月商, 主要KPI指標.家賃比率, 年間予実対比.営業利益, 年間予実対比.客単価, 店舗別サマリー, 当月実績.FD仕入率, 当月実績.FL率, 当月実績.人件費率, 当月実績.営業利益, 支払種別売上分析.売上比率, 日次レポート, 日次推移, 時間帯別売上分析.客単価（税抜）, 月次レポート.原価率, 進捗分析.進捗率比較（前々月）, 進捗分析.進捗率比較（前月）, 進捗分析.達成率",長期キャッシュ(1時間以上),◎,日次バッチ,
,,,,,,,,設定値参照,,monthly_budgets.profit,SUM(紐づく店舗.月次予算設定.営業利益予算),参照表示,営業利益予算: monthly_budgets.profit,当月実績.営業利益予算,当月実績.営業利益達成率,,,,
,,,,,,,,,,monthly_budgets.sales,SUM(紐づく店舗.月次予算設定.売上予算),データ取得,売上予算: monthly_budgets.sales,当月実績.売上予算,当月実績.売上達成率,,,,
,,,,,,,,画面間演算,"ZTOTAL.sales_excluded, infomart_transactions.total_tax_excluded, head_office_connected_service_labor_costs_logs.labor_costs","head_office_connected_service_sales_logs.sales_excluded, infomart_transactions.total_tax_excluded, head_office_connected_service_labor_costs_logs.labor_costs, monthly_costs.value","当月実績.売上（税抜）, 予実対比.FD仕入, 予実対比.人件費",参照表示,営業利益: 当月実績.売上（税抜） - 予実対比.FD仕入 - 予実対比.人件費 - 予実対比.その他経費,当月実績.営業利益,"主要KPI指標.ROI, 年間予実対比.営業利益, 店舗別サマリー.営業利益, 進捗分析.利益進捗率",,,,
,,,,,,,,,"infomart_transactions.total_tax_excluded, ZTOTAL.sales_excluded","infomart_transactions.total_tax_excluded, head_office_connected_service_sales_logs.sales_excluded","予実対比.FD仕入, 当月実績.売上（税抜）",仕入÷売上×100,FD仕入率: 予実対比.FD仕入 ÷ 当月実績.売上（税抜） × 100,当月実績.FD仕入率,店舗別サマリー.FD仕入率,,,,
,,,,,,,,,"head_office_connected_service_labor_costs_logs.labor_costs, ZTOTAL.sales_excluded","head_office_connected_service_labor_costs_logs.labor_costs, head_office_connected_service_sales_logs.sales_excluded","予実対比.人件費, 当月実績.売上（税抜）",比率計算,人件費率: 予実対比.人件費 ÷ 当月実績.売上（税抜） × 100,当月実績.人件費率,店舗別サマリー.人件費率,,,,
,,,,,,,,,"infomart_transactions.total_tax_excluded, head_office_connected_service_labor_costs_logs.labor_costs, ZTOTAL.sales_excluded","infomart_transactions.total_tax_excluded, head_office_connected_service_labor_costs_logs.labor_costs, head_office_connected_service_sales_logs.sales_excluded","予実対比.FD仕入, 予実対比.人件費, 当月実績.売上（税抜）",仕入÷売上×100,FL率: (予実対比.FD仕入 + 予実対比.人件費) ÷ 当月実績.売上（税抜） × 100,当月実績.FL率,,,,,
,,,,,,,,,"ZTOTAL.sales_excluded, monthly_budgets.profit","head_office_connected_service_sales_logs.sales_excluded, monthly_budgets.profit","当月実績.営業利益, 当月実績.営業利益予算",比率計算,営業利益達成率: 当月実績.営業利益 ÷ 当月実績.営業利益予算 × 100,当月実績.営業利益達成率,,,,,
,,,,,,,,,"ZTOTAL.sales_excluded, monthly_budgets.sales","head_office_connected_service_sales_logs.sales_excluded, monthly_budgets.sales","当月実績.売上（税抜）, 当月実績.売上予算",比率計算,売上達成率: 当月実績.売上（税抜） ÷ 当月実績.売上予算 × 100,当月実績.売上達成率,,,,,
2,年間予実対比（予実対比）,分析画面,高,S,全店舗年次,最高,L3-C,外部連携単独,ZTOTAL.sales_excluded,head_office_connected_service_sales_logs.sales_excluded,[外部]ZTOTAL.sales_excluded,SUM,年間実績_総売上 計: SUM(ZTOTAL.sales_excluded) GROUP BY year,年間予実対比（予実対比）.年間実績_総売上 計,年間予実対比（予実対比）.営業利益,長期キャッシュ(1時間以上),◎,日次バッチ,
,,,,,,,,,TITEM.sales_excluded,head_office_item_sales_logs.sales_excluded,[外部]TITEM.sales_excluded,SUMフード,年間実績_フード売上 計: SUM(TITEM.sales_excluded) WHERE category = 'フード' GROUP BY year,年間予実対比（予実対比）.年間実績_フード売上 計,,,,,
,,,,,,,,,ZTOTAL.service_charge_1,z_totals.service_charge_1,[外部]ZTOTAL.service_charge_1,SUMドリンク,年間実績_ドリンク売上 計: SUM(TITEM.sales_excluded) WHERE category = 'ドリンク' GROUP BY year,年間予実対比（予実対比）.年間実績_ドリンク売上 計,,,,,
,,,,,,,,,infomart_transactions.total_tax_excluded,infomart_transactions.total_tax_excluded,[外部]infomart_transactions.total_tax_excluded,SUM(その他かつ時間フィルタ),年間実績_その他売上 計: SUM(ZTOTAL.service_charge_1) GROUP BY year,年間予実対比（予実対比）.年間実績_その他売上 計,,,,,
,,,,,,,,,head_office_connected_service_labor_costs_logs.labor_costs,head_office_connected_service_labor_costs_logs.labor_costs,[外部]head_office_connected_service_labor_costs_logs.labor_costs,SUMFD,年間実績_その他売上ランチ: SUM(TITEM.sales_excluded) WHERE category = 'その他' AND order_time BETWEEN 11:00 AND 15:00 GROUP BY year,年間予実対比（予実対比）.年間実績_その他売上ランチ,,,,,
,,,,,,,,,head_office_employee_working_records.daily_cost,head_office_employee_working_records.daily_cost,[外部]head_office_employee_working_records.daily_cost,SUM月給者,年間実績_その他売上ディナー: SUM(TITEM.sales_excluded) WHERE category = 'その他' AND order_time BETWEEN 17:00 AND 23:00 GROUP BY year,年間予実対比（予実対比）.年間実績_その他売上ディナー,,,,,
,,,,,,,,,,,,SUM(フードかつ時間フィルタ),年間実績_FD仕入 計: SUM(infomart_transactions.total_tax_excluded) WHERE category IN ('フード' 'ドリンク') GROUP BY year,年間予実対比（予実対比）.年間実績_FD仕入 計,,,,,
,,,,,,,,,,,,SUM(ドリンクかつ時間フィルタ),年間実績_人件費 計: SUM(head_office_connected_service_labor_costs_logs.labor_costs) GROUP BY year,年間予実対比（予実対比）.年間実績_人件費 計,,,,,
,,,,,,,,,,,,SUM,年間実績_社員人件費: SUM(head_office_connected_service_labor_costs_logs.labor_costs) WHERE employee_type = '月給者',年間予実対比（予実対比）.年間実績_社員人件費,,,,,
,,,,,,,,,,,,SUMフード,年間実績_フード売上ランチ: SUM(TITEM.sales_excluded) WHERE category = 'フード' AND order_time BETWEEN 11:00 AND 15:00 GROUP BY year,年間予実対比（予実対比）.年間実績_フード売上ランチ,,,,,
,,,,,,,,,,,,SUMフード,年間実績_フード売上ディナー: SUM(TITEM.sales_excluded) WHERE category = 'フード' AND order_time BETWEEN 17:00 AND 23:00 GROUP BY year,年間予実対比（予実対比）.年間実績_フード売上ディナー,,,,,
,,,,,,,,,,,,SUMドリンク,年間実績_ドリンク売上ランチ: SUM(TITEM.sales_excluded) WHERE category = 'ドリンク' AND order_time BETWEEN 11:00 AND 15:00 GROUP BY year,年間予実対比（予実対比）.年間実績_ドリンク売上ランチ,,,,,
,,,,,,,,,,,,SUMドリンク,年間実績_ドリンク売上ディナー: SUM(TITEM.sales_excluded) WHERE category = 'ドリンク' AND order_time BETWEEN 17:00 AND 23:00 GROUP BY year,年間予実対比（予実対比）.年間実績_ドリンク売上ディナー,,,,,
,,,,,,,,,,,,SUMフード,年間実績_フード仕入: SUM(infomart_transactions.total_tax_excluded) WHERE category = 'フード' GROUP BY year,年間予実対比（予実対比）.年間実績_フード仕入,,,,,
,,,,,,,,,,,,SUMドリンク,年間実績_ドリンク仕入: SUM(infomart_transactions.total_tax_excluded) WHERE category = 'ドリンク' GROUP BY year,年間予実対比（予実対比）.年間実績_ドリンク仕入,,,,,
,,,,,,,,,,,,SUM商品別,年間実績_固定人件費: SUM(head_office_connected_service_labor_costs_logs.labor_costs) WHERE employee_type = '月給者' GROUP BY year,年間予実対比（予実対比）.年間実績_固定人件費,,,,,
,,,,,,,,,,,,SUM商品別,年間実績_PA人件費: SUM(head_office_employee_working_records.daily_cost) GROUP BY year,年間予実対比（予実対比）.年間実績_PA人件費,,,,,
,,,,,,,,外部連携×外部連携,"infomart_transactions.total_tax_excluded, head_office_connected_service_labor_costs_logs.labor_costs","infomart_transactions.total_tax_excluded, head_office_connected_service_labor_costs_logs.labor_costs",[外部]勤怠連携（KOT/ジョブカン）.ヘルプ人件費,SUM,年間実績_FLコスト 計: SUM(infomart_transactions.total_tax_excluded) + SUM(head_office_connected_service_labor_costs_logs.labor_costs) GROUP BY year,年間予実対比（予実対比）.年間実績_FLコスト 計,年間予実対比（予実対比）.営業利益,,,,
,,,,,,,,,"help_costs, help_costs_minus","head_office_connected_service_labor_costs_logs.help_costs, head_office_connected_service_labor_costs_logs.help_costs_minus",,help_costs-help_costs_minus,年間実績_ヘルプ人件費: 店舗別人件費.ヘルプ人件費 - 店舗別人件費.ヘルプ人件費マイナス,年間予実対比（予実対比）.年間実績_ヘルプ人件費,,,,,
,,,,,,,,設定値参照,,monthly_costs.value,月次予算設定.年間総売上,SUM,年間実績_その他経費 計: SUM(monthly_costs.value) WHERE cost_type = '経費' GROUP BY year,年間予実対比（予実対比）.年間実績_その他経費 計,年間予実対比（予実対比）.営業利益,,,,
,,,,,,,,,,monthly_budgets.target_sales,,費目フィルタ,年間実績_ラクミー利用料: monthly_costs.value WHERE cost_item = 'ラクミー利用料',年間予実対比（予実対比）.年間実績_ラクミー利用料,,,,,
,,,,,,,,,,,,費目=家賃,年間実績_IT費用: monthly_costs.value WHERE cost_item = 'IT費用',年間予実対比（予実対比）.年間実績_IT費用,,,,,
,,,,,,,,,,,,費目=資材費,年間実績_お花代: monthly_costs.value WHERE cost_item = 'お花代',年間予実対比（予実対比）.年間実績_お花代,,,,,
,,,,,,,,,,,,費目=水道光熱費,年間実績_ガス代: monthly_costs.value WHERE cost_item = 'ガス代',年間予実対比（予実対比）.年間実績_ガス代,,,,,
,,,,,,,,,,,,費目=減価償却費,年間実績_クレジットカード手数料: monthly_costs.value WHERE cost_item = 'クレジットカード手数料',年間予実対比（予実対比）.年間実績_クレジットカード手数料,,,,,
,,,,,,,,,,,,費目=販促費,年間実績_レジ利用料: monthly_costs.value WHERE cost_item = 'レジ利用料',年間予実対比（予実対比）.年間実績_レジ利用料,,,,,
,,,,,,,,,,,,SUM月次予算,年間実績_借入金返済: monthly_costs.value WHERE cost_item = '借入金返済',年間予実対比（予実対比）.年間実績_借入金返済,,,,,
,,,,,,,,,,,,データ取得,年間実績_家賃（変動分）: monthly_costs.value WHERE cost_item = '家賃(変動分)',年間予実対比（予実対比）.年間実績_家賃（変動分）,,,,,
,,,,,,,,,,,,データ取得,年間実績_水道代: monthly_costs.value WHERE cost_item = '水道代',年間予実対比（予実対比）.年間実績_水道代,,,,,
,,,,,,,,,,,,データ取得,年間実績_電気代: monthly_costs.value WHERE cost_item = '電気代',年間予実対比（予実対比）.年間実績_電気代,,,,,
,,,,,,,,,,,,データ取得,年間実績_地代家賃: monthly_costs.value WHERE cost_item = '家賃' GROUP BY year,年間予実対比（予実対比）.年間実績_地代家賃,,,,,
,,,,,,,,,,,,データ取得,年間実績_資材費: monthly_costs.value WHERE cost_item = '資材費' GROUP BY year,年間予実対比（予実対比）.年間実績_資材費,,,,,
,,,,,,,,,,,,データ取得,年間実績_水道光熱費: monthly_costs.value WHERE cost_item = '水道光熱費' GROUP BY year,年間予実対比（予実対比）.年間実績_水道光熱費,,,,,
,,,,,,,,,,,,データ取得,年間実績_減価償却費: monthly_costs.value WHERE cost_item = '減価償却費' GROUP BY year,年間予実対比（予実対比）.年間実績_減価償却費,,,,,
,,,,,,,,,,,,データ取得,年間実績_販促費: monthly_costs.value WHERE cost_item = '販促費' GROUP BY year,年間予実対比（予実対比）.年間実績_販促費,,,,,
,,,,,,,,,,,,SUM商品別,年間予算_総売上 計: SUM(monthly_budgets.target_sales) GROUP BY year,年間予実対比（予実対比）.年間予算_総売上 計,,,,,
,,,,,,,,設定値集計,,monthly_cost_items.value(固定人件費),月次予算設定.年間固定人件費,SUM(費用設定.固定人件費予算) GROUP BY year,年間予算_固定人件費: 固定人件費予算,年間予実対比（予実対比）.年間予算_固定人件費,,,,,
,,,,,,,,,,monthly_cost_items.value(社員人件費),月次予算設定.年間社員人件費,SUM(費用設定.社員人件費予算) GROUP BY year,年間予算_社員人件費: 社員人件費予算,年間予実対比（予実対比）.年間予算_社員人件費,,,,,
,,,,,,,,,,monthly_cost_items.value(ヘルプ人件費),月次予算設定.年間ヘルプ人件費,SUM(費用設定.ヘルプ人件費予算) GROUP BY year,年間予算_ヘルプ人件費: ヘルプ人件費予算,年間予実対比（予実対比）.年間予算_ヘルプ人件費,,,,,
,,,,,,,,,,monthly_cost_items.value(その他経費),月次予算設定.年間その他経費,SUM(費用設定.その他経費予算) GROUP BY year,年間予算_その他経費 計: その他経費予算合計,年間予実対比（予実対比）.年間予算_その他経費 計,,,,,
,,,,,,,,,,monthly_cost_items.value(地代家賃),月次予算設定.年間地代家賃,SUM(費用設定.地代家賃予算) GROUP BY year,年間予算_地代家賃: 地代家賃予算,年間予実対比（予実対比）.年間予算_地代家賃,,,,,
,,,,,,,,,,monthly_cost_items.value(家賃変動分),月次予算設定.年間家賃（変動分）,SUM(費用設定.家賃（変動分）予算) GROUP BY year,年間予算_家賃（変動分）: 家賃（変動分）予算,年間予実対比（予実対比）.年間予算_家賃（変動分）,,,,,
,,,,,,,,,,monthly_cost_items.value(水道光熱費),月次予算設定.年間水道光熱費,SUM(費用設定.水道光熱費予算) GROUP BY year,年間予算_水道光熱費: 水道光熱費予算,年間予実対比（予実対比）.年間予算_水道光熱費,,,,,
,,,,,,,,,,monthly_cost_items.value(電気代),月次予算設定.年間電気代,SUM(費用設定.電気代予算) GROUP BY year,年間予算_電気代: 電気代予算,年間予実対比（予実対比）.年間予算_電気代,,,,,
,,,,,,,,,,monthly_cost_items.value(ガス代),月次予算設定.年間ガス代,SUM(費用設定.ガス代予算) GROUP BY year,年間予算_ガス代: ガス代予算,年間予実対比（予実対比）.年間予算_ガス代,,,,,
,,,,,,,,,,monthly_cost_items.value(水道代),月次予算設定.年間水道代,SUM(費用設定.水道代予算) GROUP BY year,年間予算_水道代: 水道代予算,年間予実対比（予実対比）.年間予算_水道代,,,,,
,,,,,,,,,,monthly_cost_items.value(減価償却費),月次予算設定.年間減価償却費,SUM(費用設定.減価償却費予算) GROUP BY year,年間予算_減価償却費: 減価償却費予算,年間予実対比（予実対比）.年間予算_減価償却費,,,,,
,,,,,,,,,,monthly_cost_items.value(販促費),月次予算設定.年間販促費,SUM(費用設定.販促費予算) GROUP BY year,年間予算_販促費: 販促費予算,年間予実対比（予実対比）.年間予算_販促費,,,,,
,,,,,,,,,,monthly_cost_items.value(資材費),月次予算設定.年間資材費,SUM(費用設定.資材費予算) GROUP BY year,年間予算_資材費: 資材費予算,年間予実対比（予実対比）.年間予算_資材費,,,,,
,,,,,,,,,,monthly_cost_items.value(借入金返済),月次予算設定.年間借入金返済,SUM(費用設定.借入金返済予算) GROUP BY year,年間予算_借入金返済: 借入金返済予算,年間予実対比（予実対比）.年間予算_借入金返済,,,,,
,,,,,,,,,,monthly_cost_items.value(IT費用),月次予算設定.年間IT費用,SUM(費用設定.IT費用予算) GROUP BY year,年間予算_IT費用: IT費用予算,年間予実対比（予実対比）.年間予算_IT費用,,,,,
,,,,,,,,,,monthly_cost_items.value(ラクミー利用料),月次予算設定.年間ラクミー利用料,SUM(費用設定.ラクミー利用料予算) GROUP BY year,年間予算_ラクミー利用料: ラクミー利用料予算,年間予実対比（予実対比）.年間予算_ラクミー利用料,,,,,
,,,,,,,,,,monthly_cost_items.value(レジ利用料),月次予算設定.年間レジ利用料,SUM(費用設定.レジ利用料予算) GROUP BY year,年間予算_レジ利用料: レジ利用料予算,年間予実対比（予実対比）.年間予算_レジ利用料,,,,,
,,,,,,,,,,monthly_cost_items.value(クレジットカード手数料),月次予算設定.年間クレジットカード手数料,SUM(費用設定.クレジットカード手数料予算) GROUP BY year,年間予算_クレジットカード手数料: クレジットカード手数料予算,年間予実対比（予実対比）.年間予算_クレジットカード手数料,,,,,
,,,,,,,,,,monthly_cost_items.value(お花代),月次予算設定.年間お花代,SUM(費用設定.お花代予算) GROUP BY year,年間予算_お花代: お花代予算,年間予実対比（予実対比）.年間予算_お花代,,,,,
,,,,,,,,画面内演算,,,"年間予実対比（予実対比）.年間予算_FD仕入 計, 年間予実対比（予実対比）.年間予算_人件費 計",年間予算_FD仕入 計 + 年間予算_人件費 計,年間予算_FLコスト 計: FD仕入予算 + 人件費予算,年間予実対比（予実対比）.年間予算_FLコスト 計,,,,,
,,,,,,,,,,,"年間予実対比（予実対比）.年間予算_総売上 計, 年間予実対比（予実対比）.年間予算_FLコスト 計, 年間予実対比（予実対比）.年間予算_その他経費 計",年間予算_総売上 計 - 年間予算_FLコスト 計 - 年間予算_その他経費 計,年間予算_営業利益: 予算_総売上 - 予算_FLコスト - 予算_その他経費,年間予実対比（予実対比）.年間予算_営業利益,,,,,
,,,,,,,,,,,"年間予実対比（予実対比）.年間実績_総売上 計, 年間予実対比（予実対比）.年間予算_総売上 計",年間実績_総売上 計 - 年間予算_総売上 計,年間予実差額_総売上 計: 実績 - 予算,年間予実対比（予実対比）.年間予実差額_総売上 計,,,,,
,,,,,,,,,,,"年間予実対比（予実対比）.年間実績_フード売上 計, 年間予実対比（予実対比）.年間予算_フード売上 計",年間実績_フード売上 計 - 年間予算_フード売上 計,年間予実差額_フード売上 計: 実績 - 予算,年間予実対比（予実対比）.年間予実差額_フード売上 計,,,,,
,,,,,,,,,,,"年間予実対比（予実対比）.年間実績_フード売上ランチ, 年間予実対比（予実対比）.年間予算_フード売上ランチ",年間実績_フード売上ランチ - 年間予算_フード売上ランチ,年間予実差額_フード売上ランチ: 実績 - 予算,年間予実対比（予実対比）.年間予実差額_フード売上ランチ,,,,,
,,,,,,,,,,,"年間予実対比（予実対比）.年間実績_フード売上ディナー, 年間予実対比（予実対比）.年間予算_フード売上ディナー",年間実績_フード売上ディナー - 年間予算_フード売上ディナー,年間予実差額_フード売上ディナー: 実績 - 予算,年間予実対比（予実対比）.年間予実差額_フード売上ディナー,,,,,
,,,,,,,,,,,"年間予実対比（予実対比）.年間実績_ドリンク売上 計, 年間予実対比（予実対比）.年間予算_ドリンク売上 計",年間実績_ドリンク売上 計 - 年間予算_ドリンク売上 計,年間予実差額_ドリンク売上 計: 実績 - 予算,年間予実対比（予実対比）.年間予実差額_ドリンク売上 計,,,,,
,,,,,,,,,,,"年間予実対比（予実対比）.年間実績_ドリンク売上ランチ, 年間予実対比（予実対比）.年間予算_ドリンク売上ランチ",年間実績_ドリンク売上ランチ - 年間予算_ドリンク売上ランチ,年間予実差額_ドリンク売上ランチ: 実績 - 予算,年間予実対比（予実対比）.年間予実差額_ドリンク売上ランチ,,,,,
,,,,,,,,,,,"年間予実対比（予実対比）.年間実績_ドリンク売上ディナー, 年間予実対比（予実対比）.年間予算_ドリンク売上ディナー",年間実績_ドリンク売上ディナー - 年間予算_ドリンク売上ディナー,年間予実差額_ドリンク売上ディナー: 実績 - 予算,年間予実対比（予実対比）.年間予実差額_ドリンク売上ディナー,,,,,
,,,,,,,,,,,"年間予実対比（予実対比）.年間実績_その他売上 計, 年間予実対比（予実対比）.年間予算_その他売上 計",年間実績_その他売上 計 - 年間予算_その他売上 計,年間予実差額_その他売上 計: 実績 - 予算,年間予実対比（予実対比）.年間予実差額_その他売上 計,,,,,
,,,,,,,,,,,"年間予実対比（予実対比）.年間実績_その他売上ランチ, 年間予実対比（予実対比）.年間予算_その他売上ランチ",年間実績_その他売上ランチ - 年間予算_その他売上ランチ,年間予実差額_その他売上ランチ: 実績 - 予算,年間予実対比（予実対比）.年間予実差額_その他売上ランチ,,,,,
,,,,,,,,,,,"年間予実対比（予実対比）.年間実績_その他売上ディナー, 年間予実対比（予実対比）.年間予算_その他売上ディナー",年間実績_その他売上ディナー - 年間予算_その他売上ディナー,年間予実差額_その他売上ディナー: 実績 - 予算,年間予実対比（予実対比）.年間予実差額_その他売上ディナー,,,,,
,,,,,,,,,,,"年間予実対比（予実対比）.年間実績_FLコスト 計, 年間予実対比（予実対比）.年間予算_FLコスト 計",年間実績_FLコスト 計 - 年間予算_FLコスト 計,年間予実差額_FLコスト 計: 実績 - 予算,年間予実対比（予実対比）.年間予実差額_FLコスト 計,,,,,
,,,,,,,,,,,"年間予実対比（予実対比）.年間実績_FD仕入 計, 年間予実対比（予実対比）.年間予算_FD仕入 計",年間実績_FD仕入 計 - 年間予算_FD仕入 計,年間予実差額_FD仕入 計: 実績 - 予算,年間予実対比（予実対比）.年間予実差額_FD仕入 計,,,,,
,,,,,,,,,,,"年間予実対比（予実対比）.年間実績_フード仕入, 年間予実対比（予実対比）.年間予算_フード仕入",年間実績_フード仕入 - 年間予算_フード仕入,年間予実差額_フード仕入: 実績 - 予算,年間予実対比（予実対比）.年間予実差額_フード仕入,,,,,
,,,,,,,,,,,"年間予実対比（予実対比）.年間実績_ドリンク仕入, 年間予実対比（予実対比）.年間予算_ドリンク仕入",年間実績_ドリンク仕入 - 年間予算_ドリンク仕入,年間予実差額_ドリンク仕入: 実績 - 予算,年間予実対比（予実対比）.年間予実差額_ドリンク仕入,,,,,
,,,,,,,,,,,"年間予実対比（予実対比）.年間実績_人件費 計, 年間予実対比（予実対比）.年間予算_人件費 計",年間実績_人件費 計 - 年間予算_人件費 計,年間予実差額_人件費 計: 実績 - 予算,年間予実対比（予実対比）.年間予実差額_人件費 計,,,,,
,,,,,,,,,,,"年間予実対比（予実対比）.年間実績_固定人件費, 年間予実対比（予実対比）.年間予算_固定人件費",年間実績_固定人件費 - 年間予算_固定人件費,年間予実差額_固定人件費: 実績 - 予算,年間予実対比（予実対比）.年間予実差額_固定人件費,,,,,
,,,,,,,,,,,"年間予実対比（予実対比）.年間実績_PA人件費, 年間予実対比（予実対比）.年間予算_PA人件費",年間実績_PA人件費 - 年間予算_PA人件費,年間予実差額_PA人件費: 実績 - 予算,年間予実対比（予実対比）.年間予実差額_PA人件費,,,,,
,,,,,,,,,,,"年間予実対比（予実対比）.年間実績_社員人件費, 年間予実対比（予実対比）.年間予算_社員人件費",年間実績_社員人件費 - 年間予算_社員人件費,年間予実差額_社員人件費: 実績 - 予算,年間予実対比（予実対比）.年間予実差額_社員人件費,,,,,
,,,,,,,,,,,"年間予実対比（予実対比）.年間実績_ヘルプ人件費, 年間予実対比（予実対比）.年間予算_ヘルプ人件費",年間実績_ヘルプ人件費 - 年間予算_ヘルプ人件費,年間予実差額_ヘルプ人件費: 実績 - 予算,年間予実対比（予実対比）.年間予実差額_ヘルプ人件費,,,,,
,,,,,,,,,,,"年間予実対比（予実対比）.年間実績_その他経費 計, 年間予実対比（予実対比）.年間予算_その他経費 計",年間実績_その他経費 計 - 年間予算_その他経費 計,年間予実差額_その他経費 計: 実績 - 予算,年間予実対比（予実対比）.年間予実差額_その他経費 計,,,,,
,,,,,,,,,,,"年間予実対比（予実対比）.年間実績_地代家賃, 年間予実対比（予実対比）.年間予算_地代家賃",年間実績_地代家賃 - 年間予算_地代家賃,年間予実差額_地代家賃: 実績 - 予算,年間予実対比（予実対比）.年間予実差額_地代家賃,,,,,
,,,,,,,,,,,"年間予実対比（予実対比）.年間実績_家賃（変動分）, 年間予実対比（予実対比）.年間予算_家賃（変動分）",年間実績_家賃（変動分） - 年間予算_家賃（変動分）,年間予実差額_家賃（変動分）: 実績 - 予算,年間予実対比（予実対比）.年間予実差額_家賃（変動分）,,,,,
,,,,,,,,,,,"年間予実対比（予実対比）.年間実績_水道光熱費, 年間予実対比（予実対比）.年間予算_水道光熱費",年間実績_水道光熱費 - 年間予算_水道光熱費,年間予実差額_水道光熱費: 実績 - 予算,年間予実対比（予実対比）.年間予実差額_水道光熱費,,,,,
,,,,,,,,,,,"年間予実対比（予実対比）.年間実績_電気代, 年間予実対比（予実対比）.年間予算_電気代",年間実績_電気代 - 年間予算_電気代,年間予実差額_電気代: 実績 - 予算,年間予実対比（予実対比）.年間予実差額_電気代,,,,,
,,,,,,,,,,,"年間予実対比（予実対比）.年間実績_ガス代, 年間予実対比（予実対比）.年間予算_ガス代",年間実績_ガス代 - 年間予算_ガス代,年間予実差額_ガス代: 実績 - 予算,年間予実対比（予実対比）.年間予実差額_ガス代,,,,,
,,,,,,,,,,,"年間予実対比（予実対比）.年間実績_水道代, 年間予実対比（予実対比）.年間予算_水道代",年間実績_水道代 - 年間予算_水道代,年間予実差額_水道代: 実績 - 予算,年間予実対比（予実対比）.年間予実差額_水道代,,,,,
,,,,,,,,,,,"年間予実対比（予実対比）.年間実績_減価償却費, 年間予実対比（予実対比）.年間予算_減価償却費",年間実績_減価償却費 - 年間予算_減価償却費,年間予実差額_減価償却費: 実績 - 予算,年間予実対比（予実対比）.年間予実差額_減価償却費,,,,,
,,,,,,,,,,,"年間予実対比（予実対比）.年間実績_販促費, 年間予実対比（予実対比）.年間予算_販促費",年間実績_販促費 - 年間予算_販促費,年間予実差額_販促費: 実績 - 予算,年間予実対比（予実対比）.年間予実差額_販促費,,,,,
,,,,,,,,,,,"年間予実対比（予実対比）.年間実績_資材費, 年間予実対比（予実対比）.年間予算_資材費",年間実績_資材費 - 年間予算_資材費,年間予実差額_資材費: 実績 - 予算,年間予実対比（予実対比）.年間予実差額_資材費,,,,,
,,,,,,,,,,,"年間予実対比（予実対比）.年間実績_借入金返済, 年間予実対比（予実対比）.年間予算_借入金返済",年間実績_借入金返済 - 年間予算_借入金返済,年間予実差額_借入金返済: 実績 - 予算,年間予実対比（予実対比）.年間予実差額_借入金返済,,,,,
,,,,,,,,,,,"年間予実対比（予実対比）.年間実績_IT費用, 年間予実対比（予実対比）.年間予算_IT費用",年間実績_IT費用 - 年間予算_IT費用,年間予実差額_IT費用: 実績 - 予算,年間予実対比（予実対比）.年間予実差額_IT費用,,,,,
,,,,,,,,,,,"年間予実対比（予実対比）.年間実績_ラクミー利用料, 年間予実対比（予実対比）.年間予算_ラクミー利用料",年間実績_ラクミー利用料 - 年間予算_ラクミー利用料,年間予実差額_ラクミー利用料: 実績 - 予算,年間予実対比（予実対比）.年間予実差額_ラクミー利用料,,,,,
,,,,,,,,,,,"年間予実対比（予実対比）.年間実績_レジ利用料, 年間予実対比（予実対比）.年間予算_レジ利用料",年間実績_レジ利用料 - 年間予算_レジ利用料,年間予実差額_レジ利用料: 実績 - 予算,年間予実対比（予実対比）.年間予実差額_レジ利用料,,,,,
,,,,,,,,,,,"年間予実対比（予実対比）.年間実績_クレジットカード手数料, 年間予実対比（予実対比）.年間予算_クレジットカード手数料",年間実績_クレジットカード手数料 - 年間予算_クレジットカード手数料,年間予実差額_クレジットカード手数料: 実績 - 予算,年間予実対比（予実対比）.年間予実差額_クレジットカード手数料,,,,,
,,,,,,,,,,,"年間予実対比（予実対比）.年間実績_お花代, 年間予実対比（予実対比）.年間予算_お花代",年間実績_お花代 - 年間予算_お花代,年間予実差額_お花代: 実績 - 予算,年間予実対比（予実対比）.年間予実差額_お花代,,,,,
,,,,,,,,,,,"年間予実対比（予実対比）.年間実績_営業利益, 年間予実対比（予実対比）.年間予算_営業利益",年間実績_営業利益 - 年間予算_営業利益,年間予実差額_営業利益: 実績 - 予算,年間予実対比（予実対比）.年間予実差額_営業利益,,,,,
,,,,,,,,,,,"年間予実対比（予実対比）.年間予算_総売上 計, 年間予実対比（予実対比）.年間予算_総売上 計",年間実績_総売上 計 ÷ 年間予算_総売上 計 × 100,年間予算対比率_総売上 計: 実績 / 予算 × 100,年間予実対比（予実対比）.年間予算対比率_総売上 計,,,,,
,,,,,,,,,,,"年間予実対比（予実対比）.年間予算_フード売上 計, 年間予実対比（予実対比）.年間予算_総売上 計",年間実績_フード売上 計 ÷ 年間予算_フード売上 計 × 100,年間予算対比率_フード売上 計: 実績 / 予算 × 100,年間予実対比（予実対比）.年間予算対比率_フード売上 計,,,,,
,,,,,,,,,,,"年間予実対比（予実対比）.年間予算_フード売上ランチ, 年間予実対比（予実対比）.年間予算_総売上 計",年間実績_フード売上ランチ ÷ 年間予算_フード売上ランチ × 100,年間予算対比率_フード売上ランチ: 実績 / 予算 × 100,年間予実対比（予実対比）.年間予算対比率_フード売上ランチ,,,,,
,,,,,,,,,,,"年間予実対比（予実対比）.年間予算_フード売上ディナー, 年間予実対比（予実対比）.年間予算_総売上 計",年間実績_フード売上ディナー ÷ 年間予算_フード売上ディナー × 100,年間予算対比率_フード売上ディナー: 実績 / 予算 × 100,年間予実対比（予実対比）.年間予算対比率_フード売上ディナー,,,,,
,,,,,,,,,,,"年間予実対比（予実対比）.年間予算_ドリンク売上 計, 年間予実対比（予実対比）.年間予算_総売上 計",年間実績_ドリンク売上 計 ÷ 年間予算_ドリンク売上 計 × 100,年間予算対比率_ドリンク売上 計: 実績 / 予算 × 100,年間予実対比（予実対比）.年間予算対比率_ドリンク売上 計,,,,,
,,,,,,,,,,,"年間予実対比（予実対比）.年間予算_ドリンク売上ランチ, 年間予実対比（予実対比）.年間予算_総売上 計",年間実績_ドリンク売上ランチ ÷ 年間予算_ドリンク売上ランチ × 100,年間予算対比率_ドリンク売上ランチ: 実績 / 予算 × 100,年間予実対比（予実対比）.年間予算対比率_ドリンク売上ランチ,,,,,
,,,,,,,,,,,"年間予実対比（予実対比）.年間予算_ドリンク売上ディナー, 年間予実対比（予実対比）.年間予算_総売上 計",年間実績_ドリンク売上ディナー ÷ 年間予算_ドリンク売上ディナー × 100,年間予算対比率_ドリンク売上ディナー: 実績 / 予算 × 100,年間予実対比（予実対比）.年間予算対比率_ドリンク売上ディナー,,,,,
,,,,,,,,,,,"年間予実対比（予実対比）.年間予算_その他売上 計, 年間予実対比（予実対比）.年間予算_総売上 計",年間実績_その他売上 計 ÷ 年間予算_その他売上 計 × 100,年間予算対比率_その他売上 計: 実績 / 予算 × 100,年間予実対比（予実対比）.年間予算対比率_その他売上 計,,,,,
,,,,,,,,,,,"年間予実対比（予実対比）.年間予算_その他売上ランチ, 年間予実対比（予実対比）.年間予算_総売上 計",年間実績_その他売上ランチ ÷ 年間予算_その他売上ランチ × 100,年間予算対比率_その他売上ランチ: 実績 / 予算 × 100,年間予実対比（予実対比）.年間予算対比率_その他売上ランチ,,,,,
,,,,,,,,,,,"年間予実対比（予実対比）.年間予算_その他売上ディナー, 年間予実対比（予実対比）.年間予算_総売上 計",年間実績_その他売上ディナー ÷ 年間予算_その他売上ディナー × 100,年間予算対比率_その他売上ディナー: 実績 / 予算 × 100,年間予実対比（予実対比）.年間予算対比率_その他売上ディナー,,,,,
,,,,,,,,,,,"年間予実対比（予実対比）.年間予算_FLコスト 計, 年間予実対比（予実対比）.年間予算_総売上 計",年間実績_FLコスト 計 ÷ 年間予算_FLコスト 計 × 100,年間予算対比率_FLコスト 計: 実績 / 予算 × 100,年間予実対比（予実対比）.年間予算対比率_FLコスト 計,,,,,
,,,,,,,,,,,"年間予実対比（予実対比）.年間予算_FD仕入 計, 年間予実対比（予実対比）.年間予算_総売上 計",年間実績_FD仕入 計 ÷ 年間予算_FD仕入 計 × 100,年間予算対比率_FD仕入 計: 実績 / 予算 × 100,年間予実対比（予実対比）.年間予算対比率_FD仕入 計,,,,,
,,,,,,,,,,,"年間予実対比（予実対比）.年間予算_フード仕入, 年間予実対比（予実対比）.年間予算_総売上 計",年間実績_フード仕入 ÷ 年間予算_フード仕入 × 100,年間予算対比率_フード仕入: 実績 / 予算 × 100,年間予実対比（予実対比）.年間予算対比率_フード仕入,,,,,
,,,,,,,,,,,"年間予実対比（予実対比）.年間予算_ドリンク仕入, 年間予実対比（予実対比）.年間予算_総売上 計",年間実績_ドリンク仕入 ÷ 年間予算_ドリンク仕入 × 100,年間予算対比率_ドリンク仕入: 実績 / 予算 × 100,年間予実対比（予実対比）.年間予算対比率_ドリンク仕入,,,,,
,,,,,,,,,,,"年間予実対比（予実対比）.年間予算_人件費 計, 年間予実対比（予実対比）.年間予算_総売上 計",年間実績_人件費 計 ÷ 年間予算_人件費 計 × 100,年間予算対比率_人件費 計: 実績 / 予算 × 100,年間予実対比（予実対比）.年間予算対比率_人件費 計,,,,,
,,,,,,,,,,,"年間予実対比（予実対比）.年間予算_固定人件費, 年間予実対比（予実対比）.年間予算_総売上 計",年間実績_固定人件費 ÷ 年間予算_固定人件費 × 100,年間予算対比率_固定人件費: 実績 / 予算 × 100,年間予実対比（予実対比）.年間予算対比率_固定人件費,,,,,
,,,,,,,,,,,"年間予実対比（予実対比）.年間予算_PA人件費, 年間予実対比（予実対比）.年間予算_総売上 計",年間実績_PA人件費 ÷ 年間予算_PA人件費 × 100,年間予算対比率_PA人件費: 実績 / 予算 × 100,年間予実対比（予実対比）.年間予算対比率_PA人件費,,,,,
,,,,,,,,,,,"年間予実対比（予実対比）.年間予算_社員人件費, 年間予実対比（予実対比）.年間予算_総売上 計",年間実績_社員人件費 ÷ 年間予算_社員人件費 × 100,年間予算対比率_社員人件費: 実績 / 予算 × 100,年間予実対比（予実対比）.年間予算対比率_社員人件費,,,,,
,,,,,,,,,,,"年間予実対比（予実対比）.年間予算_ヘルプ人件費, 年間予実対比（予実対比）.年間予算_総売上 計",年間実績_ヘルプ人件費 ÷ 年間予算_ヘルプ人件費 × 100,年間予算対比率_ヘルプ人件費: 実績 / 予算 × 100,年間予実対比（予実対比）.年間予算対比率_ヘルプ人件費,,,,,
,,,,,,,,,,,"年間予実対比（予実対比）.年間予算_その他経費 計, 年間予実対比（予実対比）.年間予算_総売上 計",年間実績_その他経費 計 ÷ 年間予算_その他経費 計 × 100,年間予算対比率_その他経費 計: 実績 / 予算 × 100,年間予実対比（予実対比）.年間予算対比率_その他経費 計,,,,,
,,,,,,,,,,,"年間予実対比（予実対比）.年間予算_地代家賃, 年間予実対比（予実対比）.年間予算_総売上 計",年間実績_地代家賃 ÷ 年間予算_地代家賃 × 100,年間予算対比率_地代家賃: 実績 / 予算 × 100,年間予実対比（予実対比）.年間予算対比率_地代家賃,,,,,
,,,,,,,,,,,"年間予実対比（予実対比）.年間予算_家賃（変動分）, 年間予実対比（予実対比）.年間予算_総売上 計",年間実績_家賃（変動分） ÷ 年間予算_家賃（変動分） × 100,年間予算対比率_家賃（変動分）: 実績 / 予算 × 100,年間予実対比（予実対比）.年間予算対比率_家賃（変動分）,,,,,
,,,,,,,,,,,"年間予実対比（予実対比）.年間予算_水道光熱費, 年間予実対比（予実対比）.年間予算_総売上 計",年間実績_水道光熱費 ÷ 年間予算_水道光熱費 × 100,年間予算対比率_水道光熱費: 実績 / 予算 × 100,年間予実対比（予実対比）.年間予算対比率_水道光熱費,,,,,
,,,,,,,,,,,"年間予実対比（予実対比）.年間予算_電気代, 年間予実対比（予実対比）.年間予算_総売上 計",年間実績_電気代 ÷ 年間予算_電気代 × 100,年間予算対比率_電気代: 実績 / 予算 × 100,年間予実対比（予実対比）.年間予算対比率_電気代,,,,,
,,,,,,,,,,,"年間予実対比（予実対比）.年間予算_ガス代, 年間予実対比（予実対比）.年間予算_総売上 計",年間実績_ガス代 ÷ 年間予算_ガス代 × 100,年間予算対比率_ガス代: 実績 / 予算 × 100,年間予実対比（予実対比）.年間予算対比率_ガス代,,,,,
,,,,,,,,,,,"年間予実対比（予実対比）.年間予算_水道代, 年間予実対比（予実対比）.年間予算_総売上 計",年間実績_水道代 ÷ 年間予算_水道代 × 100,年間予算対比率_水道代: 実績 / 予算 × 100,年間予実対比（予実対比）.年間予算対比率_水道代,,,,,
,,,,,,,,,,,"年間予実対比（予実対比）.年間予算_減価償却費, 年間予実対比（予実対比）.年間予算_総売上 計",年間実績_減価償却費 ÷ 年間予算_減価償却費 × 100,年間予算対比率_減価償却費: 実績 / 予算 × 100,年間予実対比（予実対比）.年間予算対比率_減価償却費,,,,,
,,,,,,,,,,,"年間予実対比（予実対比）.年間予算_販促費, 年間予実対比（予実対比）.年間予算_総売上 計",年間実績_販促費 ÷ 年間予算_販促費 × 100,年間予算対比率_販促費: 実績 / 予算 × 100,年間予実対比（予実対比）.年間予算対比率_販促費,,,,,
,,,,,,,,,,,"年間予実対比（予実対比）.年間予算_資材費, 年間予実対比（予実対比）.年間予算_総売上 計",年間実績_資材費 ÷ 年間予算_資材費 × 100,年間予算対比率_資材費: 実績 / 予算 × 100,年間予実対比（予実対比）.年間予算対比率_資材費,,,,,
,,,,,,,,,,,"年間予実対比（予実対比）.年間予算_借入金返済, 年間予実対比（予実対比）.年間予算_総売上 計",年間実績_借入金返済 ÷ 年間予算_借入金返済 × 100,年間予算対比率_借入金返済: 実績 / 予算 × 100,年間予実対比（予実対比）.年間予算対比率_借入金返済,,,,,
,,,,,,,,,,,"年間予実対比（予実対比）.年間予算_IT費用, 年間予実対比（予実対比）.年間予算_総売上 計",年間実績_IT費用 ÷ 年間予算_IT費用 × 100,年間予算対比率_IT費用: 実績 / 予算 × 100,年間予実対比（予実対比）.年間予算対比率_IT費用,,,,,
,,,,,,,,,,,"年間予実対比（予実対比）.年間予算_ラクミー利用料, 年間予実対比（予実対比）.年間予算_総売上 計",年間実績_ラクミー利用料 ÷ 年間予算_ラクミー利用料 × 100,年間予算対比率_ラクミー利用料: 実績 / 予算 × 100,年間予実対比（予実対比）.年間予算対比率_ラクミー利用料,,,,,
,,,,,,,,,,,"年間予実対比（予実対比）.年間予算_レジ利用料, 年間予実対比（予実対比）.年間予算_総売上 計",年間実績_レジ利用料 ÷ 年間予算_レジ利用料 × 100,年間予算対比率_レジ利用料: 実績 / 予算 × 100,年間予実対比（予実対比）.年間予算対比率_レジ利用料,,,,,
,,,,,,,,,,,"年間予実対比（予実対比）.年間予算_クレジットカード手数料, 年間予実対比（予実対比）.年間予算_総売上 計",年間実績_クレジットカード手数料 ÷ 年間予算_クレジットカード手数料 × 100,年間予算対比率_クレジットカード手数料: 実績 / 予算 × 100,年間予実対比（予実対比）.年間予算対比率_クレジットカード手数料,,,,,
,,,,,,,,,,,"年間予実対比（予実対比）.年間予算_お花代, 年間予実対比（予実対比）.年間予算_総売上 計",年間実績_お花代 ÷ 年間予算_お花代 × 100,年間予算対比率_お花代: 実績 / 予算 × 100,年間予実対比（予実対比）.年間予算対比率_お花代,,,,,
,,,,,,,,,,,"年間予実対比（予実対比）.年間予算_営業利益, 年間予実対比（予実対比）.年間予算_総売上 計",年間実績_営業利益 ÷ 年間予算_営業利益 × 100,年間予算対比率_営業利益: 実績 / 予算 × 100,年間予実対比（予実対比）.年間予算対比率_営業利益,,,,,
,,,,,,,,,,,"年間予実対比（予実対比）.年間実績_総売上 計, 年間予実対比（予実対比）.年間実績_総売上 計",年間予算_総売上 計 ÷ 年間予算_総売上 計 × 100,年間予算構成比_総売上 計: 予算 / 予算総売上 × 100,年間予実対比（予実対比）.年間予算構成比_総売上 計,,,,,
,,,,,,,,,,,"年間予実対比（予実対比）.年間実績_フード売上 計, 年間予実対比（予実対比）.年間実績_総売上 計",年間予算_フード売上 計 ÷ 年間予算_総売上 計 × 100,年間予算構成比_フード売上 計: 予算 / 予算総売上 × 100,年間予実対比（予実対比）.年間予算構成比_フード売上 計,,,,,
,,,,,,,,,,,"年間予実対比（予実対比）.年間実績_フード売上ランチ, 年間予実対比（予実対比）.年間実績_総売上 計",年間予算_フード売上ランチ ÷ 年間予算_総売上 計 × 100,年間予算構成比_フード売上ランチ: 予算 / 予算総売上 × 100,年間予実対比（予実対比）.年間予算構成比_フード売上ランチ,,,,,
,,,,,,,,,,,"年間予実対比（予実対比）.年間実績_フード売上ディナー, 年間予実対比（予実対比）.年間実績_総売上 計",年間予算_フード売上ディナー ÷ 年間予算_総売上 計 × 100,年間予算構成比_フード売上ディナー: 予算 / 予算総売上 × 100,年間予実対比（予実対比）.年間予算構成比_フード売上ディナー,,,,,
,,,,,,,,,,,"年間予実対比（予実対比）.年間実績_ドリンク売上 計, 年間予実対比（予実対比）.年間実績_総売上 計",年間予算_ドリンク売上 計 ÷ 年間予算_総売上 計 × 100,年間予算構成比_ドリンク売上 計: 予算 / 予算総売上 × 100,年間予実対比（予実対比）.年間予算構成比_ドリンク売上 計,,,,,
,,,,,,,,,,,"年間予実対比（予実対比）.年間実績_ドリンク売上ランチ, 年間予実対比（予実対比）.年間実績_総売上 計",年間予算_ドリンク売上ランチ ÷ 年間予算_総売上 計 × 100,年間予算構成比_ドリンク売上ランチ: 予算 / 予算総売上 × 100,年間予実対比（予実対比）.年間予算構成比_ドリンク売上ランチ,,,,,
,,,,,,,,,,,"年間予実対比（予実対比）.年間実績_ドリンク売上ディナー, 年間予実対比（予実対比）.年間実績_総売上 計",年間予算_ドリンク売上ディナー ÷ 年間予算_総売上 計 × 100,年間予算構成比_ドリンク売上ディナー: 予算 / 予算総売上 × 100,年間予実対比（予実対比）.年間予算構成比_ドリンク売上ディナー,,,,,
,,,,,,,,,,,"年間予実対比（予実対比）.年間実績_その他売上 計, 年間予実対比（予実対比）.年間実績_総売上 計",年間予算_その他売上 計 ÷ 年間予算_総売上 計 × 100,年間予算構成比_その他売上 計: 予算 / 予算総売上 × 100,年間予実対比（予実対比）.年間予算構成比_その他売上 計,,,,,
,,,,,,,,,,,"年間予実対比（予実対比）.年間実績_その他売上ランチ, 年間予実対比（予実対比）.年間実績_総売上 計",年間予算_その他売上ランチ ÷ 年間予算_総売上 計 × 100,年間予算構成比_その他売上ランチ: 予算 / 予算総売上 × 100,年間予実対比（予実対比）.年間予算構成比_その他売上ランチ,,,,,
,,,,,,,,,,,"年間予実対比（予実対比）.年間実績_その他売上ディナー, 年間予実対比（予実対比）.年間実績_総売上 計",年間予算_その他売上ディナー ÷ 年間予算_総売上 計 × 100,年間予算構成比_その他売上ディナー: 予算 / 予算総売上 × 100,年間予実対比（予実対比）.年間予算構成比_その他売上ディナー,,,,,
,,,,,,,,,,,"年間予実対比（予実対比）.年間実績_FLコスト 計, 年間予実対比（予実対比）.年間実績_総売上 計",年間予算_FLコスト 計 ÷ 年間予算_総売上 計 × 100,年間予算構成比_FLコスト 計: 予算 / 予算総売上 × 100,年間予実対比（予実対比）.年間予算構成比_FLコスト 計,,,,,
,,,,,,,,,,,"年間予実対比（予実対比）.年間実績_FD仕入 計, 年間予実対比（予実対比）.年間実績_総売上 計",年間予算_FD仕入 計 ÷ 年間予算_総売上 計 × 100,年間予算構成比_FD仕入 計: 予算 / 予算総売上 × 100,年間予実対比（予実対比）.年間予算構成比_FD仕入 計,,,,,
,,,,,,,,,,,"年間予実対比（予実対比）.年間実績_フード仕入, 年間予実対比（予実対比）.年間実績_総売上 計",年間予算_フード仕入 ÷ 年間予算_総売上 計 × 100,年間予算構成比_フード仕入: 予算 / 予算総売上 × 100,年間予実対比（予実対比）.年間予算構成比_フード仕入,,,,,
,,,,,,,,,,,"年間予実対比（予実対比）.年間実績_ドリンク仕入, 年間予実対比（予実対比）.年間実績_総売上 計",年間予算_ドリンク仕入 ÷ 年間予算_総売上 計 × 100,年間予算構成比_ドリンク仕入: 予算 / 予算総売上 × 100,年間予実対比（予実対比）.年間予算構成比_ドリンク仕入,,,,,
,,,,,,,,,,,"年間予実対比（予実対比）.年間実績_人件費 計, 年間予実対比（予実対比）.年間実績_総売上 計",年間予算_人件費 計 ÷ 年間予算_総売上 計 × 100,年間予算構成比_人件費 計: 予算 / 予算総売上 × 100,年間予実対比（予実対比）.年間予算構成比_人件費 計,,,,,
,,,,,,,,,,,"年間予実対比（予実対比）.年間実績_固定人件費, 年間予実対比（予実対比）.年間実績_総売上 計",年間予算_固定人件費 ÷ 年間予算_総売上 計 × 100,年間予算構成比_固定人件費: 予算 / 予算総売上 × 100,年間予実対比（予実対比）.年間予算構成比_固定人件費,,,,,
,,,,,,,,,,,"年間予実対比（予実対比）.年間実績_PA人件費, 年間予実対比（予実対比）.年間実績_総売上 計",年間予算_PA人件費 ÷ 年間予算_総売上 計 × 100,年間予算構成比_PA人件費: 予算 / 予算総売上 × 100,年間予実対比（予実対比）.年間予算構成比_PA人件費,,,,,
,,,,,,,,,,,"年間予実対比（予実対比）.年間実績_社員人件費, 年間予実対比（予実対比）.年間実績_総売上 計",年間予算_社員人件費 ÷ 年間予算_総売上 計 × 100,年間予算構成比_社員人件費: 予算 / 予算総売上 × 100,年間予実対比（予実対比）.年間予算構成比_社員人件費,,,,,
,,,,,,,,,,,"年間予実対比（予実対比）.年間実績_ヘルプ人件費, 年間予実対比（予実対比）.年間実績_総売上 計",年間予算_ヘルプ人件費 ÷ 年間予算_総売上 計 × 100,年間予算構成比_ヘルプ人件費: 予算 / 予算総売上 × 100,年間予実対比（予実対比）.年間予算構成比_ヘルプ人件費,,,,,
,,,,,,,,,,,"年間予実対比（予実対比）.年間実績_その他経費 計, 年間予実対比（予実対比）.年間実績_総売上 計",年間予算_その他経費 計 ÷ 年間予算_総売上 計 × 100,年間予算構成比_その他経費 計: 予算 / 予算総売上 × 100,年間予実対比（予実対比）.年間予算構成比_その他経費 計,,,,,
,,,,,,,,,,,"年間予実対比（予実対比）.年間実績_地代家賃, 年間予実対比（予実対比）.年間実績_総売上 計",年間予算_地代家賃 ÷ 年間予算_総売上 計 × 100,年間予算構成比_地代家賃: 予算 / 予算総売上 × 100,年間予実対比（予実対比）.年間予算構成比_地代家賃,,,,,
,,,,,,,,,,,"年間予実対比（予実対比）.年間実績_家賃（変動分）, 年間予実対比（予実対比）.年間実績_総売上 計",年間予算_家賃（変動分） ÷ 年間予算_総売上 計 × 100,年間予算構成比_家賃（変動分）: 予算 / 予算総売上 × 100,年間予実対比（予実対比）.年間予算構成比_家賃（変動分）,,,,,
,,,,,,,,,,,"年間予実対比（予実対比）.年間実績_水道光熱費, 年間予実対比（予実対比）.年間実績_総売上 計",年間予算_水道光熱費 ÷ 年間予算_総売上 計 × 100,年間予算構成比_水道光熱費: 予算 / 予算総売上 × 100,年間予実対比（予実対比）.年間予算構成比_水道光熱費,,,,,
,,,,,,,,,,,"年間予実対比（予実対比）.年間実績_電気代, 年間予実対比（予実対比）.年間実績_総売上 計",年間予算_電気代 ÷ 年間予算_総売上 計 × 100,年間予算構成比_電気代: 予算 / 予算総売上 × 100,年間予実対比（予実対比）.年間予算構成比_電気代,,,,,
,,,,,,,,,,,"年間予実対比（予実対比）.年間実績_ガス代, 年間予実対比（予実対比）.年間実績_総売上 計",年間予算_ガス代 ÷ 年間予算_総売上 計 × 100,年間予算構成比_ガス代: 予算 / 予算総売上 × 100,年間予実対比（予実対比）.年間予算構成比_ガス代,,,,,
,,,,,,,,,,,"年間予実対比（予実対比）.年間実績_水道代, 年間予実対比（予実対比）.年間実績_総売上 計",年間予算_水道代 ÷ 年間予算_総売上 計 × 100,年間予算構成比_水道代: 予算 / 予算総売上 × 100,年間予実対比（予実対比）.年間予算構成比_水道代,,,,,
,,,,,,,,,,,"年間予実対比（予実対比）.年間実績_減価償却費, 年間予実対比（予実対比）.年間実績_総売上 計",年間予算_減価償却費 ÷ 年間予算_総売上 計 × 100,年間予算構成比_減価償却費: 予算 / 予算総売上 × 100,年間予実対比（予実対比）.年間予算構成比_減価償却費,,,,,
,,,,,,,,,,,"年間予実対比（予実対比）.年間実績_販促費, 年間予実対比（予実対比）.年間実績_総売上 計",年間予算_販促費 ÷ 年間予算_総売上 計 × 100,年間予算構成比_販促費: 予算 / 予算総売上 × 100,年間予実対比（予実対比）.年間予算構成比_販促費,,,,,
,,,,,,,,,,,"年間予実対比（予実対比）.年間実績_資材費, 年間予実対比（予実対比）.年間実績_総売上 計",年間予算_資材費 ÷ 年間予算_総売上 計 × 100,年間予算構成比_資材費: 予算 / 予算総売上 × 100,年間予実対比（予実対比）.年間予算構成比_資材費,,,,,
,,,,,,,,,,,"年間予実対比（予実対比）.年間実績_借入金返済, 年間予実対比（予実対比）.年間実績_総売上 計",年間予算_借入金返済 ÷ 年間予算_総売上 計 × 100,年間予算構成比_借入金返済: 予算 / 予算総売上 × 100,年間予実対比（予実対比）.年間予算構成比_借入金返済,,,,,
,,,,,,,,,,,"年間予実対比（予実対比）.年間実績_IT費用, 年間予実対比（予実対比）.年間実績_総売上 計",年間予算_IT費用 ÷ 年間予算_総売上 計 × 100,年間予算構成比_IT費用: 予算 / 予算総売上 × 100,年間予実対比（予実対比）.年間予算構成比_IT費用,,,,,
,,,,,,,,,,,"年間予実対比（予実対比）.年間実績_ラクミー利用料, 年間予実対比（予実対比）.年間実績_総売上 計",年間予算_ラクミー利用料 ÷ 年間予算_総売上 計 × 100,年間予算構成比_ラクミー利用料: 予算 / 予算総売上 × 100,年間予実対比（予実対比）.年間予算構成比_ラクミー利用料,,,,,
,,,,,,,,,,,"年間予実対比（予実対比）.年間実績_レジ利用料, 年間予実対比（予実対比）.年間実績_総売上 計",年間予算_レジ利用料 ÷ 年間予算_総売上 計 × 100,年間予算構成比_レジ利用料: 予算 / 予算総売上 × 100,年間予実対比（予実対比）.年間予算構成比_レジ利用料,,,,,
,,,,,,,,,,,"年間予実対比（予実対比）.年間実績_クレジットカード手数料, 年間予実対比（予実対比）.年間実績_総売上 計",年間予算_クレジットカード手数料 ÷ 年間予算_総売上 計 × 100,年間予算構成比_クレジットカード手数料: 予算 / 予算総売上 × 100,年間予実対比（予実対比）.年間予算構成比_クレジットカード手数料,,,,,
,,,,,,,,,,,"年間予実対比（予実対比）.年間実績_お花代, 年間予実対比（予実対比）.年間実績_総売上 計",年間予算_お花代 ÷ 年間予算_総売上 計 × 100,年間予算構成比_お花代: 予算 / 予算総売上 × 100,年間予実対比（予実対比）.年間予算構成比_お花代,,,,,
,,,,,,,,,,,"年間予実対比（予実対比）.年間実績_営業利益, 年間予実対比（予実対比）.年間実績_総売上 計",年間予算_営業利益 ÷ 年間予算_総売上 計 × 100,年間予算構成比_営業利益: 予算 / 予算総売上 × 100,年間予実対比（予実対比）.年間予算構成比_営業利益,,,,,
,,,,,,,,,,,,年間実績_総売上 計 ÷ 年間実績_総売上 計 × 100,年間構成比_総売上 計: 実績 / 実績総売上 × 100,年間予実対比（予実対比）.年間構成比_総売上 計,,,,,
,,,,,,,,,,,,年間実績_フード売上 計 ÷ 年間実績_総売上 計 × 100,年間構成比_フード売上 計: 実績 / 実績総売上 × 100,年間予実対比（予実対比）.年間構成比_フード売上 計,,,,,
,,,,,,,,,,,,年間実績_フード売上ランチ ÷ 年間実績_総売上 計 × 100,年間構成比_フード売上ランチ: 実績 / 実績総売上 × 100,年間予実対比（予実対比）.年間構成比_フード売上ランチ,,,,,
,,,,,,,,,,,,年間実績_フード売上ディナー ÷ 年間実績_総売上 計 × 100,年間構成比_フード売上ディナー: 実績 / 実績総売上 × 100,年間予実対比（予実対比）.年間構成比_フード売上ディナー,,,,,
,,,,,,,,,,,,年間実績_ドリンク売上 計 ÷ 年間実績_総売上 計 × 100,年間構成比_ドリンク売上 計: 実績 / 実績総売上 × 100,年間予実対比（予実対比）.年間構成比_ドリンク売上 計,,,,,
,,,,,,,,,,,,年間実績_ドリンク売上ランチ ÷ 年間実績_総売上 計 × 100,年間構成比_ドリンク売上ランチ: 実績 / 実績総売上 × 100,年間予実対比（予実対比）.年間構成比_ドリンク売上ランチ,,,,,
,,,,,,,,,,,,年間実績_ドリンク売上ディナー ÷ 年間実績_総売上 計 × 100,年間構成比_ドリンク売上ディナー: 実績 / 実績総売上 × 100,年間予実対比（予実対比）.年間構成比_ドリンク売上ディナー,,,,,
,,,,,,,,,,,,年間実績_その他売上 計 ÷ 年間実績_総売上 計 × 100,年間構成比_その他売上 計: 実績 / 実績総売上 × 100,年間予実対比（予実対比）.年間構成比_その他売上 計,,,,,
,,,,,,,,,,,,年間実績_その他売上ランチ ÷ 年間実績_総売上 計 × 100,年間構成比_その他売上ランチ: 実績 / 実績総売上 × 100,年間予実対比（予実対比）.年間構成比_その他売上ランチ,,,,,
,,,,,,,,,,,,年間実績_その他売上ディナー ÷ 年間実績_総売上 計 × 100,年間構成比_その他売上ディナー: 実績 / 実績総売上 × 100,年間予実対比（予実対比）.年間構成比_その他売上ディナー,,,,,
,,,,,,,,,,,,年間実績_FLコスト 計 ÷ 年間実績_総売上 計 × 100,年間構成比_FLコスト 計: 実績 / 実績総売上 × 100,年間予実対比（予実対比）.年間構成比_FLコスト 計,,,,,
,,,,,,,,,,,,年間実績_FD仕入 計 ÷ 年間実績_総売上 計 × 100,年間構成比_FD仕入 計: 実績 / 実績総売上 × 100,年間予実対比（予実対比）.年間構成比_FD仕入 計,,,,,
,,,,,,,,,,,,年間実績_フード仕入 ÷ 年間実績_総売上 計 × 100,年間構成比_フード仕入: 実績 / 実績総売上 × 100,年間予実対比（予実対比）.年間構成比_フード仕入,,,,,
,,,,,,,,,,,,年間実績_ドリンク仕入 ÷ 年間実績_総売上 計 × 100,年間構成比_ドリンク仕入: 実績 / 実績総売上 × 100,年間予実対比（予実対比）.年間構成比_ドリンク仕入,,,,,
,,,,,,,,,,,,年間実績_人件費 計 ÷ 年間実績_総売上 計 × 100,年間構成比_人件費 計: 実績 / 実績総売上 × 100,年間予実対比（予実対比）.年間構成比_人件費 計,,,,,
,,,,,,,,,,,,年間実績_固定人件費 ÷ 年間実績_総売上 計 × 100,年間構成比_固定人件費: 実績 / 実績総売上 × 100,年間予実対比（予実対比）.年間構成比_固定人件費,,,,,
,,,,,,,,,,,,年間実績_PA人件費 ÷ 年間実績_総売上 計 × 100,年間構成比_PA人件費: 実績 / 実績総売上 × 100,年間予実対比（予実対比）.年間構成比_PA人件費,,,,,
,,,,,,,,,,,,年間実績_社員人件費 ÷ 年間実績_総売上 計 × 100,年間構成比_社員人件費: 実績 / 実績総売上 × 100,年間予実対比（予実対比）.年間構成比_社員人件費,,,,,
,,,,,,,,,,,,年間実績_ヘルプ人件費 ÷ 年間実績_総売上 計 × 100,年間構成比_ヘルプ人件費: 実績 / 実績総売上 × 100,年間予実対比（予実対比）.年間構成比_ヘルプ人件費,,,,,
,,,,,,,,,,,,年間実績_その他経費 計 ÷ 年間実績_総売上 計 × 100,年間構成比_その他経費 計: 実績 / 実績総売上 × 100,年間予実対比（予実対比）.年間構成比_その他経費 計,,,,,
,,,,,,,,,,,,年間実績_地代家賃 ÷ 年間実績_総売上 計 × 100,年間構成比_地代家賃: 実績 / 実績総売上 × 100,年間予実対比（予実対比）.年間構成比_地代家賃,,,,,
,,,,,,,,,,,,年間実績_家賃（変動分） ÷ 年間実績_総売上 計 × 100,年間構成比_家賃（変動分）: 実績 / 実績総売上 × 100,年間予実対比（予実対比）.年間構成比_家賃（変動分）,,,,,
,,,,,,,,,,,,年間実績_水道光熱費 ÷ 年間実績_総売上 計 × 100,年間構成比_水道光熱費: 実績 / 実績総売上 × 100,年間予実対比（予実対比）.年間構成比_水道光熱費,,,,,
,,,,,,,,,,,,年間実績_電気代 ÷ 年間実績_総売上 計 × 100,年間構成比_電気代: 実績 / 実績総売上 × 100,年間予実対比（予実対比）.年間構成比_電気代,,,,,
,,,,,,,,,,,,年間実績_ガス代 ÷ 年間実績_総売上 計 × 100,年間構成比_ガス代: 実績 / 実績総売上 × 100,年間予実対比（予実対比）.年間構成比_ガス代,,,,,
,,,,,,,,,,,,年間実績_水道代 ÷ 年間実績_総売上 計 × 100,年間構成比_水道代: 実績 / 実績総売上 × 100,年間予実対比（予実対比）.年間構成比_水道代,,,,,
,,,,,,,,,,,,年間実績_減価償却費 ÷ 年間実績_総売上 計 × 100,年間構成比_減価償却費: 実績 / 実績総売上 × 100,年間予実対比（予実対比）.年間構成比_減価償却費,,,,,
,,,,,,,,,,,,年間実績_販促費 ÷ 年間実績_総売上 計 × 100,年間構成比_販促費: 実績 / 実績総売上 × 100,年間予実対比（予実対比）.年間構成比_販促費,,,,,
,,,,,,,,,,,,年間実績_資材費 ÷ 年間実績_総売上 計 × 100,年間構成比_資材費: 実績 / 実績総売上 × 100,年間予実対比（予実対比）.年間構成比_資材費,,,,,
,,,,,,,,,,,,年間実績_借入金返済 ÷ 年間実績_総売上 計 × 100,年間構成比_借入金返済: 実績 / 実績総売上 × 100,年間予実対比（予実対比）.年間構成比_借入金返済,,,,,
,,,,,,,,,,,,年間実績_IT費用 ÷ 年間実績_総売上 計 × 100,年間構成比_IT費用: 実績 / 実績総売上 × 100,年間予実対比（予実対比）.年間構成比_IT費用,,,,,
,,,,,,,,,,,,年間実績_ラクミー利用料 ÷ 年間実績_総売上 計 × 100,年間構成比_ラクミー利用料: 実績 / 実績総売上 × 100,年間予実対比（予実対比）.年間構成比_ラクミー利用料,,,,,
,,,,,,,,,,,,年間実績_レジ利用料 ÷ 年間実績_総売上 計 × 100,年間構成比_レジ利用料: 実績 / 実績総売上 × 100,年間予実対比（予実対比）.年間構成比_レジ利用料,,,,,
,,,,,,,,,,,,年間実績_クレジットカード手数料 ÷ 年間実績_総売上 計 × 100,年間構成比_クレジットカード手数料: 実績 / 実績総売上 × 100,年間予実対比（予実対比）.年間構成比_クレジットカード手数料,,,,,
,,,,,,,,,,,,年間実績_お花代 ÷ 年間実績_総売上 計 × 100,年間構成比_お花代: 実績 / 実績総売上 × 100,年間予実対比（予実対比）.年間構成比_お花代,,,,,
,,,,,,,,,,,,年間実績_営業利益 ÷ 年間実績_総売上 計 × 100,年間構成比_営業利益: 実績 / 実績総売上 × 100,年間予実対比（予実対比）.年間構成比_営業利益,,,,,
,,,,,,,,画面間演算,,monthly_costs.value,,売上-FLコスト-経費,年間実績_営業利益: 年間予実対比(予実対比).総売上 計 - 年間予実対比(予実対比).FLコスト 計 - 年間予実対比(予実対比).その他経費 計,年間予実対比（予実対比）.年間実績_営業利益,,,,,
,,,,,,,,画面間×設定値,,"monthly_budgets.target_sales, budget_sales_compositions.food_ratio",月次予算設定.年間フード売上,年間予算_総売上 計 × 売上構成比設定.フード構成比,年間予算_フード売上 計: 年間予算 × food_ratio,年間予実対比（予実対比）.年間予算_フード売上 計,,,,,
,,,,,,,,,,"monthly_budgets.target_sales, budget_sales_compositions.lunch_ratio",月次予算設定.年間フード売上ランチ,年間予算_フード売上 計 × 売上構成比設定.ランチ比率,年間予算_フード売上ランチ: 年間予算 × lunch_ratio,年間予実対比（予実対比）.年間予算_フード売上ランチ,,,,,
,,,,,,,,,,"monthly_budgets.target_sales, budget_sales_compositions.dinner_ratio",月次予算設定.年間フード売上ディナー,年間予算_フード売上 計 × 売上構成比設定.ディナー比率,年間予算_フード売上ディナー: 年間予算 × dinner_ratio,年間予実対比（予実対比）.年間予算_フード売上ディナー,,,,,
,,,,,,,,,,"monthly_budgets.target_sales, budget_sales_compositions.drink_ratio",月次予算設定.年間ドリンク売上,年間予算_総売上 計 × 売上構成比設定.ドリンク構成比,年間予算_ドリンク売上 計: 年間予算 × drink_ratio,年間予実対比（予実対比）.年間予算_ドリンク売上 計,,,,,
,,,,,,,,,,"monthly_budgets.target_sales, budget_sales_compositions.other_ratio",月次予算設定.年間ドリンク売上ランチ,年間予算_ドリンク売上 計 × 売上構成比設定.ランチ比率,年間予算_ドリンク売上ランチ: 年間予算 × lunch_ratio,年間予実対比（予実対比）.年間予算_ドリンク売上ランチ,,,,,
,,,,,,,,,,"monthly_budgets.target_sales, monthly_budgets.food_cost_rate",月次予算設定.年間ドリンク売上ディナー,年間予算_ドリンク売上 計 × 売上構成比設定.ディナー比率,年間予算_ドリンク売上ディナー: 年間予算 × dinner_ratio,年間予実対比（予実対比）.年間予算_ドリンク売上ディナー,,,,,
,,,,,,,,,,"monthly_budgets.food_cost_rate, fd_compositions.food_ratio",月次予算設定.年間その他売上（サービス料等）,年間予算_総売上 計 × 売上構成比設定.その他構成比,年間予算_その他売上 計（サービス料等）: 年間予算 × other_ratio,年間予実対比（予実対比）.年間予算_その他売上 計（サービス料等）,,,,,
,,,,,,,,,,"monthly_budgets.food_cost_rate, fd_compositions.drink_ratio",月次予算設定.年間その他売上ランチ,年間予算_その他売上 計 × 売上構成比設定.ランチ比率,年間予算_その他売上ランチ: 年間予算 × lunch_ratio,年間予実対比（予実対比）.年間予算_その他売上ランチ,,,,,
,,,,,,,,,,"monthly_budgets.target_sales, monthly_budgets.labor_cost_rate, 固定人件費予算",月次予算設定.年間その他売上ディナー,年間予算_その他売上 計 × 売上構成比設定.ディナー比率,年間予算_その他売上ディナー: 年間予算 × dinner_ratio,年間予実対比（予実対比）.年間予算_その他売上ディナー,,,,,
,,,,,,,,,,"monthly_budgets.target_sales, monthly_budgets.labor_cost_rate",月次予算設定.年間FD仕入,SUM(monthly_budgets.target_sales × monthly_budgets.food_cost_rate) GROUP BY year,年間予算_FD仕入 計: target_sales × food_cost_rate,年間予実対比（予実対比）.年間予算_FD仕入 計,,,,,
,,,,,,,,,,,月次予算設定.年間フード仕入,年間予算_FD仕入 計 × FD構成比設定.フード比率,年間予算_フード仕入: FD仕入予算 × food_ratio,年間予実対比（予実対比）.年間予算_フード仕入,,,,,
,,,,,,,,,,,月次予算設定.年間ドリンク仕入,年間予算_FD仕入 計 × FD構成比設定.ドリンク比率,年間予算_ドリンク仕入: FD仕入予算 × drink_ratio,年間予実対比（予実対比）.年間予算_ドリンク仕入,,,,,
,,,,,,,,,,,月次予算設定.年間人件費,SUM(monthly_budgets.target_sales × monthly_budgets.labor_cost_rate + 固定人件費) GROUP BY year,年間予算_人件費 計: (target_sales × labor_cost_rate + 固定人件費),年間予実対比（予実対比）.年間予算_人件費 計,,,,,
,,,,,,,,,,,月次予算設定.年間PA人件費,SUM(monthly_budgets.target_sales × monthly_budgets.labor_cost_rate) GROUP BY year,年間予算_PA人件費: target_sales × labor_cost_rate,年間予実対比（予実対比）.年間予算_PA人件費,,,,,
3,予実対比,分析画面,中,S,全店舗,最高,L2-C,外部連携単独,ZTOTAL.sales_excluded,head_office_connected_service_sales_logs.sales_excluded,[外部]ZTOTAL.sales_excluded,SUM,総売上: SUM(ZTOTAL.sales_excluded),予実対比.総売上,"主要KPI指標.営業利益率, 年間予実対比.営業利益, 店舗ラベル別サマリー.FD仕入率, 店舗ラベル別サマリー.営業利益, 店舗別サマリー.FD仕入率, 店舗別サマリー.営業利益, 当月実績.FD仕入率, 当月実績.FL率, 当月実績.営業利益",長期キャッシュ(1時間以上),◎,日次バッチ,
,,,,,,,,,TITEM.sales_excluded,head_office_item_sales_logs.sales_excluded,[外部]TITEM.sales_excluded,SUMフード,フード売上: SUM(TITEM.sales_excluded) WHERE category = 'フード',予実対比.フード売上,"主要KPI指標.営業利益率, 年間予実対比.営業利益, 店舗ラベル別サマリー.人件費率, 店舗ラベル別サマリー.営業利益, 店舗別サマリー.人件費率, 店舗別サマリー.営業利益, 店舗別人件費, 当月実績.FL率, 当月実績.人件費率, 当月実績.営業利益",,,,
,,,,,,,,,ZTOTAL.discount,z_totals.discount,[外部]ZTOTAL.discount,SUM(フードかつ時間フィルタ),フード売上ランチ: SUM(TITEM.sales_excluded) WHERE category = 'フード' AND order_time BETWEEN 11:00 AND 15:00,予実対比.フード売上ランチ,"日次推移, 日次レポート",,,,
,,,,,,,,,infomart_transactions.total_tax_excluded,infomart_transactions.total_tax_excluded,[外部]infomart_transactions.total_tax_excluded,SUMドリンク,フード売上ディナー: SUM(TITEM.sales_excluded) WHERE category = 'フード' AND order_time BETWEEN 17:00 AND 23:00,予実対比.フード売上ディナー,,,,,
,,,,,,,,,head_office_connected_service_labor_costs_logs.labor_costs,head_office_connected_service_labor_costs_logs.labor_costs,[外部]head_office_connected_service_labor_costs_logs.labor_costs,SUM(ドリンクかつ時間フィルタ),ドリンク売上: SUM(TITEM.sales_excluded) WHERE category = 'ドリンク',予実対比.ドリンク売上,,,,,
,,,,,,,,,head_office_employee_working_records.daily_cost,head_office_employee_working_records.daily_cost,[外部]head_office_employee_working_records.daily_cost,SUMFD,ドリンク売上ランチ: SUM(TITEM.sales_excluded) WHERE category = 'ドリンク' AND order_time BETWEEN 11:00 AND 15:00,予実対比.ドリンク売上ランチ,,,,,
,,,,,,,,,ZTOTAL.service_charge_1,z_totals.service_charge_1,[外部]ZTOTAL.service_charge_1,SUM月給者,ドリンク売上ディナー: SUM(TITEM.sales_excluded) WHERE category = 'ドリンク' AND order_time BETWEEN 17:00 AND 23:00,予実対比.ドリンク売上ディナー,,,,,
,,,,,,,,,,,,SUM時給者,割引・値引きなど: SUM(ZTOTAL.discount),予実対比.割引・値引きなど,,,,,
,,,,,,,,,,,,SUM(その他かつ時間フィルタ),"FD仕入: SUM(infomart_transactions.total_tax_excluded) WHERE category IN ('フード', 'ドリンク')",予実対比.FD仕入,,,,,
,,,,,,,,,,,,SUM年間,フード仕入: SUM(infomart_transactions.total_tax_excluded) WHERE category = 'フード',予実対比.フード仕入,,,,,
,,,,,,,,,,,,SUMドリンク,ドリンク仕入: SUM(infomart_transactions.total_tax_excluded) WHERE category = 'ドリンク',予実対比.ドリンク仕入,,,,,
,,,,,,,,,,,,SUM,人件費: SUM(head_office_connected_service_labor_costs_logs.labor_costs),予実対比.人件費,,,,,
,,,,,,,,,,,,SUM,固定人件費: SUM(head_office_connected_service_labor_costs_logs.labor_costs) WHERE employee_type = '月給者',予実対比.固定人件費,,,,,
,,,,,,,,,,,,SUM,PA人件費: SUM(head_office_employee_working_records.daily_cost) WHERE employee_type = '時給者',予実対比.PA人件費,,,,,
,,,,,,,,,,,,SUM,その他売上（サービス料等）: SUM(ZTOTAL.service_charge_1),予実対比.その他売上（サービス料等）,,,,,
,,,,,,,,,,,,SUM,その他売上ランチ: SUM(TITEM.sales_excluded) WHERE category = 'その他' AND order_time BETWEEN 11:00 AND 15:00,予実対比.その他売上ランチ,,,,,
,,,,,,,,,,,,SUM,その他売上ディナー: SUM(TITEM.sales_excluded) WHERE category = 'その他' AND order_time BETWEEN 17:00 AND 23:00,予実対比.その他売上ディナー,,,,,
,,,,,,,,,,,,SUM商品別,FD仕入額: SUM(infomart_transactions.total_tax_excluded) GROUP BY year,予実対比.FD仕入額,,,,,
,,,,,,,,,,,,SUM商品別,人件費額: SUM(head_office_connected_service_labor_costs_logs.labor_costs) GROUP BY year,予実対比.人件費額,,,,,
,,,,,,,,,,,,SUM商品別,総売上　計: SUM(ZTOTAL.sales_excluded) GROUP BY year,予実対比.総売上　計,,,,,
,,,,,,,,,,,,SUMフード,フード売上 計: SUM(ZTOTAL.sales_excluded) WHERE category = 'フード' GROUP BY year,予実対比.フード売上 計,,,,,
,,,,,,,,,,,,SUMドリンク,ドリンク売上　計: SUM(ZTOTAL.sales_excluded) WHERE category = 'ドリンク' GROUP BY year,予実対比.ドリンク売上　計,,,,,
,,,,,,,,,,,,SUM商品別,その他売上 計 （サービス料等）: SUM(ZTOTAL.service_charge_1) GROUP BY year,予実対比.その他売上 計 （サービス料等）,,,,,
,,,,,,,,,,,,SUM商品別,その他売上ランチ: SUM(TITEM.sales_excluded) WHERE category = 'その他' AND order_time BETWEEN 11:00 AND 15:00 GROUP BY year,予実対比.FD仕入　計,,,,,
,,,,,,,,,,,,SUM商品別,その他売上ディナー: SUM(TITEM.sales_excluded) WHERE category = 'その他' AND order_time BETWEEN 17:00 AND 23:00 GROUP BY year,予実対比.人件費　計,,,,,
,,,,,,,,,,,,SUMフード,"FD仕入　計: SUM(tax_excluded_total) WHERE category IN ('フード', 'ドリンク') GROUP BY year",,,,,,
,,,,,,,,,,,,SUM商品別,人件費　計: SUM(head_office_connected_service_labor_costs_logs.labor_costs) GROUP BY year,,,,,,
,,,,,,,,,,,,SUMフード,フード売上ランチ: SUM(TITEM.sales_excluded) WHERE category = 'フード' AND order_time BETWEEN 11:00 AND 15:00 GROUP BY year,,,,,,
,,,,,,,,,,,,SUMフード,フード売上ディナー: SUM(TITEM.sales_excluded) WHERE category = 'フード' AND order_time BETWEEN 17:00 AND 23:00 GROUP BY year,,,,,,
,,,,,,,,,,,,SUMドリンク,ドリンク売上ランチ: SUM(TITEM.sales_excluded) WHERE category = 'ドリンク' AND order_time BETWEEN 11:00 AND 15:00 GROUP BY year,,,,,,
,,,,,,,,,,,,SUMドリンク,ドリンク売上ディナー: SUM(TITEM.sales_excluded) WHERE category = 'ドリンク' AND order_time BETWEEN 17:00 AND 23:00 GROUP BY year,,,,,,
,,,,,,,,,,,,SUMフード,フード仕入: SUM(infomart_transactions.total_tax_excluded) WHERE category = 'フード' GROUP BY year,,,,,,
,,,,,,,,,,,,SUMドリンク,ドリンク仕入: SUM(infomart_transactions.total_tax_excluded) WHERE category = 'ドリンク' GROUP BY year,,,,,,
,,,,,,,,,,,,SUM商品別,固定人件費: SUM(head_office_connected_service_labor_costs_logs.labor_costs) WHERE employee_type = '月給者' GROUP BY year,,,,,,
,,,,,,,,,,,,SUM商品別,PA人件費: SUM(head_office_employee_working_records.daily_cost) GROUP BY year,,,,,,
,,,,,,,,外部連携×外部連携,"ZTOTAL.sales_excluded, ZTOTAL.customers","head_office_connected_service_sales_logs.sales_excluded, head_office_connected_service_sales_logs.customers","当月実績.売上（税抜）, 客数.当月客数",売上÷客数,客単価: 当月実績.売上（税抜） ÷ 客数.当月客数,予実対比.客単価,,,,,
,,,,,,,,,"TITEM.sales_excluded, ZTOTAL.customers","head_office_item_sales_logs.sales_excluded, head_office_connected_service_sales_logs.customers","時間帯別売上分析.ランチ売上（税抜）, 時間帯別売上分析.客数",売上÷客数(11-15時フィルタ),客単価（ランチ）: 時間帯別売上分析.ランチ売上（税抜） ÷ 時間帯別売上分析.客数,予実対比.客単価（ランチ）,,,,,
,,,,,,,,,"infomart_transactions.total_tax_excluded, head_office_connected_service_labor_costs_logs.labor_costs","infomart_transactions.total_tax_excluded, head_office_connected_service_labor_costs_logs.labor_costs","時間帯別売上分析.ディナー売上（税抜）, 時間帯別売上分析.客数",売上÷客数(17-23時フィルタ),客単価（ディナー）: 時間帯別売上分析.ディナー売上（税抜） ÷ 時間帯別売上分析.客数,予実対比.客単価（ディナー）,,,,,
,,,,,,,,,"head_office_connected_service_labor_costs_logs.help_costs, head_office_connected_service_labor_costs_logs.help_costs_minus","head_office_connected_service_labor_costs_logs.help_costs, head_office_connected_service_labor_costs_logs.help_costs_minus",SUM(紐づく店舗.予実対比.ヘルプ人件費),SUM,FLコスト　計: SUM(tax_excluded_total) + SUM(head_office_connected_service_labor_costs_logs.labor_costs) GROUP BY year,予実対比.FLコスト　計,,,,,
,,,,,,,,,,,,help_costs-help_costs_minus,ヘルプ人件費: 店舗別人件費.ヘルプ人件費 - 店舗別人件費.ヘルプ人件費マイナス,予実対比.ヘルプ人件費,,,,,
,,,,,,,,設定値参照,,monthly_costs.value,,SUM,その他経費　計: SUM(monthly_costs.value) WHERE cost_type = '経費' GROUP BY year,予実対比.その他経費　計,,,,,
,,,,,,,,,,,,費目フィルタ,ラクミー利用料: monthly_costs.value WHERE cost_item = 'ラクミー利用料',予実対比.ラクミー利用料,,,,,
,,,,,,,,,,,,費目=家賃,レジ利用料: monthly_costs.value WHERE cost_item = 'レジ利用料',予実対比.レジ利用料,,,,,
,,,,,,,,,,,,費目=資材費,借入金返済: monthly_costs.value WHERE cost_item = '借入金返済',予実対比.借入金返済,,,,,
,,,,,,,,,,,,費目=水道光熱費,地代家賃: monthly_costs.value WHERE cost_item = '家賃' GROUP BY year,予実対比.地代家賃,,,,,
,,,,,,,,,,,,費目=減価償却費,資材費: monthly_costs.value WHERE cost_item = '資材費' GROUP BY year,予実対比.資材費,,,,,
,,,,,,,,,,,,費目=販促費,水道光熱費: monthly_costs.value WHERE cost_item = '水道光熱費' GROUP BY year,予実対比.水道光熱費,,,,,
,,,,,,,,,,,,データ取得,減価償却費: monthly_costs.value WHERE cost_item = '減価償却費' GROUP BY year,予実対比.減価償却費,,,,,
,,,,,,,,,,,,データ取得,販促費: monthly_costs.value WHERE cost_item = '販促費' GROUP BY year,予実対比.販促費,,,,,
,,,,,,,,画面間演算,"ZTOTAL.sales_excluded, infomart_transactions.total_tax_excluded, head_office_connected_service_labor_costs_logs.labor_costs","head_office_connected_service_sales_logs.sales_excluded, infomart_transactions.total_tax_excluded, head_office_connected_service_labor_costs_logs.labor_costs, monthly_costs.value","当月実績.売上（税抜）, 予実対比.FD仕入, 予実対比.人件費",売上-仕入-人件費-経費,営業利益: 当月実績.売上（税抜） - 予実対比.FD仕入 - 予実対比.人件費 - 予実対比.その他経費,予実対比.営業利益,"当月実績.営業利益, 店舗別サマリー.営業利益",,,,
4,月次レポート,分析画面,低,A,全店舗,最高,L2-C,外部連携単独,tax_excluded_total.amount,infomart_transactions.total_tax_excluded,[外部]tax_excluded_total.amount,SUM,仕入総額: SUM(tax_excluded_total.amount),月次レポート.仕入総額,月次レポート.原価（金額）,長期キャッシュ(1時間以上),◎,日次バッチ,
,,,,,,,,,ZTOTAL.sales_excluded,head_office_connected_service_sales_logs.sales_excluded,[外部]ZTOTAL.sales_excluded,SUM月間,売上合計（税抜）: SUM(ZTOTAL.sales_excluded) GROUP BY year_month,月次レポート.売上合計（税抜）,,,,,
,,,,,,,,ラクミー内部マスター参照,,shops.name,[マスタ]shops.name,マスタ参照,店舗名: shops.name,月次レポート.店舗名,,,,,
,,,,,,,,設定値参照,,shop_inventories.amount（棚卸入力）,,マスタ参照,対象前月在庫（金額）: shop_inventories.amount WHERE year_month = target_month - 1,月次レポート.対象前月在庫（金額）,月次レポート.原価（金額）,,,,
,,,,,,,,,,,,在庫参照,対象月在庫（金額）: shop_inventories.amount WHERE year_month = target_month,月次レポート.対象月在庫（金額）,,,,,
,,,,,,,,画面間演算,tax_excluded_total.amount,"shop_inventories.amount（棚卸入力）, infomart_transactions.total_tax_excluded",月次レポート.仕入総額,前月在庫+仕入-当月在庫,原価（金額）: 月次レポート.対象前月在庫(金額) + 月次レポート.仕入総額 - 月次レポート.対象月在庫(金額),月次レポート.原価（金額）,月次レポート.原価率,,,,
,,,,,,,,,,z_totals.sales_excluded,当月実績.売上（税抜）,原価÷売上×100,原価率: 月次レポート.原価金額 ÷ 当月実績.売上（税抜） × 100,月次レポート.原価率,,,,,
5,平均単価推移,分析画面,低,C,全店舗,最高,L2-C,外部連携単独,detail_list.item_name,infomart_order_details.item_name,[外部]detail_list.item_name,ラベルマスタ,仕入商品ラベル: detail_list.item_name,平均単価推移.仕入商品ラベル,商品仕入単価.アイテム,中期キャッシュ(30分-1時間),○,データ更新時,
,,,,,,,,,detail_list.price,infomart_order_details.price,[外部]detail_list.price,SUM月別,仕入金額（税抜）: SUM(detail_list.price) GROUP BY year_month,平均単価推移.仕入金額（税抜）,平均単価推移.平均単価,,,,
,,,,,,,,,detail_list.num,infomart_order_details.num,[外部]detail_list.num,SUM商品別,数量: SUM(detail_list.num) GROUP BY year_month,平均単価推移.数量,"商品仕入単価, 平均単価推移.平均単価",,,,
,,,,,,,,外部連携×外部連携,"detail_list.price, detail_list.num","infomart_order_details.price, infomart_order_details.num",平均単価推移.数量,金額÷数量,平均単価: 平均単価推移.仕入金額税抜 ÷ 平均単価推移.数量,平均単価推移.平均単価,"商品仕入単価, 平均単価推移.平均単価推移",,,,
,,,,,,,,画面間演算,,,平均単価推移.平均単価,直近6ヶ月の平均単価推移,平均単価推移: 平均単価推移.平均単価 WHERE year_month >= NOW() - 6months,平均単価推移.平均単価推移,,,,,
6,進捗分析,分析画面,低,A,全店舗,最高,L2-C,画面間演算,ZTOTAL.sales_excluded,"monthly_budgets.value（予算設定画面）, monthly_budgets.profit",当月実績.営業利益,営業利益累計÷目標利益×100,利益進捗率: SUM(当月実績.営業利益) ÷ 予算設定.予算金額 × 100,進捗分析.利益進捗率,店舗別サマリー,長期キャッシュ(1時間以上),◎,日次バッチ,
,,,,,,,,,,"head_office_connected_service_sales_logs.sales_excluded, monthly_budgets.profit","店舗別サマリー.売上（税抜）, 店舗別サマリー.売上目標",売上累計÷目標×100,売上進捗率: SUM(店舗別サマリー.売上（税抜）) ÷ 店舗別サマリー.売上目標 × 100,進捗分析.売上進捗率,,,,,
,,,,,,,,,,,当月実績.売上（税抜）,実績÷目標×100,達成率: 当月実績.売上（税抜） ÷ 予算設定.予算金額 × 100,進捗分析.達成率,,,,,
,,,,,,,,,,,,前月比計算,進捗率比較（前月）: 当月実績.売上（税抜） ÷ 予算設定.予算金額 × 100 (前月データ),進捗分析.進捗率比較（前月）,,,,,
,,,,,,,,,,,,前々月比計算,進捗率比較（前々月）: 当月実績.売上（税抜） ÷ 予算設定.予算金額 × 100 (前々月データ),進捗分析.進捗率比較（前々月）,,,,,
7,年間予実対比,分析画面,中,A,全店舗年次,最高,L2-C,外部連携単独,ZTOTAL.sales_excluded,head_office_connected_service_sales_logs.sales_excluded,[外部]ZTOTAL.sales_excluded,SUM月次,月次実績_総売上 計: SUM(ZTOTAL.sales_excluded) GROUP BY year_month,年間予実対比.月次実績_総売上 計,[外部]infomart_transactions.total_tax_excluded,長期キャッシュ(1時間以上),◎,日次バッチ,
,,,,,,,,,TITEM.sales_excluded,head_office_item_sales_logs.sales_excluded,[外部]TITEM.sales_excluded,SUMフード月次,月次実績_フード売上 計: SUM(TITEM.sales_excluded) WHERE category = 'フード' GROUP BY year_month,年間予実対比.月次実績_フード売上 計,,,,,
,,,,,,,,,ZTOTAL.service_charge_1,z_totals.service_charge_1,[外部]ZTOTAL.service_charge_1,SUMドリンク月次,月次実績_ドリンク売上 計: SUM(TITEM.sales_excluded) WHERE category = 'ドリンク' GROUP BY year_month,年間予実対比.月次実績_ドリンク売上 計,,,,,
,,,,,,,,,infomart_transactions.total_tax_excluded,head_office_employee_working_records.daily_cost,インフォマート（仕入）,SUMその他月次,月次実績_その他売上 計: SUM(ZTOTAL.service_charge_1) GROUP BY year_month,年間予実対比.月次実績_その他売上 計,,,,,
,,,,,,,,,head_office_employee_working_records.daily_cost,,[外部]head_office_employee_working_records.daily_cost,SUMFD月次,月次実績_FD仕入 計: SUM(infomart_transactions.total_tax_excluded) WHERE category IN ('フード',年間予実対比.月次実績_FD仕入 計,,,,,
,,,,,,,,,,,,SUM商品別,月次実績_人件費 計: SUM(head_office_employee_working_records.daily_cost) GROUP BY year_month,年間予実対比.月次実績_人件費 計,,,,,
,,,,,,,,設定値参照,monthly_costs.value,monthly_costs.value,[入力]monthly_costs.value,SUM経費月次,月次実績_その他経費 計: SUM(monthly_costs.value) WHERE cost_type = '経費' GROUP BY year_month,年間予実対比.月次実績_その他経費 計,,,,,
,,,,,,,,,monthly_budgets.target_sales,月次予算値,月次予算設定.売上（税抜）,月次予算,月次予算_総売上 計: monthly_budgets.target_sales GROUP BY year_month,年間予実対比.月次予算_総売上 計,,,,,
,,,,,,,,,,monthly_costs.その他経費合計,月次予算設定.月次その他経費,費用設定.その他経費予算合計,月次予算_その他経費 計: その他経費予算,年間予実対比.月次予算_その他経費 計,,,,,
,,,,,,,,画面内演算,,,"年間予実対比.月次実績_FD仕入 計, 年間予実対比.月次実績_人件費 計",月次実績_FD仕入 計 + 月次実績_人件費 計,月次実績_FLコスト 計: FD仕入 + 人件費,年間予実対比.月次実績_FLコスト 計,,,,,
,,,,,,,,,,,"年間予実対比.月次実績_総売上 計, 年間予実対比.月次実績_FLコスト 計, 年間予実対比.月次実績_その他経費 計",月次実績_総売上 計 - 月次実績_FLコスト 計 - 月次実績_その他経費 計,月次実績_営業利益: 総売上 - FLコスト - その他経費,年間予実対比.月次実績_営業利益,,,,,
,,,,,,,,,,,"年間予実対比.月次予算_FD仕入 計, 年間予実対比.月次予算_人件費 計",月次予算_FD仕入 計 + 月次予算_人件費 計,月次予算_FLコスト 計: FD仕入予算 + 人件費予算,年間予実対比.月次予算_FLコスト 計,,,,,
,,,,,,,,,,,"年間予実対比.月次予算_総売上 計, 年間予実対比.月次予算_FLコスト 計, 年間予実対比.月次予算_その他経費 計",月次予算_総売上 計 - 月次予算_FLコスト 計 - 月次予算_その他経費 計,月次予算_営業利益: 予算_総売上 - 予算_FLコスト - 予算_その他経費,年間予実対比.月次予算_営業利益,,,,,
,,,,,,,,,,,年間予実対比.月次予算_総売上 計,月次予算_総売上 計 ÷ 月次予算_総売上 計 × 100,予算構成比_総売上 計: 100%（基準値）,年間予実対比.予算構成比_総売上 計,,,,,
,,,,,,,,,,,"年間予実対比.月次予算_フード売上 計, 年間予実対比.月次予算_総売上 計",月次予算_フード売上 計 ÷ 月次予算_総売上 計 × 100,予算構成比_フード売上 計: 月次予算_フード売上 / 月次予算_総売上 × 100 GROUP BY year_month,年間予実対比.予算構成比_フード売上 計,,,,,
,,,,,,,,,,,"年間予実対比.月次予算_ドリンク売上 計, 年間予実対比.月次予算_総売上 計",月次予算_ドリンク売上 計 ÷ 月次予算_総売上 計 × 100,予算構成比_ドリンク売上 計: 月次予算_ドリンク売上 / 月次予算_総売上 × 100 GROUP BY year_month,年間予実対比.予算構成比_ドリンク売上 計,,,,,
,,,,,,,,,,,"年間予実対比.月次予算_その他売上 計, 年間予実対比.月次予算_総売上 計",月次予算_その他売上 計 ÷ 月次予算_総売上 計 × 100,予算構成比_その他売上 計: 月次予算_その他売上 / 月次予算_総売上 × 100 GROUP BY year_month,年間予実対比.予算構成比_その他売上 計,,,,,
,,,,,,,,,,,"年間予実対比.月次予算_FLコスト 計, 年間予実対比.月次予算_総売上 計",月次予算_FLコスト 計 ÷ 月次予算_総売上 計 × 100,予算構成比_FLコスト 計: 月次予算_FLコスト / 月次予算_総売上 × 100 GROUP BY year_month,年間予実対比.予算構成比_FLコスト 計,,,,,
,,,,,,,,,,,"年間予実対比.月次予算_FD仕入 計, 年間予実対比.月次予算_総売上 計",月次予算_FD仕入 計 ÷ 月次予算_総売上 計 × 100,予算構成比_FD仕入 計: 月次予算_FD仕入 / 月次予算_総売上 × 100 GROUP BY year_month,年間予実対比.予算構成比_FD仕入 計,,,,,
,,,,,,,,,,,"年間予実対比.月次予算_人件費 計, 年間予実対比.月次予算_総売上 計",月次予算_人件費 計 ÷ 月次予算_総売上 計 × 100,予算構成比_人件費 計: 月次予算_人件費 / 月次予算_総売上 × 100 GROUP BY year_month,年間予実対比.予算構成比_人件費 計,,,,,
,,,,,,,,,,,"年間予実対比.月次予算_その他経費 計, 年間予実対比.月次予算_総売上 計",月次予算_その他経費 計 ÷ 月次予算_総売上 計 × 100,予算構成比_その他経費 計: 月次予算_その他経費 / 月次予算_総売上 × 100 GROUP BY year_month,年間予実対比.予算構成比_その他経費 計,,,,,
,,,,,,,,,,,"年間予実対比.月次予算_営業利益, 年間予実対比.月次予算_総売上 計",月次予算_営業利益 ÷ 月次予算_総売上 計 × 100,予算構成比_営業利益: 月次予算_営業利益 / 月次予算_総売上 × 100 GROUP BY year_month,年間予実対比.予算構成比_営業利益,,,,,
,,,,,,,,,,,"年間予実対比.月次実績_総売上 計, 年間予実対比.月次予算_総売上 計",月次実績_総売上 計 - 月次予算_総売上 計,予実差額_総売上 計: 実績 - 予算,年間予実対比.予実差額_総売上 計,,,,,
,,,,,,,,,,,"年間予実対比.月次実績_フード売上 計, 年間予実対比.月次予算_フード売上 計",月次実績_フード売上 計 - 月次予算_フード売上 計,予実差額_フード売上 計: 実績 - 予算,年間予実対比.予実差額_フード売上 計,,,,,
,,,,,,,,,,,"年間予実対比.月次実績_ドリンク売上 計, 年間予実対比.月次予算_ドリンク売上 計",月次実績_ドリンク売上 計 - 月次予算_ドリンク売上 計,予実差額_ドリンク売上 計: 実績 - 予算,年間予実対比.予実差額_ドリンク売上 計,,,,,
,,,,,,,,,,,"年間予実対比.月次実績_その他売上 計, 年間予実対比.月次予算_その他売上 計",月次実績_その他売上 計 - 月次予算_その他売上 計,予実差額_その他売上 計: 実績 - 予算,年間予実対比.予実差額_その他売上 計,,,,,
,,,,,,,,,,,"年間予実対比.月次実績_FLコスト 計, 年間予実対比.月次予算_FLコスト 計",月次実績_FLコスト 計 - 月次予算_FLコスト 計,予実差額_FLコスト 計: 実績 - 予算,年間予実対比.予実差額_FLコスト 計,,,,,
,,,,,,,,,,,"年間予実対比.月次実績_FD仕入 計, 年間予実対比.月次予算_FD仕入 計",月次実績_FD仕入 計 - 月次予算_FD仕入 計,予実差額_FD仕入 計: 実績 - 予算,年間予実対比.予実差額_FD仕入 計,,,,,
,,,,,,,,,,,"年間予実対比.月次実績_人件費 計, 年間予実対比.月次予算_人件費 計",月次実績_人件費 計 - 月次予算_人件費 計,予実差額_人件費 計: 実績 - 予算,年間予実対比.予実差額_人件費 計,,,,,
,,,,,,,,,,,"年間予実対比.月次実績_その他経費 計, 年間予実対比.月次予算_その他経費 計",月次実績_その他経費 計 - 月次予算_その他経費 計,予実差額_その他経費 計: 実績 - 予算,年間予実対比.予実差額_その他経費 計,,,,,
,,,,,,,,,,,"年間予実対比.月次実績_営業利益, 年間予実対比.月次予算_営業利益",月次実績_営業利益 - 月次予算_営業利益,予実差額_営業利益: 実績 - 予算,年間予実対比.予実差額_営業利益,,,,,
,,,,,,,,,,,年間予実対比.月次実績_総売上 計,月次実績_総売上 計 ÷ 月次予算_総売上 計 × 100,予算対比率_総売上 計: 実績 / 予算 × 100,年間予実対比.予算対比率_総売上 計,,,,,
,,,,,,,,,,,"年間予実対比.月次実績_フード売上 計, 年間予実対比.月次実績_総売上 計",月次実績_フード売上 計 ÷ 月次予算_フード売上 計 × 100,予算対比率_フード売上 計: 実績 / 予算 × 100,年間予実対比.予算対比率_フード売上 計,,,,,
,,,,,,,,,,,"年間予実対比.月次実績_ドリンク売上 計, 年間予実対比.月次実績_総売上 計",月次実績_ドリンク売上 計 ÷ 月次予算_ドリンク売上 計 × 100,予算対比率_ドリンク売上 計: 実績 / 予算 × 100,年間予実対比.予算対比率_ドリンク売上 計,,,,,
,,,,,,,,,,,"年間予実対比.月次実績_その他売上 計, 年間予実対比.月次実績_総売上 計",月次実績_その他売上 計 ÷ 月次予算_その他売上 計 × 100,予算対比率_その他売上 計: 実績 / 予算 × 100,年間予実対比.予算対比率_その他売上 計,,,,,
,,,,,,,,,,,"年間予実対比.月次実績_FLコスト 計, 年間予実対比.月次実績_総売上 計",月次実績_FLコスト 計 ÷ 月次予算_FLコスト 計 × 100,予算対比率_FLコスト 計: 実績 / 予算 × 100,年間予実対比.予算対比率_FLコスト 計,,,,,
,,,,,,,,,,,"年間予実対比.月次実績_FD仕入 計, 年間予実対比.月次実績_総売上 計",月次実績_FD仕入 計 ÷ 月次予算_FD仕入 計 × 100,予算対比率_FD仕入 計: 実績 / 予算 × 100,年間予実対比.予算対比率_FD仕入 計,,,,,
,,,,,,,,,,,"年間予実対比.月次実績_人件費 計, 年間予実対比.月次実績_総売上 計",月次実績_人件費 計 ÷ 月次予算_人件費 計 × 100,予算対比率_人件費 計: 実績 / 予算 × 100,年間予実対比.予算対比率_人件費 計,,,,,
,,,,,,,,,,,"年間予実対比.月次実績_その他経費 計, 年間予実対比.月次実績_総売上 計",月次実績_その他経費 計 ÷ 月次予算_その他経費 計 × 100,予算対比率_その他経費 計: 実績 / 予算 × 100,年間予実対比.予算対比率_その他経費 計,,,,,
,,,,,,,,,,,"年間予実対比.月次実績_営業利益, 年間予実対比.月次実績_総売上 計",月次実績_営業利益 ÷ 月次予算_営業利益 × 100,予算対比率_営業利益: 実績 / 予算 × 100,年間予実対比.予算対比率_営業利益,,,,,
,,,,,,,,,,,,月次実績_総売上 計 ÷ 月次実績_総売上 計 × 100,構成比_総売上 計: 100%（基準値）,年間予実対比.構成比_総売上 計,,,,,
,,,,,,,,,,,,月次実績_フード売上 計 ÷ 月次実績_総売上 計 × 100,構成比_フード売上 計: 月次実績_フード売上 / 月次実績_総売上 × 100,年間予実対比.構成比_フード売上 計,,,,,
,,,,,,,,,,,,月次実績_ドリンク売上 計 ÷ 月次実績_総売上 計 × 100,構成比_ドリンク売上 計: 月次実績_ドリンク売上 / 月次実績_総売上 × 100,年間予実対比.構成比_ドリンク売上 計,,,,,
,,,,,,,,,,,,月次実績_その他売上 計 ÷ 月次実績_総売上 計 × 100,構成比_その他売上 計: 月次実績_その他売上 / 月次実績_総売上 × 100,年間予実対比.構成比_その他売上 計,,,,,
,,,,,,,,,,,,月次実績_FLコスト 計 ÷ 月次実績_総売上 計 × 100,構成比_FLコスト 計: 月次実績_FLコスト / 月次実績_総売上 × 100,年間予実対比.構成比_FLコスト 計,,,,,
,,,,,,,,,,,,月次実績_FD仕入 計 ÷ 月次実績_総売上 計 × 100,構成比_FD仕入 計: 月次実績_FD仕入 / 月次実績_総売上 × 100,年間予実対比.構成比_FD仕入 計,,,,,
,,,,,,,,,,,,月次実績_人件費 計 ÷ 月次実績_総売上 計 × 100,構成比_人件費 計: 月次実績_人件費 / 月次実績_総売上 × 100,年間予実対比.構成比_人件費 計,,,,,
,,,,,,,,,,,,月次実績_その他経費 計 ÷ 月次実績_総売上 計 × 100,構成比_その他経費 計: 月次実績_その他経費 / 月次実績_総売上 × 100,年間予実対比.構成比_その他経費 計,,,,,
,,,,,,,,,,,,月次実績_営業利益 ÷ 月次実績_総売上 計 × 100,構成比_営業利益: 月次実績_営業利益 / 月次実績_総売上 × 100,年間予実対比.構成比_営業利益,,,,,
,,,,,,,,画面間×設定値,,"monthly_budgets.target_sales, budget_sales_compositions.food_ratio",月次予算設定.月次フード売上,月次予算_総売上 計 × 売上構成比設定.フード構成比,月次予算_フード売上 計: 月次予算 × フード構成比 GROUP BY year_month,年間予実対比.月次予算_フード売上 計,,,,,
,,,,,,,,,,"monthly_budgets.target_sales, budget_sales_compositions.drink_ratio",月次予算設定.月次ドリンク売上,月次予算_総売上 計 × 売上構成比設定.ドリンク構成比,月次予算_ドリンク売上 計: 月次予算 × ドリンク構成比 GROUP BY year_month,年間予実対比.月次予算_ドリンク売上 計,,,,,
,,,,,,,,,,"monthly_budgets.target_sales, budget_sales_compositions.other_ratio",月次予算設定.月次その他売上,月次予算_総売上 計 × 売上構成比設定.その他構成比,月次予算_その他売上 計: 月次予算 × その他構成比 GROUP BY year_month,年間予実対比.月次予算_その他売上 計,,,,,
,,,,,,,,,,"monthly_budgets.target_sales, monthly_budgets.food_cost_rate",月次予算設定.月次FD仕入,月次予算設定.売上（税抜） × 月次予算設定.FD仕入比率,月次予算_FD仕入 計: target_sales × food_cost_rate GROUP BY year_month,年間予実対比.月次予算_FD仕入 計,,,,,
,,,,,,,,,,"monthly_budgets.target_sales, monthly_budgets.labor_cost_rate, 固定人件費予算",月次予算設定.月次人件費,月次予算設定.売上 × PA人件費率 + 固定人件費予算,月次予算_人件費 計: (target_sales × labor_cost_rate + 固定人件費) GROUP BY year_month,年間予実対比.月次予算_人件費 計,,,,,
8,ABC分析,分析画面,低,A,店舗月次,最高,L1,外部連携単独,TITEM.item_name,head_office_item_sales_logs.item_name,[外部]TITEM.item_name,商品マスタ,商品: TITEM.item_name,ABC分析.商品,商品別仕入分析.商品,長期キャッシュ(1時間以上),◎,日次バッチ,
,,,,,,,,,TITEM.sales_excluded,head_office_item_sales_logs.sales_excluded,[外部]TITEM.sales_excluded,SUM商品別,売上（税抜）: SUM(TITEM.sales_excluded) GROUP BY item_name,ABC分析.売上（税抜）,"ABC分析.価格, ABC分析.売上構成比率, 店舗別サマリー.売上（税抜）, 当月実績.売上（税抜）, 日次レポート.売上（税抜）, 日次推移.売上（税抜）",,,,
,,,,,,,,,TITEM.quantity,head_office_item_sales_logs.quantity,[外部]TITEM.quantity,SUM商品別,販売点数: SUM(TITEM.quantity) GROUP BY item_name,ABC分析.販売点数,"ABC分析.価格, ABC分析.販売点数構成比率, 商品別売上分析.販売数量",,,,
,,,,,,,,外部連携×外部連携,"TITEM.sales_excluded, ZTOTAL.sales_excluded","head_office_item_sales_logs.sales_excluded, head_office_connected_service_sales_logs.sales_excluded","ABC分析.売上（税抜）, 当月実績.売上（税抜）",商品÷総売上×100,売上構成比率: ABC分析.売上（税抜） ÷ 当月実績.売上（税抜） × 100,ABC分析.売上構成比率,商品別売上分析.商品単価（税抜）,,,,
,,,,,,,,,TITEM.quantity,head_office_item_sales_logs.quantity,ABC分析.販売点数,商品数÷総数×100,販売点数構成比率: ABC分析.販売点数 ÷ SUM(ABC分析.販売点数) × 100,ABC分析.販売点数構成比率,,,,,
,,,,,,,,,"TITEM.sales_excluded, TITEM.quantity","head_office_item_sales_logs.sales_excluded, head_office_item_sales_logs.quantity","ABC分析.売上（税抜）, ABC分析.販売点数",売上÷数量,価格: ABC分析.売上（税抜） ÷ ABC分析.販売点数,ABC分析.価格,,,,,
9,客単価分析,分析画面,低,A,店舗月次,最高,L1,外部連携×外部連携,"ZTOTAL.sales_excluded, ZTOTAL.customers","head_office_connected_service_sales_logs.sales_excluded, head_office_connected_service_sales_logs.customers","当月実績.売上（税抜）, 客数.当月客数",売上÷客数,当月客単価（税抜）: 当月実績.売上（税抜） ÷ 客数.当月客数,客単価分析.当月客単価（税抜）,,長期キャッシュ(1時間以上),◎,日次バッチ,
10,店舗別人件費,分析画面,低,A,店舗月次,最高,L1,外部連携単独,TTEND.sales,head_office_payment_method_sales_logs.sales,[外部]TTEND.sales,SUM支払別,売上（税込）: SUM(TTEND.sales) GROUP BY payment_method_id,店舗別人件費.売上（税込）,"支払種別売上分析.売上比率, 日次レポート",長期キャッシュ(1時間以上),◎,日次バッチ,
,,,,,,,,,ZTOTAL.sales,z_totals.sales,[外部]ZTOTAL.sales,日別集計,売上（税込）: SUM(ZTOTAL.sales) GROUP BY date,店舗別人件費.売上（税抜）,"当月実績.売上（税抜）, 店舗別サマリー.売上（税抜）, ABC分析.売上（税抜）, 日次推移.売上（税抜）",,,,
,,,,,,,,,ZTOTAL.sales_excluded,head_office_connected_service_sales_logs.sales_excluded,[外部]ZTOTAL.sales_excluded,SUM(時間フィルタ),売上（税抜）: SUM(ZTOTAL.sales_excluded) GROUP BY date,店舗別人件費.仕入（税込）,"日次推移.PA人件費, 予実対比.PA人件費",,,,
,,,,,,,,,trade_total.total,infomart_orders.trade_total,[外部]trade_total.total,SUM時間帯別,仕入（税込）: SUM(trade_total.total) GROUP BY date,店舗別人件費.仕入（税抜）,"ABC分析, 店舗別サマリー, 当月実績, 日次レポート, 曜日別売上分析.平均売上（税抜）",,,,
,,,,,,,,,infomart_transactions.total_tax_excluded,infomart_transactions.total_tax_excluded,[外部]infomart_transactions.total_tax_excluded,SUM商品別,仕入（税抜）: SUM(infomart_transactions.total_tax_excluded) GROUP BY date,店舗別人件費.PA人件費,"予実対比, 日次レポート",,,,
,,,,,,,,,head_office_employee_working_records.daily_cost,head_office_employee_working_records.daily_cost,[外部]head_office_employee_working_records.daily_cost,SUM商品別,PA人件費: SUM(head_office_employee_working_records.daily_cost) GROUP BY date,店舗別人件費.仕入費,年間予実対比.客単価（ランチ）,,,,
,,,,,,,,,head_office_connected_service_labor_costs_logs.labor_costs,head_office_connected_service_labor_costs_logs.labor_costs,[外部]head_office_connected_service_labor_costs_logs.labor_costs,SUM商品別,仕入費: SUM(infomart_transactions.total_tax_excluded) GROUP BY date,店舗別人件費.ランチ売上（税抜）,年間予実対比.客単価（ディナー）,,,,
,,,,,,,,,TITEM.sales_excluded,head_office_item_sales_logs.sales_excluded,[外部]TITEM.sales_excluded,SUM商品別,PA人件費: SUM(head_office_connected_service_labor_costs_logs.labor_costs) GROUP BY date,店舗別人件費.ディナー売上（税抜）,"客数.当月客数, 年間予実対比.客単価（ディナー）, 年間予実対比.客単価（ランチ）, 時間帯別売上分析.客単価（税抜）, 曜日別売上分析.平均客数, 曜日別売上分析.平均客数（税抜）",,,,
,,,,,,,,,ZTOTAL.customers,head_office_connected_service_sales_logs.customers,[外部]ZTOTAL.customers,SUM,ランチ売上（税抜）: SUM(TITEM.sales_excluded) WHERE order_time BETWEEN 11:00 AND 15:00,店舗別人件費.客数,,,,,
,,,,,,,,,,,,SUM,ディナー売上（税抜）: SUM(TITEM.sales_excluded) WHERE order_time BETWEEN 17:00 AND 23:00,,,,,,
,,,,,,,,,,,,SUM商品別,客数: SUM(ZTOTAL.customers) GROUP BY hour,,,,,,
,,,,,,,,外部連携×外部連携,"TTEND.sales, ZTOTAL.sales_excluded","head_office_payment_method_sales_logs.sales, head_office_connected_service_sales_logs.sales_excluded",当月実績.売上（税抜）,支払÷総売上×100,売上比率: 支払種別売上分析.売上税込 ÷ 当月実績.売上（税抜） × 100,店舗別人件費.売上比率,,,,,
,,,,,,,,,"ZTOTAL.sales_excluded, ZTOTAL.customers","head_office_connected_service_sales_logs.sales_excluded, head_office_connected_service_sales_logs.customers","当月実績.売上（税抜）, 時間帯別売上分析.客数",売上÷客数,客単価（税抜）: 当月実績.売上（税抜） ÷ 時間帯別売上分析.客数,店舗別人件費.客単価（税抜）,,,,,
11,曜日別分析,分析画面,低,A,店舗月次,最高,L1,外部連携単独,ZTOTAL.date,z_totals.date,[外部]ZTOTAL.date,曜日抽出,曜日: DAYOFWEEK(ZTOTAL.date),曜日別分析.曜日,,長期キャッシュ(1時間以上),◎,日次バッチ,
,,,,,,,,画面間演算,ZTOTAL.customers,head_office_connected_service_sales_logs.customers,"日次推移.売上（税抜）, 日次推移.売上（税抜）",AVG曜日別,平均売上（税抜）: AVG(日次推移.売上（税抜）) GROUP BY dayofweek,曜日別分析.平均売上（税抜）,"時間帯別売上分析.客数, 客数.当月客数",,,,
,,,,,,,,,,,時間帯別売上分析.客数,データ取得,平均客数: AVG(時間帯別売上分析.客数) GROUP BY dayofweek,曜日別分析.平均客数,,,,,
,,,,,,,,,,,,データ取得,平均客数（税抜）: AVG(時間帯別売上分析.客数) GROUP BY dayofweek,曜日別分析.平均客数（税抜）,,,,,
12,仕入先分析,分析画面,低,C,店舗月次,最高,L1,外部連携単独,member_name_partner.client_name,infomart_orders.client_name,[外部]member_name_partner.client_name,マスタ参照,仕入れ先: member_name_partner.client_name,仕入先分析.仕入れ先,商品別仕入分析.仕入れ先,中期キャッシュ(30分-1時間),○,データ更新時,
,,,,,,,,,infomart_transactions.total_tax_excluded,infomart_transactions.total_tax_excluded,[外部]infomart_transactions.total_tax_excluded,SUM仕入先別,金額（税抜）: SUM(infomart_transactions.total_tax_excluded) GROUP BY client_name,仕入先分析.金額（税抜）,"仕入別分析.比率, 商品仕入単価, 商品別仕入分析, 費目別仕入分析",,,,
,,,,,,,,外部連携×外部連携,infomart_transactions.total_tax_excluded,infomart_transactions.total_tax_excluded,,仕入先÷総仕入×100,比率: 仕入別分析.金額税抜 ÷ SUM(仕入別分析.金額税抜) × 100,仕入先分析.比率,"商品別仕入分析.比率, 費目別仕入分析.比率",,,,
13,商品別仕入分析,分析画面,低,C,店舗月次,最高,L1,外部連携単独,detail_list.item_name,infomart_order_details.item_name,[外部]detail_list.item_name,マスタ参照,商品: detail_list.item_name,商品別仕入分析.商品,ABC分析.商品,中期キャッシュ(30分-1時間),○,データ更新時,
,,,,,,,,,member_name_partner.client_name,infomart_orders.client_name,[外部]member_name_partner.client_name,SUM商品別,仕入れ先: member_name_partner.client_name,商品別仕入分析.仕入れ先,仕入別分析.仕入れ先,,,,
,,,,,,,,,detail_list.price,infomart_order_details.price,[外部]detail_list.price,SUM商品別,金額（税抜）: SUM(detail_list.price) GROUP BY item_name,商品別仕入分析.金額（税抜）,商品別仕入分析.比率,,,,
,,,,,,,,外部連携×外部連携,detail_list.price,infomart_order_details.price,,商品÷総仕入×100,比率: 商品別仕入分析.金額税抜 ÷ SUM(商品別仕入分析.金額税抜) × 100,商品別仕入分析.比率,"仕入別分析.比率, 費目別仕入分析.比率",,,,
14,商品別売上分析,分析画面,低,C,店舗月次,最高,L1,外部連携単独,TITEM.quantity,head_office_item_sales_logs.quantity,[外部]TITEM.quantity,SUM商品別,販売数量: SUM(TITEM.quantity) GROUP BY item_name,商品別売上分析.販売数量,"ABC分析.販売点数, 商品別売上分析.商品単価（税抜）",中期キャッシュ(30分-1時間),○,データ更新時,
,,,,,,,,外部連携×外部連携,"TITEM.sales_excluded, TITEM.quantity","head_office_item_sales_logs.sales_excluded, head_office_item_sales_logs.quantity",商品別売上分析.販売数量,売上÷数量,商品単価（税抜）: 商品別売上分析.売上合計税抜 ÷ 商品別売上分析.販売数量,商品別売上分析.商品単価（税抜）,ABC分析.価格,,,,
,,,,,,,,,"TITEM.sales, TITEM.quantity","t_items.sales, head_office_item_sales_logs.quantity",,除算,商品単価（税込）: 商品別売上分析.売上合計税込 ÷ 商品別売上分析.販売数量,商品別売上分析.商品単価（税込）,,,,,
15,支払方法別分析,分析画面,低,C,店舗月次,最高,L1,外部連携単独,TTEND.head_office_payment_method_id,t_tends.head_office_payment_method_id,[外部]TTEND.head_office_payment_method_id,マスタ参照,支払方法: TTEND.head_office_payment_method_id,支払方法別分析.支払方法,,中期キャッシュ(30分-1時間),○,データ更新時,
,,,,,,,,,TTEND.sales,head_office_payment_method_sales_logs.sales,[外部]TTEND.sales,SUM(支払種別フィルタ),クレジットカード合計売上: SUM(TTEND.sales) WHERE payment_method = 'クレジットカード',支払方法別分析.クレジットカード合計売上,,,,,
,,,,,,,,,,,,SUM,QR決済合計売上: SUM(TTEND.sales) WHERE payment_method = 'QR決済',支払方法別分析.QR決済合計売上,,,,,
,,,,,,,,,,,,SUM,MUGENファミリーカード合計売上: SUM(TTEND.sales) WHERE payment_method = 'MUGENファミリーカード',支払方法別分析.MUGENファミリーカード合計売上,,,,,
,,,,,,,,,,,,SUM,売掛合計売上: SUM(TTEND.sales) WHERE payment_method = '売掛',支払方法別分析.売掛合計売上,,,,,
,,,,,,,,,,,,SUM,交通系IC合計売上: SUM(TTEND.sales) WHERE payment_method = '交通系IC',支払方法別分析.交通系IC合計売上,,,,,
16,主要KPI指標,ダッシュボード表示画面,低,S,全店舗,高,L3-C,画面間演算,ZTOTAL.sales_excluded,"head_office_connected_service_sales_logs.sales_excluded, shops.total_area_num",当月実績.売上（税抜）,参照表示,坪月商: 当月実績.売上（税抜） ÷ 店舗マスタ.坪数,主要KPI指標.坪月商,,中期キャッシュ(30分-1時間),○,データ更新時,
,,,,,,,,,,z_totals.sales_excluded,"当月実績.営業利益, 当月実績.売上（税抜）, 予実対比.FD仕入, 予実対比.人件費",仕入÷売上×100,営業利益率: (当月実績.売上（税抜） - 予実対比.FD仕入 - 予実対比.人件費 - 予実対比.その他経費) ÷ 当月実績.売上（税抜） × 100,主要KPI指標.営業利益率,,,,,
,,,,,,,,,,"monthly_costs.value, head_office_connected_service_sales_logs.sales_excluded",当月実績.営業利益,比率計算,家賃比率: 月次費用入力.金額(家賃) ÷ 当月実績.売上（税抜） × 100,主要KPI指標.家賃比率,,,,,
,,,,,,,,,,"monthly_budgets.value（予算設定画面）, monthly_budgets.profit",,比率計算,ROI: 当月実績.営業利益 ÷ 予算設定.予算金額 × 100,主要KPI指標.ROI,,,,,
17,店舗別サマリー,ダッシュボード表示画面,低,S,全店舗,高,L3-C,外部連携参照,ZTOTAL.sales_excluded,head_office_connected_service_sales_logs.sales_excluded,[外部]ZTOTAL.sales_excluded,参照表示,売上（税抜）: SUM(ZTOTAL.sales_excluded) GROUP BY shop_id,店舗別サマリー.売上（税抜）,"ABC分析.売上（税抜）, 店舗別サマリー.FD仕入率, 店舗別サマリー.人件費率, 店舗別サマリー.営業利益, 店舗別サマリー.売上進捗率, 店舗別サマリー.売上達成率, 当月実績.売上（税抜）, 日次レポート.売上（税抜）, 日次推移.売上（税抜）, 進捗分析.売上進捗率",中期キャッシュ(30分-1時間),○,データ更新時,
,,,,,,,,設定値参照,,monthly_budgets.profit,[入力]monthly_budgets.profit,マスタ参照,売上目標: monthly_budgets.value,店舗別サマリー.売上目標,"店舗別サマリー.売上進捗率, 店舗別サマリー.売上達成率, 進捗分析.売上進捗率",,,,
,,,,,,,,画面間演算,"ZTOTAL.sales_excluded, infomart_transactions.total_tax_excluded, head_office_connected_service_labor_costs_logs.labor_costs","head_office_connected_service_sales_logs.sales_excluded, infomart_transactions.total_tax_excluded, head_office_connected_service_labor_costs_logs.labor_costs, monthly_costs.value","店舗別サマリー.売上（税抜）, 予実対比.FD仕入, 予実対比.人件費",参照表示,営業利益: 店舗別サマリー.売上（税抜） - 予実対比.FD仕入 - 予実対比.人件費 - 予実対比.その他経費,店舗別サマリー.営業利益,"当月実績.営業利益, 年間予実対比.営業利益",,,,
,,,,,,,,,ZTOTAL.sales_excluded,"head_office_connected_service_sales_logs.sales_excluded, monthly_budgets.profit","店舗別サマリー.売上（税抜）, 店舗別サマリー.売上目標",比率計算,売上達成率: 店舗別サマリー.売上（税抜） ÷ 店舗別サマリー.売上目標 × 100,店舗別サマリー.売上達成率,進捗分析.売上進捗率,,,,
,,,,,,,,,"infomart_transactions.total_tax_excluded, ZTOTAL.sales_excluded","infomart_transactions.total_tax_excluded, head_office_connected_service_sales_logs.sales_excluded","予実対比.FD仕入, 店舗別サマリー.売上（税抜）",SUM,売上進捗率: SUM(店舗別サマリー.売上（税抜）) ÷ 店舗別サマリー.売上目標 × 100,店舗別サマリー.売上進捗率,当月実績.FD仕入率,,,,
,,,,,,,,,"head_office_connected_service_labor_costs_logs.labor_costs, ZTOTAL.sales_excluded","head_office_connected_service_labor_costs_logs.labor_costs, head_office_connected_service_sales_logs.sales_excluded","予実対比.人件費, 店舗別サマリー.売上（税抜）",仕入÷売上×100,FD仕入率: 予実対比.FD仕入 ÷ 店舗別サマリー.売上（税抜） × 100,店舗別サマリー.FD仕入率,当月実績.人件費率,,,,
,,,,,,,,,,,,比率計算,人件費率: 予実対比.人件費 ÷ 店舗別サマリー.売上（税抜） × 100,店舗別サマリー.人件費率,,,,,
18,年間予実対比（サマリー）,ダッシュボード表示画面,低,S,全店舗年次,高,L3-C,外部連携参照,infomart_transactions.total_tax_excluded,infomart_transactions.total_tax_excluded,[外部]infomart_transactions.total_tax_excluded,参照表示,FD仕入額: SUM(infomart_transactions.total_tax_excluded) GROUP BY year,年間予実対比（サマリー）.FD仕入額,,中期キャッシュ(30分-1時間),○,データ更新時,
,,,,,,,,,head_office_connected_service_labor_costs_logs.labor_costs,head_office_connected_service_labor_costs_logs.labor_costs,[外部]head_office_connected_service_labor_costs_logs.labor_costs,SUM商品別,人件費額: SUM(head_office_connected_service_labor_costs_logs.labor_costs) GROUP BY year,年間予実対比（サマリー）.人件費額,,,,,
,,,,,,,,画面間演算,"TITEM.sales_excluded, ZTOTAL.customers","head_office_item_sales_logs.sales_excluded, head_office_connected_service_sales_logs.customers","時間帯別売上分析.ランチ売上（税抜）, 時間帯別売上分析.客数",参照表示,客単価（ランチ）: 時間帯別売上分析.ランチ売上（税抜） ÷ 時間帯別売上分析.客数,年間予実対比（サマリー）.客単価（ランチ）,,,,,
,,,,,,,,,"ZTOTAL.sales_excluded, ZTOTAL.customers",monthly_costs.value,"時間帯別売上分析.ディナー売上（税抜）, 時間帯別売上分析.客数",売上÷客数,客単価（ディナー）: 時間帯別売上分析.ディナー売上（税抜） ÷ 時間帯別売上分析.客数,年間予実対比（サマリー）.客単価（ディナー）,,,,,
,,,,,,,,,,"head_office_connected_service_sales_logs.sales_excluded, head_office_connected_service_sales_logs.customers","当月実績.売上（税抜）, 予実対比.FD仕入, 予実対比.人件費",データ取得,営業利益: 当月実績.売上（税抜） - 予実対比.FD仕入 - 予実対比.人件費 - 予実対比.その他経費,年間予実対比（サマリー）.営業利益,,,,,
,,,,,,,,,,,"当月実績.売上（税抜）, 感度分析.客数",売上÷客数,客単価: 当月実績.売上（税抜） ÷ 感度分析.客数,年間予実対比（サマリー）.客単価,,,,,
19,店舗ラベル別サマリー,ダッシュボード表示画面,高,S,店舗ラベル別,高,L3-L,外部連携参照,ZTOTAL.sales_excluded,head_office_connected_service_sales_logs.sales_excluded,[外部]ZTOTAL.sales_excluded,参照表示,売上（税抜）: SUM(ZTOTAL.sales_excluded) GROUP BY shop_label,店舗ラベル別サマリー.売上（税抜）,,中期キャッシュ(30分-1時間),○,データ更新時,
,,,,,,,,設定値参照,,monthly_budgets.profit,[入力]monthly_budgets.profit,マスタ参照,売上目標: monthly_budgets.value,店舗ラベル別サマリー.売上目標,"店舗ラベル別サマリー.売上進捗率, 店舗ラベル別サマリー.売上達成率",,,,
,,,,,,,,画面間演算,"ZTOTAL.sales_excluded, infomart_transactions.total_tax_excluded, head_office_connected_service_labor_costs_logs.labor_costs","head_office_connected_service_sales_logs.sales_excluded, infomart_transactions.total_tax_excluded, head_office_connected_service_labor_costs_logs.labor_costs, monthly_costs.value","店舗ラベル別サマリー.売上（税抜）, 予実対比.FD仕入, 予実対比.人件費",参照表示,営業利益: 店舗ラベル別サマリー.売上（税抜） - 予実対比.FD仕入 - 予実対比.人件費 - 予実対比.その他経費,店舗ラベル別サマリー.営業利益,,,,,
,,,,,,,,,ZTOTAL.sales_excluded,"head_office_connected_service_sales_logs.sales_excluded, monthly_budgets.profit","店舗ラベル別サマリー.売上（税抜）, 店舗ラベル別サマリー.売上目標",比率計算,売上達成率: 店舗ラベル別サマリー.売上（税抜） ÷ 店舗ラベル別サマリー.売上目標 × 100,店舗ラベル別サマリー.売上達成率,,,,,
,,,,,,,,,"infomart_transactions.total_tax_excluded, ZTOTAL.sales_excluded","infomart_transactions.total_tax_excluded, head_office_connected_service_sales_logs.sales_excluded","予実対比.FD仕入, 店舗ラベル別サマリー.売上（税抜）",SUM,売上進捗率: SUM(店舗ラベル別サマリー.売上（税抜）) ÷ 店舗ラベル別サマリー.売上目標 × 100,店舗ラベル別サマリー.売上進捗率,,,,,
,,,,,,,,,"head_office_connected_service_labor_costs_logs.labor_costs, ZTOTAL.sales_excluded","head_office_connected_service_labor_costs_logs.labor_costs, head_office_connected_service_sales_logs.sales_excluded","予実対比.人件費, 店舗ラベル別サマリー.売上（税抜）",仕入÷売上×100,FD仕入率: 予実対比.FD仕入 ÷ 店舗ラベル別サマリー.売上（税抜） × 100,店舗ラベル別サマリー.FD仕入率,,,,,
,,,,,,,,,,,,比率計算,人件費率: 予実対比.人件費 ÷ 店舗ラベル別サマリー.売上（税抜） × 100,店舗ラベル別サマリー.人件費率,,,,,
20,客数分析,分析画面,低,A,店舗月次,高,L1,外部連携単独,ZTOTAL.customers,head_office_connected_service_sales_logs.customers,[外部]ZTOTAL.customers,SUM月別,当月客数: SUM(ZTOTAL.customers) GROUP BY year_month,客数分析.当月客数,年間予実対比.客単価,中期キャッシュ(30分-1時間),○,データ更新時,
21,費目別仕入分析,分析画面,中,C,全店舗,中,L2-C,ラクミー内部マスター参照,,monthly_cost_items.name,[マスタ]monthly_cost_items.name,費目マスタ,費目: monthly_cost_items.name,費目別仕入分析.費目,,中期キャッシュ(5-30分),△,データ連携時,
,,,,,,,,設定値参照,,monthly_costs.value,,SUM費目別,金額（税抜）: SUM(monthly_costs.value) GROUP BY cost_item_id,費目別仕入分析.金額（税抜）,費目別仕入分析.比率,,,,
,,,,,,,,画面間×設定値,,monthly_costs.value,,費目÷総仕入×100,比率: 費目別仕入分析.金額税抜 ÷ SUM(費目別仕入分析.金額税抜) × 100,費目別仕入分析.比率,"仕入別分析.比率, 商品別仕入分析.比率",,,,
22,商品仕入単価,一覧表示画面,低,C,全店舗,低,L2-C,外部連携参照,detail_list.item_name,infomart_order_details.item_name,[外部]detail_list.item_name,参照表示,アイテム: detail_list.item_name,商品仕入単価.アイテム,平均単価推移.仕入商品ラベル,短期キャッシュ(1-5分),×,画面表示時,
,,,,,,,,,detail_list.price,infomart_order_details.price,[外部]detail_list.price,SUM商品別,金額（税抜）: SUM(detail_list.price) GROUP BY item_name,商品仕入単価.金額（税抜）,商品仕入単価.単価,,,,
,,,,,,,,,detail_list.num,infomart_order_details.num,[外部]detail_list.num,SUM商品別,数量: SUM(detail_list.num) GROUP BY item_name,商品仕入単価.数量,"商品仕入単価.単価, 平均単価推移.数量",,,,
,,,,,,,,画面間演算,"detail_list.price, detail_list.num","infomart_order_details.price, infomart_order_details.num",商品仕入単価.数量,参照表示,単価: 商品仕入単価.金額税抜 ÷ 商品仕入単価.数量,商品仕入単価.単価,平均単価推移.平均単価,,,,
23,棚卸詳細,一覧表示画面,高,C,全店舗,低,L2-C,外部連携参照,,infomart_transactions.client_name,,参照表示,仕入れ先: infomart_transactions.client_name,棚卸詳細.仕入れ先,,短期キャッシュ(1-5分),×,画面表示時,
,,,,,,,,ラクミー内部マスター参照,,labels.name,,マスタ参照,カテゴリ: labels.name,棚卸詳細.カテゴリ,,,,,
,,,,,,,,,,,,マスタ参照,ラベル: labels.name,棚卸詳細.ラベル,,,,,
,,,,,,,,ラクミー内部単独,,inventories.date,,日付,実施日: inventories.date,棚卸詳細.実施日,,,,,
,,,,,,,,,,inventory_items.num,,入力値,在庫数量: inventory_items.num,棚卸詳細.在庫数量,,,,,
,,,,,,,,,,inventory_items.price,,データ取得,商品単価: inventory_items.price,棚卸詳細.商品単価,,,,,
,,,,,,,,画面間演算,,"inventory_items.num, inventory_items.price",,参照表示,小計: 棚卸詳細.在庫数量 × 棚卸詳細.商品単価,棚卸詳細.小計,,,,,
24,納品書管理,一覧表示画面,高,D,全店舗,低,L2-C,外部連携参照,,infomart_transactions.id,,参照表示,納品書ID: infomart_transactions.id,納品書管理.納品書ID,,短期キャッシュ(1-5分),×,画面表示時,
,,,,,,,,,,infomart_transactions.received_at,,データ取得,受付日付: infomart_transactions.received_at,納品書管理.受付日付,,,,,
,,,,,,,,,,infomart_transactions.delivery_date,,データ取得,納品日: infomart_transactions.delivery_date,納品書管理.納品日,,,,,
,,,,,,,,,,infomart_transactions.status,,データ取得,処理ステータス: infomart_transactions.status,納品書管理.処理ステータス,,,,,
,,,,,,,,,,infomart_transactions.client_name,,データ取得,発注先: infomart_transactions.client_name,納品書管理.発注先,,,,,
,,,,,,,,ラクミー内部マスター参照,,shops.name,,マスタ参照,店舗名: shops.name,納品書管理.店舗名,,,,,
25,納品書詳細,一覧表示画面,高,D,全店舗,低,L2-C,外部連携参照,,infomart_transactions.id,,参照表示,納品書ID: infomart_transactions.id,納品書詳細.納品書ID,,短期キャッシュ(1-5分),×,画面表示時,
,,,,,,,,,,infomart_transactions.orderer_name,,データ取得,発注者: infomart_transactions.orderer_name,納品書詳細.発注者,,,,,
,,,,,,,,,,infomart_transactions.client_name,,データ取得,受注者: infomart_transactions.client_name,納品書詳細.受注者,,,,,
,,,,,,,,,,infomart_transactions.status,,データ取得,処理ステータス: infomart_transactions.status,納品書詳細.処理ステータス,,,,,
,,,,,,,,,,infomart_transactions.delivery_date,,データ取得,納品日: infomart_transactions.delivery_date,納品書詳細.納品日,,,,,
26,費用実績入力,実績入力画面,低,C,全店舗,低,L2-C,ラクミー内部単独,,petty_cashes.description,,入力値,経費項目: petty_cashes.description,費用実績入力.経費項目,,短期キャッシュ(1-5分),×,画面表示時,
,,,,,,,,,,petty_cashes.chart_of_account_id,,マスタ参照,経費コード: petty_cashes.chart_of_account_id,費用実績入力.経費コード,,,,,
,,,,,,,,,,monthly_cost_items.name,,日付,費目: monthly_cost_items.name,費用実績入力.費目,,,,,
,,,,,,,,,,petty_cashes.tax_type,,データ取得,税区分: petty_cashes.tax_type,費用実績入力.税区分,,,,,
,,,,,,,,,,stocking_transfers.date,,データ取得,日付: stocking_transfers.date,費用実績入力.日付,,,,,
,,,,,,,,,,shops.name,,マスタ参照,移動元店舗: shops.name,費用実績入力.移動元店舗,,,,,
,,,,,,,,,,stocking_transfers.price_excluded_tax,,データ取得,金額: stocking_transfers.price_excluded_tax,費用実績入力.金額,,,,,
,,,,,,,,,,,,マスタ参照,移動先店舗: shops.name,費用実績入力.移動先店舗,,,,,
27,PA人件費率分析,分析画面,低,B,店舗月次,低,L1,設定値参照,,"monthly_budgets.food_cost_rate（またはlabor_cost_rate）, monthly_budgets.profit",[入力]monthly_budgets.food_cost_rate（またはlabor_cost_rate）,マスタ参照,目標PA人件費率: monthly_budgets.ratio,PA人件費率分析.目標PA人件費率,,短期キャッシュ(1-5分),×,画面表示時,
28,仕入費率分析,分析画面,低,B,店舗月次,低,L1,設定値参照,,"monthly_budgets.food_cost_rate（またはlabor_cost_rate）, monthly_budgets.profit",[入力]monthly_budgets.food_cost_rate（またはlabor_cost_rate）,マスタ参照,目標仕入費率: monthly_budgets.ratio,仕入費率分析.目標仕入費率,,短期キャッシュ(1-5分),×,画面表示時,
29,利益率分析,分析画面,低,S,店舗月次,低,L1,設定値参照,,"monthly_budgets.food_cost_rate（またはlabor_cost_rate）, monthly_budgets.profit",[入力]monthly_budgets.food_cost_rate（またはlabor_cost_rate）,マスタ参照,目標利益率: monthly_budgets.ratio,利益率分析.目標利益率,,短期キャッシュ(1-5分),×,画面表示時,
30,ユーザー,設定入力画面,低,D,単一レコード,低,L0,ラクミー内部単独,,users.id,,マスタ参照,ラクミーID: users.id,ユーザー.ラクミーID,,短期キャッシュ(1-5分),×,画面表示時,
,,,,,,,,,,users.name,,フラグ,氏名: users.name,ユーザー.氏名,,,,,
,,,,,,,,,,users.phone_number,,データ取得,電話番号: users.phone_number,ユーザー.電話番号,,,,,
,,,,,,,,,,users.role,,データ取得,ユーザー識別（本部、一般）: users.role,ユーザー.ユーザー識別（本部、一般）,,,,,
,,,,,,,,,,users.status,,データ取得,ステータス: users.status,ユーザー.ステータス,,,,,
31,ラベル一覧,一覧表示画面,中,D,単一レコード,低,L0,ラクミー内部マスター参照,,shops.id,,マスタ参照,店舗ID: shops.id,ラベル一覧.店舗ID,,短期キャッシュ(1-5分),×,画面表示時,
,,,,,,,,,,shops.name,,マスタ参照,店舗名: shops.name,ラベル一覧.店舗名,,,,,
,,,,,,,,,,shop_labels.label_name,,データ取得,ラベル名: shop_labels.label_name,ラベル一覧.ラベル名,,,,,
32,ラベル設定（ラベル）,設定入力画面,中,D,単一レコード,低,L0,ラクミー内部単独,,labels.id,,マスタ参照,ラベルID: labels.id,ラベル設定（ラベル）.ラベルID,,短期キャッシュ(1-5分),×,画面表示時,
,,,,,,,,,,labels.name,,フラグ,ラベル名: labels.name,ラベル設定（ラベル）.ラベル名,,,,,
,,,,,,,,,,labels.is_inventory,,データ取得,棚卸し: labels.is_inventory,ラベル設定（ラベル）.棚卸し,,,,,
,,,,,,,,,,labels.status,,データ取得,ステータスフラグ: labels.status,ラベル設定（ラベル）.ステータスフラグ,,,,,
33,ラベル設定（店舗リスト）,設定入力画面,中,C,単一レコード,低,L0,ラクミー内部単独,,shops.id,ラベル設定（ラベル）.ラベル名; 店舗管理.店舗名,マスタ参照,店舗ID: shops.id,ラベル設定（店舗リスト）.店舗ID,店舗ラベル別サマリー（売上・営業利益・各種比率のラベル別集計）,短期キャッシュ(1-5分),×,画面表示時,
,,,,,,,,,,shops.name,,フラグ,店舗名: shops.name,ラベル設定（店舗リスト）.店舗名,,,,,
,,,,,,,,,,shop_labels.label_name,,データ取得,ラベル名: shop_labels.label_name,ラベル設定（店舗リスト）.ラベル名,,,,,
,,,,,,,,,,shop_labels.status,,データ取得,ステータスフラグ: shop_labels.status,ラベル設定（店舗リスト）.ステータスフラグ,,,,,
34,店舗管理,設定入力画面,低,B,単一レコード,低,L0,ラクミー内部単独,,shops.name,,マスタ参照,店舗名: shops.name,店舗管理.店舗名,主要KPI指標.坪月商,短期キャッシュ(1-5分),×,画面表示時,
,,,,,,,,,,shops.phone_number,,データ取得,電話番号: shops.phone_number,店舗管理.電話番号,主要KPI指標.家賃比率,,,,
,,,,,,,,,,shops.postal_code,,データ取得,郵便番号: shops.postal_code,店舗管理.郵便番号,主要KPI指標.ROI,,,,
,,,,,,,,,,shops.prefecture,,データ取得,都道府県: shops.prefecture,店舗管理.都道府県,,,,,
,,,,,,,,,,shops.address,,データ取得,住所: shops.address,店舗管理.住所,,,,,
,,,,,,,,,,shops.building,,データ取得,建物: shops.building,店舗管理.建物,,,,,
,,,,,,,,,,shops.industry_type,,データ取得,業種: shops.industry_type,店舗管理.業種,,,,,
,,,,,,,,,,shops.business_type,,データ取得,業態: shops.business_type,店舗管理.業態,,,,,
,,,,,,,,,,shops.total_table_num,,データ取得,総卓数: shops.total_table_num,店舗管理.総卓数,,,,,
,,,,,,,,,,shops.total_seat_num,,データ取得,総席数: shops.total_seat_num,店舗管理.総席数,,,,,
,,,,,,,,,,shops.total_area_num,,データ取得,坪数: shops.total_area_num,店舗管理.坪数,,,,,
,,,,,,,,,,shops.rent_type,,データ取得,家賃種別: shops.rent_type,店舗管理.家賃種別,,,,,
,,,,,,,,,,shops.rent,,データ取得,家賃（金額）: shops.rent,店舗管理.家賃（金額）,,,,,
,,,,,,,,,,shops.initial_investment,,データ取得,初期投資額: shops.initial_investment,店舗管理.初期投資額,,,,,
35,従業員管理,設定入力画面,低,C,単一レコード,低,L0,ラクミー内部単独,,employees.code,,マスタ参照,従業員コード: employees.code,従業員管理.従業員コード,,短期キャッシュ(1-5分),×,画面表示時,
,,,,,,,,,,employees.department_code,,データ取得,所属コード: employees.department_code,従業員管理.所属コード,,,,,
,,,,,,,,,,employees.shop_id,,データ取得,店舗ID: employees.shop_id,従業員管理.店舗ID,,,,,
,,,,,,,,,,shops.name,,マスタ参照,店舗名: shops.name,従業員管理.店舗名,,,,,
,,,,,,,,,,employees.salary_type,,データ取得,区分（月給時給）: employees.salary_type,従業員管理.区分（月給時給）,,,,,
,,,,,,,,,,employees.total_payment,,データ取得,総支給額: employees.total_payment,従業員管理.総支給額,,,,,
,,,,,,,,,,employees.standard_working_hours,,データ取得,所定労働時間: employees.standard_working_hours,従業員管理.所定労働時間,,,,,
,,,,,,,,,,employees.deemed_overtime_hours,,データ取得,みなし残業時間: employees.deemed_overtime_hours,従業員管理.みなし残業時間,,,,,