次数,ターゲット,画面タイトル,画面タイプ,1次指標名,2次指標名,3次指標名,4次指標名,5次指標名,計算レイヤー,スコープ,用途・機能説明,概念式／演算ロジック,判断基準・閾値目安,依存先指標,データ基盤要件,V89No/戦略No
1次,店長,ラベル一覧（仕入商品リスト）,一覧表示画面,商品ID,,,,,L0,-,-,マスタ参照,-,-,既存(V89/V69),375
1次,店長,ラベル一覧（仕入商品リスト）,一覧表示画面,商品名,,,,,L0,-,-,マスタ参照,-,-,既存(V89/V69),377
1次,店長,ラベル一覧（仕入商品リスト）,一覧表示画面,費目名,,,,,L0,-,-,マスタ参照,-,-,既存(V89/V69),378
1次,店長,ラベル一覧（仕入商品リスト）,一覧表示画面,ラベル名,,,,,L0,-,-,マスタ参照,-,-,既存(V89/V69),379
1次,店長,ラベル一覧（売上商品リスト）,一覧表示画面,発注先ID,,,,,L0,-,-,マスタ参照,-,-,既存(V89/V69),380
1次,店長,ラベル一覧（売上商品リスト）,一覧表示画面,発注先名,,,,,L0,-,-,マスタ参照,-,-,既存(V89/V69),381
1次,店長,ラベル一覧（売上商品リスト）,一覧表示画面,ラベル名,,,,,L0,-,-,マスタ参照,-,-,既存(V89/V69),382
1次,店長,ラベル一覧（発注先リスト）,一覧表示画面,商品ID,,,,,L0,-,-,マスタ参照,-,-,既存(V89/V69),383
1次,店長,ラベル一覧（発注先リスト）,一覧表示画面,商品名,,,,,L0,-,-,マスタ参照,-,-,既存(V89/V69),384
1次,店長,ラベル一覧（発注先リスト）,一覧表示画面,ラベル名,,,,,L0,-,-,マスタ参照,-,-,既存(V89/V69),385
1次,店長,ラベル設定（ラベル）,設定入力画面,ラベルID,,,,,L0,-,仕入商品・売上商品・発注先にグルーピング用ラベル（タグ）を作成。仕入先分析・商品別分析のグルーピングおよび棚卸時のカテゴリ分けに使用,入力値,-,-,既存(V89/V69),1
1次,店長,ラベル設定（ラベル）,設定入力画面,ラベル名,,,,,L0,-,仕入商品・売上商品・発注先にグルーピング用ラベルを作成。棚卸時のカテゴリ分けに使用,入力値,-,-,既存(V89/V69),2
1次,店長,ラベル設定（ラベル）,設定入力画面,棚卸,,,,,L0,-,仕入商品・売上商品・発注先にグルーピング用ラベルを作成。棚卸時のカテゴリ分けに使用,入力値,-,-,既存(V89/V69),3
1次,店長,ラベル設定（ラベル）,設定入力画面,ステータスフラグ,,,,,L0,-,仕入商品・売上商品・発注先にグルーピング用ラベルを作成。棚卸時のカテゴリ分けに使用,入力値,-,-,既存(V89/V69),4
1次,店長,ラベル設定（仕入商品リスト）,設定入力画面,ラベル名1,,,,,L0,-,納品書詳細の仕入商品にラベルを紐付け。ラクミーアプリ棚卸でのカテゴリ選択・仕入先分析でのラベル別集計に活用,入力値,-,納品書詳細.仕入商品,既存(V89/V69),10
1次,店長,ラベル設定（仕入商品リスト）,設定入力画面,ラベル名2,,,,,L0,-,納品書撮影で読み込んだ仕入商品にラベルを紐付け。棚卸時の在庫分類に活用,入力値,-,-,既存(V89/V69),11
1次,店長,ラベル設定（仕入商品リスト）,設定入力画面,ラベル名3,,,,,L0,-,納品書撮影で読み込んだ仕入商品にラベルを紐付け。棚卸時の在庫分類に活用,入力値,-,-,既存(V89/V69),12
1次,店長,ラベル設定（仕入商品リスト）,設定入力画面,ラベル名4,,,,,L0,-,納品書撮影で読み込んだ仕入商品にラベルを紐付け。棚卸時の在庫分類に活用,入力値,-,-,既存(V89/V69),13
1次,店長,ラベル設定（仕入商品リスト）,設定入力画面,ラベル名5,,,,,L0,-,納品書撮影で読み込んだ仕入商品にラベルを紐付け。棚卸時の在庫分類に活用,入力値,-,-,既存(V89/V69),14
1次,店長,ラベル設定（仕入商品リスト）,設定入力画面,ラベル名6,,,,,L0,-,納品書撮影で読み込んだ仕入商品にラベルを紐付け。棚卸時の在庫分類に活用,入力値,-,-,既存(V89/V69),15
1次,店長,ラベル設定（仕入商品リスト）,設定入力画面,ラベル名7,,,,,L0,-,納品書撮影で読み込んだ仕入商品にラベルを紐付け。棚卸時の在庫分類に活用,入力値,-,-,既存(V89/V69),16
1次,店長,ラベル設定（仕入商品リスト）,設定入力画面,ラベル名8,,,,,L0,-,納品書撮影で読み込んだ仕入商品にラベルを紐付け。棚卸時の在庫分類に活用,入力値,-,-,既存(V89/V69),17
1次,店長,ラベル設定（仕入商品リスト）,設定入力画面,ラベル名9,,,,,L0,-,納品書撮影で読み込んだ仕入商品にラベルを紐付け。棚卸時の在庫分類に活用,入力値,-,-,既存(V89/V69),18
1次,店長,ラベル設定（仕入商品リスト）,設定入力画面,ラベル名10,,,,,L0,-,納品書撮影で読み込んだ仕入商品にラベルを紐付け。棚卸時の在庫分類に活用,入力値,-,-,既存(V89/V69),19
1次,店長,ラベル設定（仕入商品リスト）,設定入力画面,商品ID,,,,,L0,-,仕入商品に仕入商品ラベル（グルーピングタグ）を紐付け。仕入先分析での仕入先ラベル別集計・棚卸時の在庫分類に活用,入力値,-,-,既存(V89/V69),5
1次,店長,ラベル設定（仕入商品リスト）,設定入力画面,発注先,,,,,L0,-,納品書撮影で読み込んだ仕入商品にラベルを紐付け。棚卸時の在庫分類に活用,マスタ参照,-,[マスタ]infomart_clients.name,既存(V89/V69),6
1次,店長,ラベル設定（仕入商品リスト）,設定入力画面,商品名,,,,,L0,-,納品書撮影で読み込んだ仕入商品にラベルを紐付け。棚卸時の在庫分類に活用,入力値,-,-,既存(V89/V69),7
1次,店長,ラベル設定（仕入商品リスト）,設定入力画面,費目,,,,,L0,-,納品書撮影で読み込んだ仕入商品にラベルを紐付け。棚卸時の在庫分類に活用,入力値,-,-,既存(V89/V69),8
1次,店長,ラベル設定（売上商品リスト）,設定入力画面,商品ID,,,,,L0,-,POS連携の売上商品に売上商品ラベル（グルーピングタグ）を設定。商品別分析のグルーピングおよび売上計上先の変更に使用（例：席料をフードからその他に変更して計上）,マスタ参照,-,[マスタ]head_office_item_sales_logs.item_id,既存(V89/V69),20
1次,店長,ラベル設定（売上商品リスト）,設定入力画面,商品名,,,,,L0,-,POS連携の売上商品にラベルを設定。売上分析のグルーピングに使用,マスタ参照,-,[マスタ]head_office_item_sales_logs.item_name,既存(V89/V69),21
1次,店長,ラベル設定（売上商品リスト）,設定入力画面,商品ID（連携サービス）,,,,,L0,-,POS連携の売上商品にラベルを設定。売上分析のグルーピングに使用,マスタ参照,-,[マスタ]head_office_item_sales_logs.external_item_id,既存(V89/V69),22
1次,店長,ラベル設定（売上商品リスト）,設定入力画面,商品コード（連携サービス）,,,,,L0,-,POS連携の売上商品にラベルを設定。売上分析のグルーピングに使用,マスタ参照,-,[マスタ]head_office_item_sales_logs.external_item_code,既存(V89/V69),23
1次,店長,ラベル設定（売上商品リスト）,設定入力画面,ラベル名,,,,,L0,-,POS連携の売上商品にラベルを設定。売上分析のグルーピングに使用,入力値,-,-,既存(V89/V69),24
1次,店長,ラベル設定（売上商品リスト）,設定入力画面,ステータスフラグ,,,,,L0,-,POS連携の売上商品にラベルを設定。売上分析のグルーピングに使用,入力値,-,-,既存(V89/V69),25
1次,店長,ラベル設定（発注先リスト）,設定入力画面,発注先ID,,,,,L0,-,発注先に発注先ラベル（グルーピングタグ）を設定。仕入先分析での仕入先ラベル別集計に活用,入力値,-,-,既存(V89/V69),27
1次,店長,ラベル設定（発注先リスト）,設定入力画面,発注先名,,,,,L0,-,発注先にラベルを設定。仕入先分析のグルーピングに活用,入力値,-,-,既存(V89/V69),28
1次,店長,ラベル設定（発注先リスト）,設定入力画面,ラベル名,,,,,L0,-,発注先にラベルを設定。仕入先分析のグルーピングに活用,入力値,-,-,既存(V89/V69),29
1次,店長,ラベル設定（発注先リスト）,設定入力画面,ステータスフラグ,,,,,L0,-,発注先にラベルを設定。仕入先分析のグルーピングに活用,入力値,-,-,既存(V89/V69),30
1次,店長,休業日設定,設定入力画面,定休日（曜日）,,,,,L0,-,定休日・臨時休業日を設定。売上進捗率計算に使用,選択入力（曜日）,-,ユーザー入力（休業日設定）,既存(V89/V69),77
1次,店長,休業日設定,設定入力画面,日付指定,,,,,L0,-,定休日・臨時休業日を設定。売上進捗率計算に使用,入力値（日付）,-,ユーザー入力（休業日設定）,既存(V89/V69),78
1次,店長,単月費用設定,設定入力画面,単月地代家賃,,,,,L0,-,親設定(地代家賃設定)の年間デフォルト値を、特定の単月で実値に上書きする。単月ごとの地代変動や特殊契約月に対応,親設定参照＋上書き,-,地代家賃設定.固定賃料; 地代家賃設定.地代家賃シミュレーション金額,既存(V89/V69),79a
1次,店長,単月費用設定,設定入力画面,対売上比（変動費用デフォルト値）,,,,,L0,-,単月の費用予算を設定,入力値（％）,-,ユーザー入力（単月費用設定）,既存(V89/V69),80
1次,店長,単月費用設定,設定入力画面,金額（固定費用デフォルト値）,,,,,L0,-,単月の費用予算を設定,入力値（金額）,-,ユーザー入力（単月費用設定）,既存(V89/V69),81
1次,店長,地代家賃設定,設定入力画面,賃料体系,,,,,L0,-,店舗契約の賃料パターンを選択。固定賃料=固定費用予算、それ以外=変動費予算へ振分,マスタ参照,-,-,既存(V89/V69),P1
1次,店長,地代家賃設定,設定入力画面,売上上限（2段目）,,,,,L0,-,段階別歩合の売上上限（2段目）,入力値,-,地代家賃設定.段階数,既存(V89/V69),P10
1次,店長,地代家賃設定,設定入力画面,売上歩合率（2段目）,,,,,L0,-,段階別歩合の売上歩合率（2段目）,入力値,-,地代家賃設定.段階数,既存(V89/V69),P11
1次,店長,地代家賃設定,設定入力画面,売上下限（3段目）,,,,,L0,-,段階別歩合の売上下限（3段目）,入力値,-,地代家賃設定.売上上限（2段目）,既存(V89/V69),P12
1次,店長,地代家賃設定,設定入力画面,売上上限（3段目）,,,,,L0,-,段階別歩合の売上上限（3段目）,入力値,-,地代家賃設定.上限なし,既存(V89/V69),P13
1次,店長,地代家賃設定,設定入力画面,売上歩合率（3段目）,,,,,L0,-,段階別歩合の売上歩合率（3段目）,入力値,-,地代家賃設定.段階数,既存(V89/V69),P14
1次,店長,地代家賃設定,設定入力画面,上限なし（フラグ）,,,,,L0,-,段階別歩合の最終段階で上限を設けない場合の制御フラグ,フラグ,-,-,既存(V89/V69),P15
1次,店長,地代家賃設定,設定入力画面,最低保証額,,,,,L0,-,変動賃料・段階別歩合時の最低保証額。POS売上がない/少ない場合に適用,入力値,-,地代家賃設定.賃料体系,既存(V89/V69),P16
1次,店長,地代家賃設定,設定入力画面,売上閾値,,,,,L0,-,変動賃料時の歩合計算適用閾値,入力値,-,地代家賃設定.賃料体系,既存(V89/V69),P17
1次,店長,地代家賃設定,設定入力画面,売上歩合対象率,,,,,L0,-,総売上のうち歩合計算対象となる割合（消費税抜き比率など用途想定）,入力値,-,地代家賃設定.賃料体系,既存(V89/V69),P18
1次,店長,地代家賃設定,設定入力画面,適用開始日,,,,,L0,-,この賃料設定が適用される開始日。同じ適用開始日の設定は登録不可（履歴分割保存対応済/FIX-4）,入力値,-,-,既存(V89/V69),P19
1次,店長,地代家賃設定,設定入力画面,条件選択,,,,,L0,-,変動賃料・段階別歩合時のみ表示。合算or最大値選択で計算式が変わる,マスタ参照,-,地代家賃設定.賃料体系,既存(V89/V69),P2
1次,店長,地代家賃設定,設定入力画面,月額売上予算（シミュレーション入力）,,,,,L0,-,賃料体系に応じた地代家賃の試算用入力（永続化されない）,入力値,-,-,既存(V89/V69),P20
1次,店長,地代家賃設定,設定入力画面,段階数,,,,,L0,-,賃料体系=段階別歩合時のみ表示。段階数に応じて入力欄を動的に生成,マスタ参照,-,地代家賃設定.賃料体系,既存(V89/V69),P3
1次,店長,地代家賃設定,設定入力画面,固定賃料,,,,,L0,-,毎月固定の賃料額。賃料体系により加算先が変わる,入力値,-,地代家賃設定.賃料体系,既存(V89/V69),P4
1次,店長,地代家賃設定,設定入力画面,歩合率,,,,,L0,-,売上に対する歩合率。変動賃料時に使用,入力値,-,地代家賃設定.賃料体系,既存(V89/V69),P5
1次,店長,地代家賃設定,設定入力画面,売上下限（1段目）,,,,,L0,-,段階別歩合の売上下限（1段目）,入力値,-,地代家賃設定.段階数,既存(V89/V69),P6
1次,店長,地代家賃設定,設定入力画面,売上上限（1段目）,,,,,L0,-,段階別歩合の売上上限（1段目）,入力値,-,地代家賃設定.段階数,既存(V89/V69),P7
1次,店長,地代家賃設定,設定入力画面,売上歩合率（1段目）,,,,,L0,-,段階別歩合の売上歩合率（1段目）,入力値,-,地代家賃設定.段階数,既存(V89/V69),P8
1次,店長,地代家賃設定,設定入力画面,売上下限（2段目）,,,,,L0,-,段階別歩合の売上下限（2段目）,入力値,-,地代家賃設定.売上上限（1段目）,既存(V89/V69),P9
1次,店長,売上構成比設定,設定入力画面,ランチ比率,,,,,L0,-,ランチ/ディナー・フード/ドリンク/その他の売上構成比を設定,入力値（％）,-,ユーザー入力（売上構成比設定）,既存(V89/V69),72
1次,店長,売上構成比設定,設定入力画面,ディナー比率,,,,,L0,-,ランチ/ディナー・フード/ドリンク/その他の売上構成比を設定,入力値（％）,-,ユーザー入力（売上構成比設定）,既存(V89/V69),73
1次,店長,売上構成比設定,設定入力画面,フード構成比,,,,,L0,-,ランチ/ディナー・フード/ドリンク/その他の売上構成比を設定,入力値（％）,-,ユーザー入力（売上構成比設定）,既存(V89/V69),74
1次,店長,売上構成比設定,設定入力画面,ドリンク構成比,,,,,L0,-,ランチ/ディナー・フード/ドリンク/その他の売上構成比を設定,入力値（％）,-,ユーザー入力（売上構成比設定）,既存(V89/V69),75
1次,店長,売上構成比設定,設定入力画面,その他構成比,,,,,L0,-,ランチ/ディナー・フード/ドリンク/その他の売上構成比を設定,入力値（％）,-,ユーザー入力（売上構成比設定）,既存(V89/V69),76
1次,店長,売上経費入力（売上）,実績入力画面,店内売上（標準税率）税抜,,,,,L0,-,【ラクミーアプリ】POS未連携店舗向け。売上を手入力しラクミー経営管理に計上,-,-,ユーザー入力,既存(V89/V69),776
1次,店長,売上経費入力（売上）,実績入力画面,店外売上（軽減税率）税抜,,,,,L0,-,【ラクミーアプリ】POS未連携店舗向け。売上を手入力しラクミー経営管理に計上,-,-,ユーザー入力,既存(V89/V69),778
1次,店長,売上経費入力（売上）,実績入力画面,客数,,,,,L0,-,【ラクミーアプリ】POS未連携店舗向け。売上を手入力しラクミー経営管理に計上,-,-,ユーザー入力,既存(V89/V69),780
1次,店長,売上経費入力（経費）,実績入力画面,人件費（概算人件費集計）,,,,,L0,-,【ラクミーアプリ】勤怠システム未連携店舗向け。概算人件費を入力しPA人件費に計上,-,-,ユーザー入力,既存(V89/V69),781
1次,店長,小口現金管理,実績入力画面,支払先,,,,,L0,-,-,入力値,-,-,既存(V89/V69),82
1次,店長,小口現金管理,実績入力画面,経費項目,,,,,L0,-,-,入力値,-,-,既存(V89/V69),83
1次,店長,小口現金管理,実績入力画面,出勤額,,,,,L0,-,-,入力値,-,-,既存(V89/V69),84
1次,店長,小口現金管理,実績入力画面,入金額,,,,,L0,-,-,入力値,-,-,既存(V89/V69),85
1次,店長,小口現金管理,実績入力画面,内容,,,,,L0,-,-,データ,-,-,既存(V89/V69),87
1次,店長,小口現金管理,実績入力画面,経費コード,,,,,L0,-,-,費目参照,-,-,既存(V89/V69),88
1次,店長,小口現金管理,実績入力画面,税区分,,,,,L0,-,-,データ,-,-,既存(V89/V69),89
1次,店長,店舗管理,設定入力画面,店舗名,,,,,L0,-,店舗の基本情報設定。坪数・席数等はKPI計算に使用,入力値,-,-,既存(V89/V69),31
1次,店長,店舗管理,設定入力画面,電話番号,,,,,L0,-,店舗の基本情報設定。坪数・席数等はKPI計算に使用,入力値,-,-,既存(V89/V69),32
1次,店長,店舗管理,設定入力画面,郵便番号,,,,,L0,-,店舗の基本情報設定。坪数・席数等はKPI計算に使用,入力値,-,-,既存(V89/V69),33
1次,店長,店舗管理,設定入力画面,都道府県,,,,,L0,-,店舗の基本情報設定。坪数・席数等はKPI計算に使用,入力値,-,-,既存(V89/V69),34
1次,店長,店舗管理,設定入力画面,住所,,,,,L0,-,店舗の基本情報設定。坪数・席数等はKPI計算に使用,入力値,-,-,既存(V89/V69),35
1次,店長,店舗管理,設定入力画面,建物,,,,,L0,-,店舗の基本情報設定。坪数・席数等はKPI計算に使用,入力値,-,-,既存(V89/V69),36
1次,店長,店舗管理,設定入力画面,業種,,,,,L0,-,店舗の基本情報設定。坪数・席数等はKPI計算に使用,入力値,-,-,既存(V89/V69),37
1次,店長,店舗管理,設定入力画面,業態,,,,,L0,-,店舗の基本情報設定。坪数・席数等はKPI計算に使用,入力値,-,-,既存(V89/V69),38
1次,店長,店舗管理,設定入力画面,総卓数,,,,,L0,-,店舗の基本情報設定。坪数・席数等はKPI計算に使用,入力値,-,-,既存(V89/V69),39
1次,店長,店舗管理,設定入力画面,総席数,,,,,L0,-,店舗の基本情報設定。坪数・席数等はKPI計算に使用,入力値,-,-,既存(V89/V69),40
1次,店長,店舗管理,設定入力画面,坪数,,,,,L0,-,店舗の基本情報設定。坪数・席数等はKPI計算に使用,入力値,-,-,既存(V89/V69),41
1次,店長,店舗管理,設定入力画面,初期投資額,,,,,L0,-,店舗の基本情報設定。坪数・席数等はKPI計算に使用,入力値,-,-,既存(V89/V69),42
1次,店長,店舗間商品移動,実績入力画面,相手店舗,,,,,L0,-,店舗間の商品移動を管理。FD仕入の調整に反映,店舗マスタ,-,-,既存(V89/V69),91
1次,店長,店舗間商品移動,実績入力画面,仕入金額（税抜）,,,,,L0,-,店舗間の商品移動を管理。FD仕入の調整に反映,入力値,-,-,既存(V89/V69),92
1次,店長,店舗間商品移動,実績入力画面,提供金額（税抜）,,,,,L0,-,店舗間の商品移動を管理。FD仕入の調整に反映,入力値,-,-,既存(V89/V69),93
1次,店長,店舗間商品移動,実績入力画面,商品タイプ,,,,,L0,-,店舗間の商品移動を管理。FD仕入の調整に反映,データ,-,-,既存(V89/V69),94
1次,店長,月次予算設定,設定入力画面,目標月次利益,,,,,L0,-,月次の予算詳細設定,入力値（金額）,-,-,既存(V89/V69),43
1次,店長,月次予算設定,設定入力画面,FD仕入比率,,,,,L0,-,月次の予算詳細設定,入力値（％）,-,-,既存(V89/V69),44
1次,店長,月次予算設定,設定入力画面,PA人件費率,,,,,L0,-,月次の予算詳細設定,入力値（％）,-,-,既存(V89/V69),45
1次,店長,月次予算設定,設定入力画面,目標客単価（税抜）,,,,,L0,-,月次の予算詳細設定,入力値（金額）,-,-,既存(V89/V69),46
1次,店長,棚卸,実績入力画面,棚卸商品,,,,,L0,-,-,入力値,-,-,既存(V89/V69),95
1次,店長,棚卸,実績入力画面,在庫数量,,,,,L0,-,-,入力値,-,-,既存(V89/V69),96
1次,店長,棚卸,実績入力画面,商品単価,,,,,L0,-,-,入力値,-,-,既存(V89/V69),97
1次,店長,棚卸詳細,一覧表示画面,カテゴリ,,,,,L0,-,棚卸結果の詳細。在庫数量・単価・小計の確認,マスタ参照,-,-,既存(V89/V69),456
1次,店長,棚卸（カテゴリ、タブ選択）,実績入力画面,肉類（カテゴリ１）,,,,,L0,-,【ラクミーアプリ】肉類・魚介類等のカテゴリタブで棚卸対象を選択,-,-,[マスタ]カテゴリマスタ,既存(V89/V69),756
1次,店長,棚卸（カテゴリ、タブ選択）,実績入力画面,魚介類（カテゴリ２）,,,,,L0,-,【ラクミーアプリ】肉類・魚介類等のカテゴリタブで棚卸対象を選択,-,-,[マスタ]カテゴリマスタ,既存(V89/V69),757
1次,店長,棚卸（カテゴリ、タブ選択）,実績入力画面,野菜・果物（カテゴリ３）,,,,,L0,-,【ラクミーアプリ】肉類・魚介類等のカテゴリタブで棚卸対象を選択,-,-,[マスタ]カテゴリマスタ,既存(V89/V69),758
1次,店長,棚卸（カテゴリ、タブ選択）,実績入力画面,加工品（カテゴリ４）,,,,,L0,-,【ラクミーアプリ】肉類・魚介類等のカテゴリタブで棚卸対象を選択,-,-,[マスタ]カテゴリマスタ,既存(V89/V69),759
1次,店長,棚卸（カテゴリ、タブ選択）,実績入力画面,米・穀物（カテゴリ５）,,,,,L0,-,【ラクミーアプリ】肉類・魚介類等のカテゴリタブで棚卸対象を選択,-,-,[マスタ]カテゴリマスタ,既存(V89/V69),760
1次,店長,棚卸（カテゴリ、タブ選択）,実績入力画面,麺・パン（カテゴリ６）,,,,,L0,-,【ラクミーアプリ】肉類・魚介類等のカテゴリタブで棚卸対象を選択,-,-,[マスタ]カテゴリマスタ,既存(V89/V69),761
1次,店長,棚卸（カテゴリ、タブ選択）,実績入力画面,乾物・缶詰（カテゴリ７）,,,,,L0,-,【ラクミーアプリ】肉類・魚介類等のカテゴリタブで棚卸対象を選択,-,-,[マスタ]カテゴリマスタ,既存(V89/V69),762
1次,店長,棚卸（カテゴリ、タブ選択）,実績入力画面,調味料（カテゴリ８）,,,,,L0,-,【ラクミーアプリ】肉類・魚介類等のカテゴリタブで棚卸対象を選択,-,-,[マスタ]カテゴリマスタ,既存(V89/V69),763
1次,店長,棚卸（カテゴリ、タブ選択）,実績入力画面,酒・ドリンク（カテゴリ９）,,,,,L0,-,【ラクミーアプリ】肉類・魚介類等のカテゴリタブで棚卸対象を選択,-,-,[マスタ]カテゴリマスタ,既存(V89/V69),764
1次,店長,棚卸（カテゴリ、タブ選択）,実績入力画面,資材（カテゴリ１０）,,,,,L0,-,【ラクミーアプリ】肉類・魚介類等のカテゴリタブで棚卸対象を選択,-,-,[マスタ]カテゴリマスタ,既存(V89/V69),765
1次,店長,棚卸（カテゴリ、タブ選択）,実績入力画面,その他（カテゴリ１１）,,,,,L0,-,【ラクミーアプリ】肉類・魚介類等のカテゴリタブで棚卸対象を選択,-,-,[マスタ]カテゴリマスタ,既存(V89/V69),766
1次,店長,棚卸（ラベル、タブ選択）,実績入力画面,ラベル名１,,,,,L0,-,【ラクミーアプリ】ラクミーウェブで設定したラベルで棚卸対象を選択,-,-,[マスタ]ラベル設定.ラベル名,既存(V89/V69),767
1次,店長,棚卸（ラベル、タブ選択）,実績入力画面,ラベル名２,,,,,L0,-,【ラクミーアプリ】ラクミーウェブで設定したラベルで棚卸対象を選択,-,-,[マスタ]ラベル設定.ラベル名,既存(V89/V69),768
1次,店長,棚卸（ラベル、タブ選択）,実績入力画面,ラベル名３〜１０,,,,,L0,-,【ラクミーアプリ】ラクミーウェブで設定したラベルで棚卸対象を選択,-,-,[マスタ]ラベル設定.ラベル名,既存(V89/V69),769
1次,店長,棚卸（数量・単価の編集）,実績入力画面,商品名,,,,,L0,-,【ラクミーアプリ】在庫数量・単価を入力。推奨単価は直近の納品データから表示,-,-,[マスタ]ラベル設定（仕入商品）.商品名,既存(V89/V69),771
1次,店長,棚卸（数量・単価の編集）,実績入力画面,仕入れ先,,,,,L0,-,【ラクミーアプリ】在庫数量・単価を入力。推奨単価は直近の納品データから表示,-,-,[マスタ]ラベル設定（仕入商品）.発注先,既存(V89/V69),772
1次,店長,棚卸（数量・単価の編集）,実績入力画面,在庫数量,,,,,L0,-,【ラクミーアプリ】在庫数量・単価を入力。推奨単価は直近の納品データから表示,-,-,ユーザー入力（棚卸）,既存(V89/V69),773
1次,店長,棚卸（数量・単価の編集）,実績入力画面,単価（税抜）,,,,,L0,-,【ラクミーアプリ】在庫数量・単価を入力。推奨単価は直近の納品データから表示,-,-,ユーザー入力（棚卸）,既存(V89/V69),774
1次,店長,流入分析,分析画面,総卓数,,,,,L0,-,-,マスタ参照,-,[マスタ]shops.total_tables,既存(V89/V69),363
1次,店長,発注先商品管理,設定入力画面,商品名,,,,,L0,-,発注先ごとの商品マスタ。ラクミーアプリの発注書作成で商品選択に使用,入力値,-,-,既存(V89/V69),56
1次,店長,発注先商品管理,設定入力画面,商品コード,,,,,L0,-,発注先ごとの商品マスタ。ラクミーアプリの発注書作成で商品選択に使用,入力値,-,-,既存(V89/V69),57
1次,店長,発注先商品管理,設定入力画面,ステータス,,,,,L0,-,発注先ごとの商品マスタ。ラクミーアプリの発注書作成で商品選択に使用,入力値,-,-,既存(V89/V69),58
1次,店長,発注先商品管理,設定入力画面,単位,,,,,L0,-,発注先ごとの商品マスタ。ラクミーアプリの発注書作成で商品選択に使用,入力値,-,-,既存(V89/V69),59
1次,店長,発注先商品管理,設定入力画面,税区分,,,,,L0,-,発注先ごとの商品マスタ。ラクミーアプリの発注書作成で商品選択に使用,入力値,-,-,既存(V89/V69),60
1次,店長,発注先情報編集,設定入力画面,発注先,,,,,L0,-,-,入力値,-,-,既存(V89/V69),61
1次,店長,発注先情報編集,設定入力画面,表示名,,,,,L0,-,-,入力値,-,-,既存(V89/V69),62
1次,店長,発注先情報編集,設定入力画面,店舗コード,,,,,L0,-,-,入力値,-,-,既存(V89/V69),63
1次,店長,発注先管理,設定入力画面,発注先名,,,,,L0,-,-,入力値,-,-,既存(V89/V69),64
1次,店長,発注先管理,設定入力画面,カテゴリ,,,,,L0,-,-,入力値,-,-,既存(V89/V69),65
1次,店長,発注書作成,設定登録画面,発注ID,,,,,L0,-,【ラクミーアプリ】ラクミーウェブの発注先商品管理で設定した商品を選択し発注書を作成,-,-,ユーザー入力,既存(V89/V69),731
1次,店長,発注書作成,設定登録画面,発注先名,,,,,L0,-,【ラクミーアプリ】ラクミーウェブの発注先商品管理で設定した商品を選択し発注書を作成,-,-,[マスタ]発注先管理,既存(V89/V69),732
1次,店長,発注書作成,設定登録画面,商品コード,,,,,L0,-,【ラクミーアプリ】ラクミーウェブの発注先商品管理で設定した商品を選択し発注書を作成,-,-,[マスタ]発注先商品管理,既存(V89/V69),733
1次,店長,発注書作成,設定登録画面,商品名,,,,,L0,-,【ラクミーアプリ】ラクミーウェブの発注先商品管理で設定した商品を選択し発注書を作成,-,-,[マスタ]発注先商品管理,既存(V89/V69),734
1次,店長,発注書作成,設定登録画面,発注単位,,,,,L0,-,【ラクミーアプリ】ラクミーウェブの発注先商品管理で設定した商品を選択し発注書を作成,-,-,[マスタ]発注先商品管理,既存(V89/V69),735
1次,店長,発注書作成,設定登録画面,税区分,,,,,L0,-,【ラクミーアプリ】ラクミーウェブの発注先商品管理で設定した商品を選択し発注書を作成,-,-,[マスタ]発注先商品管理,既存(V89/V69),736
1次,店長,納品書管理,一覧表示画面,店舗名,,,,,L0,-,ラクミーアプリで撮影・AI読込された納品書データの一覧管理。インフォマート連携データも表示,マスタ参照,-,-,既存(V89/V69),463
1次,店長,費用実績入力,実績入力画面,単月地代家賃,,,,,L0,-,単月ごとの地代家賃実績値。POS売上がない場合の手入力補完,入力値,-,-,既存(V89/V69),R1
1次,店長,費用実績入力,実績入力画面,電気代,,,,,L0,-,月次の電気代実績,入力値,-,-,既存(V89/V69),R10
1次,店長,費用実績入力,実績入力画面,ガス代,,,,,L0,-,月次のガス代実績,入力値,-,-,既存(V89/V69),R11
1次,店長,費用実績入力,実績入力画面,水道代,,,,,L0,-,月次の水道代実績,入力値,-,-,既存(V89/V69),R12
1次,店長,費用実績入力,実績入力画面,消耗品費,,,,,L0,-,月次の消耗品費実績,入力値,-,-,既存(V89/V69),R13
1次,店長,費用実績入力,実績入力画面,保守修繕費,,,,,L0,-,月次の保守修繕費実績,入力値,-,-,既存(V89/V69),R14
1次,店長,費用実績入力,実績入力画面,租税公課,,,,,L0,-,月次の租税公課実績,入力値,-,-,既存(V89/V69),R15
1次,店長,費用実績入力,実績入力画面,接待交際費,,,,,L0,-,月次の接待交際費実績,入力値,-,-,既存(V89/V69),R16
1次,店長,費用実績入力,実績入力画面,旅費交通費,,,,,L0,-,月次の旅費交通費実績,入力値,-,-,既存(V89/V69),R17
1次,店長,費用実績入力,実績入力画面,通信費,,,,,L0,-,月次の通信費実績,入力値,-,-,既存(V89/V69),R18
1次,店長,費用実績入力,実績入力画面,ｸﾚｼﾞｯﾄ手数料,,,,,L0,-,月次のｸﾚｼﾞｯﾄ手数料実績,入力値,-,-,既存(V89/V69),R19
1次,店長,費用実績入力,実績入力画面,固定人件費,,,,,L0,-,月次の固定人件費実績,入力値,-,-,既存(V89/V69),R2
1次,店長,費用実績入力,実績入力画面,支払手数料,,,,,L0,-,月次の支払手数料実績,入力値,-,-,既存(V89/V69),R20
1次,店長,費用実績入力,実績入力画面,会議費,,,,,L0,-,月次の会議費実績,入力値,-,-,既存(V89/V69),R21
1次,店長,費用実績入力,実績入力画面,諸会費,,,,,L0,-,月次の諸会費実績,入力値,-,-,既存(V89/V69),R22
1次,店長,費用実績入力,実績入力画面,図書教育費,,,,,L0,-,月次の図書教育費実績,入力値,-,-,既存(V89/V69),R23
1次,店長,費用実績入力,実績入力画面,研修費,,,,,L0,-,月次の研修費実績,入力値,-,-,既存(V89/V69),R24
1次,店長,費用実績入力,実績入力画面,業態研究費,,,,,L0,-,月次の業態研究費実績,入力値,-,-,既存(V89/V69),R25
1次,店長,費用実績入力,実績入力画面,採用費,,,,,L0,-,月次の採用費実績,入力値,-,-,既存(V89/V69),R26
1次,店長,費用実績入力,実績入力画面,IT費,,,,,L0,-,月次のIT費実績,入力値,-,-,既存(V89/V69),R27
1次,店長,費用実績入力,実績入力画面,外注費,,,,,L0,-,月次の外注費実績,入力値,-,-,既存(V89/V69),R28
1次,店長,費用実績入力,実績入力画面,雑費,,,,,L0,-,月次の雑費実績,入力値,-,-,既存(V89/V69),R29
1次,店長,費用実績入力,実績入力画面,減価償却費,,,,,L0,-,月次の減価償却費実績,入力値,-,-,既存(V89/V69),R3
1次,店長,費用実績入力,実績入力画面,資材費,,,,,L0,-,月次の資材費実績,入力値,-,-,既存(V89/V69),R4
1次,店長,費用実績入力,実績入力画面,販売促進費,,,,,L0,-,月次の販売促進費実績,入力値,-,-,既存(V89/V69),R5
1次,店長,費用実績入力,実績入力画面,メニューコピー,,,,,L0,-,月次のメニューコピー費実績,入力値,-,-,既存(V89/V69),R6
1次,店長,費用実績入力,実績入力画面,調査費,,,,,L0,-,月次の調査費実績,入力値,-,-,既存(V89/V69),R7
1次,店長,費用実績入力,実績入力画面,衛生費,,,,,L0,-,月次の衛生費実績,入力値,-,-,既存(V89/V69),R8
1次,店長,費用実績入力,実績入力画面,サービス費,,,,,L0,-,月次のサービス費実績,入力値,-,-,既存(V89/V69),R9
1次,店長,費用設定編集,設定入力画面,費目名,,,,,L0,-,費目ごとの予算タイプ・デフォルト値を設定,入力値（テキスト）,-,-,既存(V89/V69),66
1次,店長,費用設定編集,設定入力画面,設定タイプ（固定費用予算、変動費用予算）,,,,,L0,-,費目ごとの予算タイプ・デフォルト値を設定,選択入力（区分）,-,-,既存(V89/V69),67
1次,店長,費用設定編集,設定入力画面,固定費用予算デフォルト数値,,,,,L0,-,費目ごとの予算タイプ・デフォルト値を設定,入力値（金額）,-,-,既存(V89/V69),68
1次,店長,費用設定（一覧）,設定入力画面,費目,,,,,L0,-,費目マスタの一覧。固定費・変動費の設定,入力値,-,-,既存(V89/V69),69
1次,店長,費用設定（一覧）,設定入力画面,設定タイプ,,,,,L0,-,費目マスタの一覧。固定費・変動費の設定,入力値,-,-,既存(V89/V69),70
1次,店長,費用設定（一覧）,設定入力画面,デフォルト数値,,,,,L0,-,費目マスタの一覧。固定費・変動費の設定,入力値,-,-,既存(V89/V69),71
1次,店長,費目別仕入分析,分析画面,費目,,,,,L0,-,費目ごとの仕入金額を分析,費目マスタ,-,[マスタ]monthly_cost_items.name,既存(V89/V69),372
2次,店長,ABC分析,分析画面,,売上（税抜）,,,,L1,同画面内,-,SUM商品別,-,[外部]TITEM.sales_excluded,既存(V89/V69),100
2次,店長,ABC分析,分析画面,,販売点数,,,,L1,同画面内,-,SUM商品別,-,[外部]TITEM.quantity,既存(V89/V69),102
2次,店長,ABC分析,分析画面,,商品,,,,L1,同画面内,-,商品マスタ,-,[外部]TITEM.item_name,既存(V89/V69),99
2次,店長,FD分析（仕入率/原価率）,分析画面,,フード前月在庫高,,,,L1,同画面内,フード・ドリンクの仕入率・原価率を分析。棚卸データを使用,マスタ参照,-,-,既存(V89/V69),112
2次,店長,FD分析（仕入率/原価率）,分析画面,,フード当月仕入,,,,L1,同画面内,フード・ドリンクの仕入率・原価率を分析。棚卸データを使用,SUMフード,-,[外部]infomart_transactions.total_tax_excluded,既存(V89/V69),113
2次,店長,FD分析（仕入率/原価率）,分析画面,,フード当月在庫高,,,,L1,同画面内,フード・ドリンクの仕入率・原価率を分析。棚卸データを使用,マスタ参照,-,-,既存(V89/V69),114
2次,店長,FD分析（仕入率/原価率）,分析画面,,ドリンク前月在庫高,,,,L1,同画面内,フード・ドリンクの仕入率・原価率を分析。棚卸データを使用,マスタ参照,-,-,既存(V89/V69),117
2次,店長,FD分析（仕入率/原価率）,分析画面,,ドリンク当月仕入,,,,L1,同画面内,フード・ドリンクの仕入率・原価率を分析。棚卸データを使用,SUMドリンク,-,[外部]infomart_transactions.total_tax_excluded,既存(V89/V69),118
2次,店長,FD分析（仕入率/原価率）,分析画面,,ドリンク当月在庫高,,,,L1,同画面内,フード・ドリンクの仕入率・原価率を分析。棚卸データを使用,マスタ参照,-,-,既存(V89/V69),119
2次,店長,FD分析（仕入率/原価率）,分析画面,,FD前月在庫高,,,,L1,同画面内,フード・ドリンクの仕入率・原価率を分析。棚卸データを使用,前月末在庫,-,-,既存(V89/V69),122
2次,店長,FD分析（仕入率/原価率）,分析画面,,FD当月仕入,,,,L1,同画面内,フード・ドリンクの仕入率・原価率を分析。棚卸データを使用,SUM月間,-,[外部]infomart_transactions.total_tax_excluded,既存(V89/V69),123
2次,店長,FD分析（仕入率/原価率）,分析画面,,FD当月在庫高,,,,L1,同画面内,フード・ドリンクの仕入率・原価率を分析。棚卸データを使用,当月末在庫,-,-,既存(V89/V69),124
2次,店長,FD分析（仕入率/原価率）,分析画面,,売上,,,,L1,同画面内,フード・ドリンクの仕入率・原価率を分析。棚卸データを使用,SUM,-,[外部]ZTOTAL.sales_excluded,既存(V89/V69),125
2次,店長,FD分析（仕入率/原価率）,分析画面,,フード売上,,,,L1,同画面内,フード・ドリンクの仕入率・原価率を分析。棚卸データを使用,SUMフード,-,[外部]TITEM.sales_excluded,既存(V89/V69),126
2次,店長,FD分析（仕入率/原価率）,分析画面,,ドリンク売上,,,,L1,同画面内,フード・ドリンクの仕入率・原価率を分析。棚卸データを使用,SUMドリンク,-,[外部]TITEM.sales_excluded,既存(V89/V69),127
2次,店長,FD分析（売上構成比）,分析画面,,フード売上合計,,,,L1,同画面内,フード・ドリンクの売上構成比を分析,SUMフード,-,[外部]TITEM.sales_excluded,既存(V89/V69),129
2次,店長,FD分析（売上構成比）,分析画面,,ドリンク売上合計,,,,L1,同画面内,フード・ドリンクの売上構成比を分析,SUMドリンク,-,[外部]TITEM.sales_excluded,既存(V89/V69),130
2次,店長,ラベル一覧（仕入商品リスト）,一覧表示画面,,発注先名,,,,L1,同画面内,-,参照表示,-,-,既存(V89/V69),376
2次,店長,予実対比,分析画面,,実績_総売上 計,,,,L1,同画面内,-,SUM,-,[外部]ZTOTAL.sales_excluded,既存(V89/V69),131
2次,店長,予実対比,分析画面,,実績_フード売上 計,,,,L1,同画面内,-,SUMフード,-,[外部]TITEM.sales_excluded,既存(V89/V69),132
2次,店長,予実対比,分析画面,,実績_フード売上ランチ,,,,L1,同画面内,-,SUM(フード×ランチ),-,[外部]TITEM.sales_excluded,既存(V89/V69),133
2次,店長,予実対比,分析画面,,実績_フード売上ディナー,,,,L1,同画面内,-,SUM(フード×ディナー),-,[外部]TITEM.sales_excluded,既存(V89/V69),134
2次,店長,予実対比,分析画面,,実績_ドリンク売上 計,,,,L1,同画面内,-,SUMドリンク,-,[外部]TITEM.sales_excluded,既存(V89/V69),135
2次,店長,予実対比,分析画面,,実績_ドリンク売上ランチ,,,,L1,同画面内,-,SUM(ドリンク×ランチ),-,[外部]TITEM.sales_excluded,既存(V89/V69),136
2次,店長,予実対比,分析画面,,実績_ドリンク売上ディナー,,,,L1,同画面内,-,SUM(ドリンク×ディナー),-,[外部]TITEM.sales_excluded,既存(V89/V69),137
2次,店長,予実対比,分析画面,,実績_その他売上 計（サービス料等）,,,,L1,同画面内,-,SUMその他,-,[外部]ZTOTAL.service_charge_1,既存(V89/V69),138
2次,店長,予実対比,分析画面,,実績_その他売上ランチ,,,,L1,同画面内,-,SUM(その他×ランチ),-,[外部]TITEM.sales_excluded,既存(V89/V69),139
2次,店長,予実対比,分析画面,,実績_その他売上ディナー,,,,L1,同画面内,-,SUM(その他×ディナー),-,[外部]TITEM.sales_excluded,既存(V89/V69),140
2次,店長,予実対比,分析画面,,実績_FD仕入 計,,,,L1,同画面内,-,SUMFD,-,インフォマート（仕入）,既存(V89/V69),142
2次,店長,予実対比,分析画面,,実績_フード仕入,,,,L1,同画面内,-,SUMフード,-,[外部]infomart_transactions.total_tax_excluded,既存(V89/V69),143
2次,店長,予実対比,分析画面,,実績_ドリンク仕入,,,,L1,同画面内,-,SUMドリンク,-,[外部]infomart_transactions.total_tax_excluded,既存(V89/V69),144
2次,店長,予実対比,分析画面,,実績_人件費 計,,,,L1,同画面内,-,SUM,-,[外部]head_office_employee_working_records.daily_cost,既存(V89/V69),145
2次,店長,予実対比,分析画面,,実績_固定人件費,,,,L1,同画面内,-,SUM月給者,-,[外部]head_office_employee_working_records.daily_cost,既存(V89/V69),146
2次,店長,予実対比,分析画面,,実績_PA人件費,,,,L1,同画面内,-,SUM時給者,-,[外部]head_office_employee_working_records.daily_cost,既存(V89/V69),147
2次,店長,予実対比,分析画面,,実績_ヘルプ人件費,,,,L1,同画面内,-,SUMヘルプ,-,[外部]head_office_employee_working_records.daily_cost,既存(V89/V69),148
2次,店長,予実対比,分析画面,,実績_その他経費 計,,,,L1,同画面内,-,SUM経費,-,[入力]monthly_costs.value,既存(V89/V69),149
2次,店長,予実対比,分析画面,,実績_地代家賃,,,,L1,同画面内,-,費目別,-,[入力]monthly_costs.value,既存(V89/V69),150
2次,店長,予実対比,分析画面,,実績_資材費,,,,L1,同画面内,-,費目別,-,[入力]monthly_costs.value,既存(V89/V69),151
2次,店長,予実対比,分析画面,,実績_ラクミー利用料,,,,L1,同画面内,-,費目別,-,[入力]monthly_costs.value,既存(V89/V69),152
2次,店長,予実対比,分析画面,,実績_IT費用,,,,L1,同画面内,-,費目別,-,[入力]monthly_costs.value,既存(V89/V69),153
2次,店長,予実対比,分析画面,,実績_お花代,,,,L1,同画面内,-,費目別,-,[入力]monthly_costs.value,既存(V89/V69),154
2次,店長,予実対比,分析画面,,実績_ガス代,,,,L1,同画面内,-,費目別,-,[入力]monthly_costs.value,既存(V89/V69),155
2次,店長,予実対比,分析画面,,実績_クレジットカード手数料,,,,L1,同画面内,-,費目別,-,[入力]monthly_costs.value,既存(V89/V69),156
2次,店長,予実対比,分析画面,,実績_レジ利用料,,,,L1,同画面内,-,費目別,-,[入力]monthly_costs.value,既存(V89/V69),157
2次,店長,予実対比,分析画面,,実績_借入金返済,,,,L1,同画面内,-,費目別,-,[入力]monthly_costs.value,既存(V89/V69),158
2次,店長,予実対比,分析画面,,実績_家賃（変動分）,,,,L1,同画面内,-,費目別,-,[入力]monthly_costs.value,既存(V89/V69),159
2次,店長,予実対比,分析画面,,実績_水道代,,,,L1,同画面内,-,費目別,-,[入力]monthly_costs.value,既存(V89/V69),160
2次,店長,予実対比,分析画面,,実績_水道光熱費,,,,L1,同画面内,-,費目別,-,[入力]monthly_costs.value,既存(V89/V69),161
2次,店長,予実対比,分析画面,,実績_減価償却費,,,,L1,同画面内,-,費目別,-,[入力]monthly_costs.value,既存(V89/V69),162
2次,店長,予実対比,分析画面,,実績_社員人件費,,,,L1,同画面内,-,費目別,-,[入力]monthly_costs.value,既存(V89/V69),163
2次,店長,予実対比,分析画面,,実績_販促費,,,,L1,同画面内,-,費目別,-,[入力]monthly_costs.value,既存(V89/V69),164
2次,店長,予実対比,分析画面,,実績_電気代,,,,L1,同画面内,-,費目別,-,[入力]monthly_costs.value,既存(V89/V69),165
2次,店長,予実対比,分析画面,,予算_総売上 計,,,,L1,同画面内,-,月次予算設定.売上（税抜） ÷ 営業日数 × 経過日数,-,月次予算設定.総売上,既存(V89/V69),167
2次,店長,予実対比,分析画面,,予算_フード売上 計,,,,L1,同画面内,-,予算_総売上 計 × 売上構成比設定.フード構成比,-,月次予算設定.フード売上,既存(V89/V69),168
2次,店長,予実対比,分析画面,,予算_フード売上ランチ,,,,L1,同画面内,-,予算_フード売上 計 × 売上構成比設定.ランチ比率,-,月次予算設定.フード売上ランチ,既存(V89/V69),169
2次,店長,予実対比,分析画面,,予算_フード売上ディナー,,,,L1,同画面内,-,予算_フード売上 計 × 売上構成比設定.ディナー比率,-,月次予算設定.フード売上ディナー,既存(V89/V69),170
2次,店長,予実対比,分析画面,,予算_ドリンク売上 計,,,,L1,同画面内,-,予算_総売上 計 × 売上構成比設定.ドリンク構成比,-,月次予算設定.ドリンク売上,既存(V89/V69),171
2次,店長,予実対比,分析画面,,予算_ドリンク売上ランチ,,,,L1,同画面内,-,予算_ドリンク売上 計 × 売上構成比設定.ランチ比率,-,月次予算設定.ドリンク売上ランチ,既存(V89/V69),172
2次,店長,予実対比,分析画面,,予算_ドリンク売上ディナー,,,,L1,同画面内,-,予算_ドリンク売上 計 × 売上構成比設定.ディナー比率,-,月次予算設定.ドリンク売上ディナー,既存(V89/V69),173
2次,店長,予実対比,分析画面,,予算_その他売上 計（サービス料等）,,,,L1,同画面内,-,予算_総売上 計 × 売上構成比設定.その他構成比,-,月次予算設定.その他売上（サービス料等）,既存(V89/V69),174
2次,店長,予実対比,分析画面,,予算_その他売上ランチ,,,,L1,同画面内,-,予算_その他売上 計 × 売上構成比設定.ランチ比率,-,月次予算設定.その他売上ランチ,既存(V89/V69),175
2次,店長,予実対比,分析画面,,予算_その他売上ディナー,,,,L1,同画面内,-,予算_その他売上 計 × 売上構成比設定.ディナー比率,-,月次予算設定.その他売上ディナー,既存(V89/V69),176
2次,店長,予実対比,分析画面,,予算_FLコスト 計,,,,L1,同画面内,-,予算_FD仕入 計 + 予算_人件費 計,-,"予実対比.予算_FD仕入 計, 予実対比.予算_人件費 計",既存(V89/V69),177
2次,店長,予実対比,分析画面,,予算_FD仕入 計,,,,L1,同画面内,-,月次予算設定.売上（税抜） × 月次予算設定.FD仕入比率 ÷ 営業日数 × 経過日数,-,月次予算設定.FD仕入,既存(V89/V69),178
2次,店長,予実対比,分析画面,,予算_フード仕入,,,,L1,同画面内,-,予算_FD仕入 計 × フード按分比,-,月次予算設定.フード仕入,既存(V89/V69),179
2次,店長,予実対比,分析画面,,予算_ドリンク仕入,,,,L1,同画面内,-,予算_FD仕入 計 × ドリンク按分比,-,月次予算設定.ドリンク仕入,既存(V89/V69),180
2次,店長,予実対比,分析画面,,予算_人件費 計,,,,L1,同画面内,-,(月次予算設定.売上 × PA人件費率 + 固定人件費予算) ÷ 営業日数 × 経過日数,-,月次予算設定.人件費,既存(V89/V69),181
2次,店長,予実対比,分析画面,,予算_固定人件費,,,,L1,同画面内,-,費用設定.固定人件費予算 ÷ 営業日数 × 経過日数,-,月次予算設定.固定人件費,既存(V89/V69),182
2次,店長,予実対比,分析画面,,予算_PA人件費,,,,L1,同画面内,-,月次予算設定.売上（税抜） × 月次予算設定.PA人件費率 ÷ 営業日数 × 経過日数,-,月次予算設定.PA人件費,既存(V89/V69),183
2次,店長,予実対比,分析画面,,予算_ヘルプ人件費,,,,L1,同画面内,-,費用設定.ヘルプ人件費予算 ÷ 営業日数 × 経過日数,-,月次予算設定.ヘルプ人件費,既存(V89/V69),184
2次,店長,予実対比,分析画面,,予算_その他経費 計,,,,L1,同画面内,-,費用設定.その他経費予算合計 ÷ 営業日数 × 経過日数,-,月次予算設定.その他経費,既存(V89/V69),185
2次,店長,予実対比,分析画面,,予算_地代家賃,,,,L1,同画面内,-,費用設定.地代家賃 ÷ 営業日数 × 経過日数,-,月次予算設定.地代家賃,既存(V89/V69),186
2次,店長,予実対比,分析画面,,予算_資材費,,,,L1,同画面内,-,費用設定.資材費 ÷ 営業日数 × 経過日数,-,月次予算設定.資材費,既存(V89/V69),187
2次,店長,予実対比,分析画面,,予算_ラクミー利用料,,,,L1,同画面内,-,費用設定.ラクミー利用料 ÷ 営業日数 × 経過日数,-,月次予算設定.ラクミー利用料,既存(V89/V69),188
2次,店長,予実対比,分析画面,,予算_IT費用,,,,L1,同画面内,-,費用設定.IT費用 ÷ 営業日数 × 経過日数,-,月次予算設定.IT費用,既存(V89/V69),189
2次,店長,予実対比,分析画面,,予算_お花代,,,,L1,同画面内,-,費用設定.お花代 ÷ 営業日数 × 経過日数,-,月次予算設定.お花代,既存(V89/V69),190
2次,店長,予実対比,分析画面,,予算_ガス代,,,,L1,同画面内,-,費用設定.ガス代 ÷ 営業日数 × 経過日数,-,月次予算設定.ガス代,既存(V89/V69),191
2次,店長,予実対比,分析画面,,予算_クレジットカード手数料,,,,L1,同画面内,-,費用設定.クレジットカード手数料 ÷ 営業日数 × 経過日数,-,月次予算設定.クレジットカード手数料,既存(V89/V69),192
2次,店長,予実対比,分析画面,,予算_レジ利用料,,,,L1,同画面内,-,費用設定.レジ利用料 ÷ 営業日数 × 経過日数,-,月次予算設定.レジ利用料,既存(V89/V69),193
2次,店長,予実対比,分析画面,,予算_借入金返済,,,,L1,同画面内,-,費用設定.借入金返済 ÷ 営業日数 × 経過日数,-,月次予算設定.借入金返済,既存(V89/V69),194
2次,店長,予実対比,分析画面,,予算_家賃（変動分）,,,,L1,同画面内,-,費用設定.家賃（変動分） ÷ 営業日数 × 経過日数,-,月次予算設定.家賃（変動分）,既存(V89/V69),195
2次,店長,予実対比,分析画面,,予算_水道代,,,,L1,同画面内,-,費用設定.水道代 ÷ 営業日数 × 経過日数,-,月次予算設定.水道代,既存(V89/V69),196
2次,店長,予実対比,分析画面,,予算_水道光熱費,,,,L1,同画面内,-,費用設定.水道光熱費 ÷ 営業日数 × 経過日数,-,月次予算設定.水道光熱費,既存(V89/V69),197
2次,店長,予実対比,分析画面,,予算_減価償却費,,,,L1,同画面内,-,費用設定.減価償却費 ÷ 営業日数 × 経過日数,-,月次予算設定.減価償却費,既存(V89/V69),198
2次,店長,予実対比,分析画面,,予算_社員人件費,,,,L1,同画面内,-,費用設定.社員人件費 ÷ 営業日数 × 経過日数,-,月次予算設定.社員人件費,既存(V89/V69),199
2次,店長,予実対比,分析画面,,予算_販促費,,,,L1,同画面内,-,費用設定.販促費 ÷ 営業日数 × 経過日数,-,月次予算設定.販促費,既存(V89/V69),200
2次,店長,予実対比,分析画面,,予算_電気代,,,,L1,同画面内,-,費用設定.電気代 ÷ 営業日数 × 経過日数,-,月次予算設定.電気代,既存(V89/V69),201
2次,店長,予実対比（一覧）,一覧表示画面,,その他売上（サービス料等）,,,,L1,同画面内,予算と実績の対比一覧,参照表示,-,[外部]ZTOTAL.service_charge_1,既存(V89/V69),386
2次,店長,予実対比（一覧）,一覧表示画面,,その他売上ランチ,,,,L1,同画面内,予算と実績の対比一覧,参照表示,-,[外部]TITEM.sales_excluded,既存(V89/V69),387
2次,店長,予実対比（一覧）,一覧表示画面,,その他売上ディナー,,,,L1,同画面内,予算と実績の対比一覧,参照表示,-,[外部]TITEM.sales_excluded,既存(V89/V69),388
2次,店長,予実対比（一覧）,一覧表示画面,,割引･値引等,,,,L1,同画面内,予算と実績の対比一覧,参照表示,-,[外部]ZTOTAL.discount,既存(V89/V69),389
2次,店長,予実対比（一覧）,一覧表示画面,,総売上,,,,L1,同画面内,予算と実績の対比一覧,参照表示,-,[外部]ZTOTAL.sales_excluded,既存(V89/V69),390
2次,店長,予実対比（一覧）,一覧表示画面,,フード売上,,,,L1,同画面内,予算と実績の対比一覧,参照表示,-,[外部]TITEM.sales_excluded,既存(V89/V69),391
2次,店長,予実対比（一覧）,一覧表示画面,,フード売上ランチ,,,,L1,同画面内,予算と実績の対比一覧,参照表示,-,[外部]TITEM.sales_excluded,既存(V89/V69),392
2次,店長,予実対比（一覧）,一覧表示画面,,フード売上ディナー,,,,L1,同画面内,予算と実績の対比一覧,参照表示,-,[外部]TITEM.sales_excluded,既存(V89/V69),393
2次,店長,予実対比（一覧）,一覧表示画面,,ドリンク売上,,,,L1,同画面内,予算と実績の対比一覧,参照表示,-,[外部]TITEM.sales_excluded,既存(V89/V69),394
2次,店長,予実対比（一覧）,一覧表示画面,,ドリンク売上ランチ,,,,L1,同画面内,予算と実績の対比一覧,参照表示,-,[外部]TITEM.sales_excluded,既存(V89/V69),395
2次,店長,予実対比（一覧）,一覧表示画面,,ドリンク売上ディナー,,,,L1,同画面内,予算と実績の対比一覧,参照表示,-,[外部]TITEM.sales_excluded,既存(V89/V69),396
2次,店長,予実対比（一覧）,一覧表示画面,,FD仕入,,,,L1,同画面内,予算と実績の対比一覧,参照表示,-,[外部]infomart_transactions.total_tax_excluded,既存(V89/V69),397
2次,店長,予実対比（一覧）,一覧表示画面,,フード仕入,,,,L1,同画面内,予算と実績の対比一覧,参照表示,-,[外部]infomart_transactions.total_tax_excluded,既存(V89/V69),398
2次,店長,予実対比（一覧）,一覧表示画面,,ドリンク仕入,,,,L1,同画面内,予算と実績の対比一覧,参照表示,-,[外部]infomart_transactions.total_tax_excluded,既存(V89/V69),399
2次,店長,予実対比（一覧）,一覧表示画面,,人件費,,,,L1,同画面内,予算と実績の対比一覧,参照表示,-,[外部]head_office_connected_service_labor_costs_logs.labor_costs,既存(V89/V69),400
2次,店長,予実対比（一覧）,一覧表示画面,,固定人件費,,,,L1,同画面内,予算と実績の対比一覧,参照表示,-,[外部]head_office_connected_service_labor_costs_logs.labor_costs,既存(V89/V69),401
2次,店長,予実対比（一覧）,一覧表示画面,,PA人件費,,,,L1,同画面内,予算と実績の対比一覧,参照表示,-,[外部]head_office_employee_working_records.daily_cost,既存(V89/V69),402
2次,店長,予実対比（一覧）,一覧表示画面,,その他経費,,,,L1,同画面内,予算と実績の対比一覧,SUM経費,-,-,既存(V89/V69),404
2次,店長,予実対比（一覧）,一覧表示画面,,地代家賃,,,,L1,同画面内,予算と実績の対比一覧,費目=家賃,-,-,既存(V89/V69),405
2次,店長,予実対比（一覧）,一覧表示画面,,資材費,,,,L1,同画面内,予算と実績の対比一覧,費目=資材費,-,-,既存(V89/V69),406
2次,店長,予算一覧（予算構成）,一覧表示画面,,売上 計,,,,L1,同画面内,予算の構成比を一覧表示,参照表示,-,[外部]ZTOTAL.sales_excluded,既存(V89/V69),408
2次,店長,予算一覧（予算構成）,一覧表示画面,,フード売上 計,,,,L1,同画面内,予算の構成比を一覧表示,参照表示,-,[外部]TITEM.sales_excluded,既存(V89/V69),409
2次,店長,予算一覧（予算構成）,一覧表示画面,,ドリンク売上 計,,,,L1,同画面内,予算の構成比を一覧表示,参照表示,-,[外部]TITEM.sales_excluded,既存(V89/V69),410
2次,店長,予算一覧（予算構成）,一覧表示画面,,その他売上 計（サービス料等）,,,,L1,同画面内,予算の構成比を一覧表示,参照表示,-,[外部]ZTOTAL.service_charge_1,既存(V89/V69),411
2次,店長,予算一覧（予算構成）,一覧表示画面,,FD仕入 計,,,,L1,同画面内,予算の構成比を一覧表示,参照表示,-,[外部]infomart_transactions.total_tax_excluded,既存(V89/V69),413
2次,店長,予算一覧（予算構成）,一覧表示画面,,人件費 計,,,,L1,同画面内,予算の構成比を一覧表示,参照表示,-,[外部]head_office_connected_service_labor_costs_logs.labor_costs,既存(V89/V69),414
2次,店長,予算一覧（予算構成）,一覧表示画面,,その他経費 計,,,,L1,同画面内,予算の構成比を一覧表示,SUM,-,-,既存(V89/V69),415
2次,店長,予算一覧（予算構成）,一覧表示画面,,IT費,,,,L1,同画面内,予算の構成比を一覧表示,費目フィルタ,-,-,既存(V89/V69),416
2次,店長,予算一覧（予算構成）,一覧表示画面,,ガス代,,,,L1,同画面内,予算の構成比を一覧表示,費目フィルタ,-,-,既存(V89/V69),417
2次,店長,予算一覧（予算構成）,一覧表示画面,,サービス費,,,,L1,同画面内,予算の構成比を一覧表示,費目フィルタ,-,-,既存(V89/V69),418
2次,店長,予算一覧（予算構成）,一覧表示画面,,保守修繕費,,,,L1,同画面内,予算の構成比を一覧表示,費目フィルタ,-,-,既存(V89/V69),419
2次,店長,予算一覧（予算構成）,一覧表示画面,,外注費,,,,L1,同画面内,予算の構成比を一覧表示,費目フィルタ,-,-,既存(V89/V69),420
2次,店長,予算一覧（予算構成）,一覧表示画面,,支払手数料,,,,L1,同画面内,予算の構成比を一覧表示,費目フィルタ,-,-,既存(V89/V69),421
2次,店長,予算一覧（予算構成）,一覧表示画面,,水道代,,,,L1,同画面内,予算の構成比を一覧表示,費目フィルタ,-,-,既存(V89/V69),422
2次,店長,予算一覧（予算構成）,一覧表示画面,,消耗品費,,,,L1,同画面内,予算の構成比を一覧表示,費目フィルタ,-,-,既存(V89/V69),423
2次,店長,予算一覧（予算構成）,一覧表示画面,,衛生費,,,,L1,同画面内,予算の構成比を一覧表示,費目フィルタ,-,-,既存(V89/V69),424
2次,店長,予算一覧（予算構成）,一覧表示画面,,調査費,,,,L1,同画面内,予算の構成比を一覧表示,費目フィルタ,-,-,既存(V89/V69),425
2次,店長,予算一覧（予算構成）,一覧表示画面,,諸会費,,,,L1,同画面内,予算の構成比を一覧表示,費目フィルタ,-,-,既存(V89/V69),426
2次,店長,予算一覧（予算構成）,一覧表示画面,,警備料,,,,L1,同画面内,予算の構成比を一覧表示,費目フィルタ,-,-,既存(V89/V69),427
2次,店長,予算一覧（予算構成）,一覧表示画面,,販売促進費,,,,L1,同画面内,予算の構成比を一覧表示,費目フィルタ,-,-,既存(V89/V69),428
2次,店長,予算一覧（予算構成）,一覧表示画面,,販売管理費,,,,L1,同画面内,予算の構成比を一覧表示,費目フィルタ,-,-,既存(V89/V69),429
2次,店長,予算一覧（予算構成）,一覧表示画面,,通信費,,,,L1,同画面内,予算の構成比を一覧表示,費目フィルタ,-,-,既存(V89/V69),430
2次,店長,予算一覧（予算構成）,一覧表示画面,,雑費,,,,L1,同画面内,予算の構成比を一覧表示,費目フィルタ,-,-,既存(V89/V69),431
2次,店長,予算一覧（予算構成）,一覧表示画面,,電気代,,,,L1,同画面内,予算の構成比を一覧表示,費目フィルタ,-,-,既存(V89/V69),432
2次,店長,予算一覧（予算構成）,一覧表示画面,,フード売上ランチ,,,,L1,同画面内,予算の構成比を一覧表示,参照表示,-,[外部]TITEM.sales_excluded,既存(V89/V69),434
2次,店長,予算一覧（予算構成）,一覧表示画面,,フード売上ディナー,,,,L1,同画面内,予算の構成比を一覧表示,参照表示,-,[外部]TITEM.sales_excluded,既存(V89/V69),435
2次,店長,予算一覧（予算構成）,一覧表示画面,,ドリンク売上ランチ,,,,L1,同画面内,予算の構成比を一覧表示,参照表示,-,[外部]TITEM.sales_excluded,既存(V89/V69),436
2次,店長,予算一覧（予算構成）,一覧表示画面,,ドリンク売上ディナー,,,,L1,同画面内,予算の構成比を一覧表示,参照表示,-,[外部]TITEM.sales_excluded,既存(V89/V69),437
2次,店長,予算一覧（予算構成）,一覧表示画面,,フード仕入,,,,L1,同画面内,予算の構成比を一覧表示,参照表示,-,[外部]infomart_transactions.total_tax_excluded,既存(V89/V69),438
2次,店長,予算一覧（予算構成）,一覧表示画面,,ドリンク仕入,,,,L1,同画面内,予算の構成比を一覧表示,参照表示,-,[外部]infomart_transactions.total_tax_excluded,既存(V89/V69),439
2次,店長,予算一覧（予算構成）,一覧表示画面,,固定人件費,,,,L1,同画面内,予算の構成比を一覧表示,参照表示,-,[外部]head_office_connected_service_labor_costs_logs.labor_costs,既存(V89/V69),440
2次,店長,予算一覧（予算構成）,一覧表示画面,,PA人件費,,,,L1,同画面内,予算の構成比を一覧表示,参照表示,-,[外部]head_office_employee_working_records.daily_cost,既存(V89/V69),441
2次,店長,予算一覧（予算構成）,一覧表示画面,,地代家賃,,,,L1,同画面内,予算の構成比を一覧表示,費目=家賃,-,-,既存(V89/V69),443
2次,店長,予算一覧（予算構成）,一覧表示画面,,資材費,,,,L1,同画面内,予算の構成比を一覧表示,費目=資材費,-,-,既存(V89/V69),444
2次,店長,予算一覧（予算構成）,一覧表示画面,,減価償却費,,,,L1,同画面内,予算の構成比を一覧表示,費目=減価償却費,-,-,既存(V89/V69),445
2次,店長,予算一覧（予算構成）,一覧表示画面,,ｸﾚｼﾞｯﾄ手数料,,,,L1,同画面内,予算の構成比を一覧表示,費目フィルタ,-,-,既存(V89/V69),446
2次,店長,予算一覧（予算構成）,一覧表示画面,,メニューコピー,,,,L1,同画面内,予算の構成比を一覧表示,費目フィルタ,-,-,既存(V89/V69),446a
2次,店長,予算一覧（予算構成）,一覧表示画面,,租税公課,,,,L1,同画面内,予算の構成比を一覧表示,費目フィルタ,-,-,既存(V89/V69),446b
2次,店長,予算一覧（予算構成）,一覧表示画面,,接待交際費,,,,L1,同画面内,予算の構成比を一覧表示,費目フィルタ,-,-,既存(V89/V69),446c
2次,店長,予算一覧（予算構成）,一覧表示画面,,旅費交通費,,,,L1,同画面内,予算の構成比を一覧表示,費目フィルタ,-,-,既存(V89/V69),446d
2次,店長,予算一覧（予算構成）,一覧表示画面,,会議費,,,,L1,同画面内,予算の構成比を一覧表示,費目フィルタ,-,-,既存(V89/V69),446e
2次,店長,予算一覧（予算構成）,一覧表示画面,,図書教育費,,,,L1,同画面内,予算の構成比を一覧表示,費目フィルタ,-,-,既存(V89/V69),446f
2次,店長,予算一覧（予算構成）,一覧表示画面,,研修費,,,,L1,同画面内,予算の構成比を一覧表示,費目フィルタ,-,-,既存(V89/V69),446g
2次,店長,予算一覧（予算構成）,一覧表示画面,,業態研究費,,,,L1,同画面内,予算の構成比を一覧表示,費目フィルタ,-,-,既存(V89/V69),446h
2次,店長,予算一覧（予算構成）,一覧表示画面,,採用費,,,,L1,同画面内,予算の構成比を一覧表示,費目フィルタ,-,-,既存(V89/V69),446i
2次,店長,予算一覧（予算設定値）,一覧表示画面,,月次目標利益,,,,L1,同画面内,設定した予算値の一覧表示,マスタ参照,-,月次予算設定.目標月次利益,既存(V89/V69),447
2次,店長,予算一覧（予算設定値）,一覧表示画面,,目標FD仕入費率,,,,L1,同画面内,設定した予算値の一覧表示,マスタ参照,-,[入力]monthly_budgets.food_cost_rate（またはlabor_cost_rate）,既存(V89/V69),448
2次,店長,予算一覧（予算設定値）,一覧表示画面,,目標PA人件費率,,,,L1,同画面内,設定した予算値の一覧表示,マスタ参照,-,[入力]monthly_budgets.food_cost_rate（またはlabor_cost_rate）,既存(V89/V69),449
2次,店長,予算一覧（予算設定値）,一覧表示画面,,目標客単価,,,,L1,同画面内,設定した予算値の一覧表示,マスタ参照,-,月次予算設定.目標客単価（税抜）,既存(V89/V69),450
2次,店長,仕入先分析,分析画面,,仕入れ先,,,,L1,同画面内,仕入先ごとの金額・比率を分析。納品書撮影データを集計,マスタ参照,-,[外部]member_name_partner.client_name,既存(V89/V69),239
2次,店長,仕入先分析,分析画面,,金額（税抜）,,,,L1,同画面内,仕入先ごとの金額・比率を分析。納品書撮影データを集計,SUM仕入先別,-,[外部]infomart_transactions.total_tax_excluded + ラクミーアプリ.納品書撮影.小計（税抜）,既存(V89/V69),240
2次,店長,商品仕入単価,一覧表示画面,,アイテム,,,,L1,同画面内,商品ごとの仕入単価推移を分析,参照表示,-,[外部]detail_list.item_name,既存(V89/V69),451
2次,店長,商品仕入単価,一覧表示画面,,金額（税抜）,,,,L1,同画面内,商品ごとの仕入単価推移を分析,参照表示,-,[外部]detail_list.price,既存(V89/V69),452
2次,店長,商品仕入単価,一覧表示画面,,数量,,,,L1,同画面内,商品ごとの仕入単価推移を分析,参照表示,-,[外部]detail_list.num,既存(V89/V69),453
2次,店長,商品別仕入分析,分析画面,,商品,,,,L1,同画面内,商品ごとの仕入金額・比率を分析,マスタ参照,-,[外部]detail_list.item_name,既存(V89/V69),246
2次,店長,商品別仕入分析,分析画面,,仕入先,,,,L1,同画面内,商品ごとの仕入金額・比率を分析,マスタ参照,-,[外部]member_name_partner.client_name,既存(V89/V69),247
2次,店長,商品別仕入分析,分析画面,,金額（税抜）,,,,L1,同画面内,商品ごとの仕入金額・比率を分析,SUM商品別,-,[外部]detail_list.price,既存(V89/V69),248
2次,店長,商品別売上分析,分析画面,,販売数量,,,,L1,同画面内,-,SUM商品別,-,[外部]TITEM.quantity,既存(V89/V69),252
2次,店長,地代家賃設定,設定入力画面,,地代家賃シミュレーション金額,,,,L1,同画面内,月額売上予算に対する賃料試算結果,"IF(賃料体系=固定賃料) → 固定賃料
IF(変動賃料・合算) → 固定賃料 + 売上×歩合率×売上歩合対象率
IF(変動賃料・最大選択) → MAX(固定賃料, 売上×歩合率×売上歩合対象率)
IF(段階別歩合・合算) → 固定賃料 + Σ段階別歩合額
IF(段階別歩合・最大選択) → MAX(固定賃料, Σ段階別歩合額)
※最低保証額を下回る場合は最低保証額を適用",-,"地代家賃設定.賃料体系, 地代家賃設定.固定賃料, 地代家賃設定.歩合率, 地代家賃設定.最低保証額, 地代家賃設定.月額売上予算（シミュレーション入力）",既存(V89/V69),P21
2次,店長,平均単価推移,分析画面,,仕入商品ラベル,,,,L1,同画面内,仕入商品ラベル別の平均単価推移を表示,ラベルマスタ,-,[外部]detail_list.item_name,既存(V89/V69),257
2次,店長,平均単価推移,分析画面,,仕入金額（税抜）,,,,L1,同画面内,仕入商品ラベル別の平均単価推移を表示,SUM月別,-,[外部]detail_list.price,既存(V89/V69),258
2次,店長,平均単価推移,分析画面,,数量,,,,L1,同画面内,仕入商品ラベル別の平均単価推移を表示,SUM月別,-,[外部]detail_list.num,既存(V89/V69),259
2次,店長,年間予実対比,分析画面,,月次実績_総売上 計,,,,L1,同画面内,-,SUM月次,-,[外部]ZTOTAL.sales_excluded,既存(V89/V69),497
2次,店長,年間予実対比,分析画面,,月次実績_フード売上 計,,,,L1,同画面内,-,SUMフード月次,-,[外部]TITEM.sales_excluded,既存(V89/V69),498
2次,店長,年間予実対比,分析画面,,月次実績_ドリンク売上 計,,,,L1,同画面内,-,SUMドリンク月次,-,[外部]TITEM.sales_excluded,既存(V89/V69),499
2次,店長,年間予実対比,分析画面,,月次実績_その他売上 計,,,,L1,同画面内,-,SUMその他月次,-,[外部]ZTOTAL.service_charge_1,既存(V89/V69),500
2次,店長,年間予実対比,分析画面,,月次実績_FD仕入 計,,,,L1,同画面内,-,SUMFD月次,-,インフォマート（仕入）,既存(V89/V69),502
2次,店長,年間予実対比,分析画面,,月次実績_人件費 計,,,,L1,同画面内,-,SUM月次,-,[外部]head_office_employee_working_records.daily_cost,既存(V89/V69),503
2次,店長,年間予実対比,分析画面,,月次実績_その他経費 計,,,,L1,同画面内,-,SUM経費月次,-,[入力]monthly_costs.value,既存(V89/V69),504
2次,店長,年間予実対比,分析画面,,月次予算_総売上 計,,,,L1,同画面内,-,月次予算,-,月次予算設定.売上（税抜）,既存(V89/V69),506
2次,店長,年間予実対比,分析画面,,月次予算_フード売上 計,,,,L1,同画面内,-,月次予算_総売上 計 × 売上構成比設定.フード構成比,-,月次予算設定.月次フード売上,既存(V89/V69),507
2次,店長,年間予実対比,分析画面,,月次予算_ドリンク売上 計,,,,L1,同画面内,-,月次予算_総売上 計 × 売上構成比設定.ドリンク構成比,-,月次予算設定.月次ドリンク売上,既存(V89/V69),508
2次,店長,年間予実対比,分析画面,,月次予算_その他売上 計,,,,L1,同画面内,-,月次予算_総売上 計 × 売上構成比設定.その他構成比,-,月次予算設定.月次その他売上,既存(V89/V69),509
2次,店長,年間予実対比,分析画面,,月次予算_FD仕入 計,,,,L1,同画面内,-,月次予算設定.売上（税抜） × 月次予算設定.FD仕入比率,-,月次予算設定.月次FD仕入,既存(V89/V69),511
2次,店長,年間予実対比,分析画面,,月次予算_人件費 計,,,,L1,同画面内,-,月次予算設定.売上 × PA人件費率 + 固定人件費予算,-,月次予算設定.月次人件費,既存(V89/V69),512
2次,店長,年間予実対比,分析画面,,月次予算_その他経費 計,,,,L1,同画面内,-,費用設定.その他経費予算合計,-,月次予算設定.月次その他経費,既存(V89/V69),513
2次,店長,年間予実対比（サマリー）,ダッシュボード表示画面,,FD仕入額,,,,L1,同画面内,-,参照表示,-,[外部]infomart_transactions.total_tax_excluded,既存(V89/V69),478
2次,店長,年間予実対比（サマリー）,ダッシュボード表示画面,,人件費額,,,,L1,同画面内,-,参照表示,-,[外部]head_office_connected_service_labor_costs_logs.labor_costs,既存(V89/V69),479
2次,店長,年間予実対比（予実対比）,分析画面,,年間実績_総売上 計,,,,L1,同画面内,-,SUM,-,[外部]ZTOTAL.sales_excluded,既存(V89/V69),262
2次,店長,年間予実対比（予実対比）,分析画面,,年間実績_フード売上 計,,,,L1,同画面内,-,SUMフード,-,[外部]TITEM.sales_excluded,既存(V89/V69),263
2次,店長,年間予実対比（予実対比）,分析画面,,年間実績_ドリンク売上 計,,,,L1,同画面内,-,SUMドリンク,-,[外部]TITEM.sales_excluded,既存(V89/V69),264
2次,店長,年間予実対比（予実対比）,分析画面,,年間実績_その他売上 計,,,,L1,同画面内,-,SUM,-,[外部]ZTOTAL.service_charge_1,既存(V89/V69),265
2次,店長,年間予実対比（予実対比）,分析画面,,年間実績_その他売上ランチ,,,,L1,同画面内,-,SUM(その他かつ時間フィルタ),-,[外部]TITEM.sales_excluded,既存(V89/V69),266
2次,店長,年間予実対比（予実対比）,分析画面,,年間実績_その他売上ディナー,,,,L1,同画面内,-,SUM(その他かつ時間フィルタ),-,[外部]TITEM.sales_excluded,既存(V89/V69),267
2次,店長,年間予実対比（予実対比）,分析画面,,年間実績_FD仕入 計,,,,L1,同画面内,-,SUMFD,-,[外部]infomart_transactions.total_tax_excluded,既存(V89/V69),269
2次,店長,年間予実対比（予実対比）,分析画面,,年間実績_人件費 計,,,,L1,同画面内,-,SUM,-,[外部]head_office_connected_service_labor_costs_logs.labor_costs,既存(V89/V69),270
2次,店長,年間予実対比（予実対比）,分析画面,,年間実績_その他経費 計,,,,L1,同画面内,-,SUM,-,-,既存(V89/V69),271
2次,店長,年間予実対比（予実対比）,分析画面,,年間実績_ラクミー利用料,,,,L1,同画面内,-,費目フィルタ,-,-,既存(V89/V69),272
2次,店長,年間予実対比（予実対比）,分析画面,,年間実績_IT費用,,,,L1,同画面内,-,費目フィルタ,-,-,既存(V89/V69),273
2次,店長,年間予実対比（予実対比）,分析画面,,年間実績_お花代,,,,L1,同画面内,-,費目フィルタ,-,-,既存(V89/V69),274
2次,店長,年間予実対比（予実対比）,分析画面,,年間実績_ガス代,,,,L1,同画面内,-,費目フィルタ,-,-,既存(V89/V69),275
2次,店長,年間予実対比（予実対比）,分析画面,,年間実績_クレジットカード手数料,,,,L1,同画面内,-,費目フィルタ,-,-,既存(V89/V69),276
2次,店長,年間予実対比（予実対比）,分析画面,,年間実績_レジ利用料,,,,L1,同画面内,-,費目フィルタ,-,-,既存(V89/V69),277
2次,店長,年間予実対比（予実対比）,分析画面,,年間実績_借入金返済,,,,L1,同画面内,-,費目フィルタ,-,-,既存(V89/V69),278
2次,店長,年間予実対比（予実対比）,分析画面,,年間実績_家賃（変動分）,,,,L1,同画面内,-,費目フィルタ,-,-,既存(V89/V69),279
2次,店長,年間予実対比（予実対比）,分析画面,,年間実績_水道代,,,,L1,同画面内,-,費目フィルタ,-,-,既存(V89/V69),280
2次,店長,年間予実対比（予実対比）,分析画面,,年間実績_社員人件費,,,,L1,同画面内,-,SUM月給者,-,[外部]head_office_connected_service_labor_costs_logs.labor_costs,既存(V89/V69),281
2次,店長,年間予実対比（予実対比）,分析画面,,年間実績_電気代,,,,L1,同画面内,-,費目フィルタ,-,-,既存(V89/V69),282
2次,店長,年間予実対比（予実対比）,分析画面,,年間実績_フード売上ランチ,,,,L1,同画面内,-,SUM(フードかつ時間フィルタ),-,[外部]TITEM.sales_excluded,既存(V89/V69),284
2次,店長,年間予実対比（予実対比）,分析画面,,年間実績_フード売上ディナー,,,,L1,同画面内,-,SUM(フードかつ時間フィルタ),-,[外部]TITEM.sales_excluded,既存(V89/V69),285
2次,店長,年間予実対比（予実対比）,分析画面,,年間実績_ドリンク売上ランチ,,,,L1,同画面内,-,SUM(ドリンクかつ時間フィルタ),-,[外部]TITEM.sales_excluded,既存(V89/V69),286
2次,店長,年間予実対比（予実対比）,分析画面,,年間実績_ドリンク売上ディナー,,,,L1,同画面内,-,SUM(ドリンクかつ時間フィルタ),-,[外部]TITEM.sales_excluded,既存(V89/V69),287
2次,店長,年間予実対比（予実対比）,分析画面,,年間実績_フード仕入,,,,L1,同画面内,-,SUMフード,-,[外部]infomart_transactions.total_tax_excluded,既存(V89/V69),288
2次,店長,年間予実対比（予実対比）,分析画面,,年間実績_ドリンク仕入,,,,L1,同画面内,-,SUMドリンク,-,[外部]infomart_transactions.total_tax_excluded,既存(V89/V69),289
2次,店長,年間予実対比（予実対比）,分析画面,,年間実績_固定人件費,,,,L1,同画面内,-,SUM月給者,-,[外部]head_office_connected_service_labor_costs_logs.labor_costs,既存(V89/V69),290
2次,店長,年間予実対比（予実対比）,分析画面,,年間実績_PA人件費,,,,L1,同画面内,-,SUM,-,[外部]head_office_employee_working_records.daily_cost,既存(V89/V69),291
2次,店長,年間予実対比（予実対比）,分析画面,,年間実績_地代家賃,,,,L1,同画面内,-,費目=家賃,-,-,既存(V89/V69),293
2次,店長,年間予実対比（予実対比）,分析画面,,年間実績_資材費,,,,L1,同画面内,-,費目=資材費,-,-,既存(V89/V69),294
2次,店長,年間予実対比（予実対比）,分析画面,,年間実績_水道光熱費,,,,L1,同画面内,-,費目=水道光熱費,-,-,既存(V89/V69),295
2次,店長,年間予実対比（予実対比）,分析画面,,年間実績_減価償却費,,,,L1,同画面内,-,費目=減価償却費,-,-,既存(V89/V69),296
2次,店長,年間予実対比（予実対比）,分析画面,,年間実績_販促費,,,,L1,同画面内,-,費目=販促費,-,-,既存(V89/V69),297
2次,店長,年間予実対比（予実対比）,分析画面,,年間予算_総売上 計,,,,L1,同画面内,-,SUM月次予算,-,月次予算設定.年間総売上,既存(V89/V69),551
2次,店長,年間予実対比（予実対比）,分析画面,,年間予算_フード売上 計,,,,L1,同画面内,-,年間予算_総売上 計 × 売上構成比設定.フード構成比,-,月次予算設定.年間フード売上,既存(V89/V69),552
2次,店長,年間予実対比（予実対比）,分析画面,,年間予算_フード売上ランチ,,,,L1,同画面内,-,年間予算_フード売上 計 × 売上構成比設定.ランチ比率,-,月次予算設定.年間フード売上ランチ,既存(V89/V69),553
2次,店長,年間予実対比（予実対比）,分析画面,,年間予算_フード売上ディナー,,,,L1,同画面内,-,年間予算_フード売上 計 × 売上構成比設定.ディナー比率,-,月次予算設定.年間フード売上ディナー,既存(V89/V69),554
2次,店長,年間予実対比（予実対比）,分析画面,,年間予算_ドリンク売上 計,,,,L1,同画面内,-,年間予算_総売上 計 × 売上構成比設定.ドリンク構成比,-,月次予算設定.年間ドリンク売上,既存(V89/V69),555
2次,店長,年間予実対比（予実対比）,分析画面,,年間予算_ドリンク売上ランチ,,,,L1,同画面内,-,年間予算_ドリンク売上 計 × 売上構成比設定.ランチ比率,-,月次予算設定.年間ドリンク売上ランチ,既存(V89/V69),556
2次,店長,年間予実対比（予実対比）,分析画面,,年間予算_ドリンク売上ディナー,,,,L1,同画面内,-,年間予算_ドリンク売上 計 × 売上構成比設定.ディナー比率,-,月次予算設定.年間ドリンク売上ディナー,既存(V89/V69),557
2次,店長,年間予実対比（予実対比）,分析画面,,年間予算_その他売上 計（サービス料等）,,,,L1,同画面内,-,年間予算_総売上 計 × 売上構成比設定.その他構成比,-,月次予算設定.年間その他売上（サービス料等）,既存(V89/V69),558
2次,店長,年間予実対比（予実対比）,分析画面,,年間予算_その他売上ランチ,,,,L1,同画面内,-,年間予算_その他売上 計 × 売上構成比設定.ランチ比率,-,月次予算設定.年間その他売上ランチ,既存(V89/V69),559
2次,店長,年間予実対比（予実対比）,分析画面,,年間予算_その他売上ディナー,,,,L1,同画面内,-,年間予算_その他売上 計 × 売上構成比設定.ディナー比率,-,月次予算設定.年間その他売上ディナー,既存(V89/V69),560
2次,店長,年間予実対比（予実対比）,分析画面,,年間予算_FD仕入 計,,,,L1,同画面内,-,SUM(monthly_budgets.target_sales × monthly_budgets.food_cost_rate) GROUP BY year,-,月次予算設定.年間FD仕入,既存(V89/V69),562
2次,店長,年間予実対比（予実対比）,分析画面,,年間予算_フード仕入,,,,L1,同画面内,-,年間予算_FD仕入 計 × FD構成比設定.フード比率,-,月次予算設定.年間フード仕入,既存(V89/V69),563
2次,店長,年間予実対比（予実対比）,分析画面,,年間予算_ドリンク仕入,,,,L1,同画面内,-,年間予算_FD仕入 計 × FD構成比設定.ドリンク比率,-,月次予算設定.年間ドリンク仕入,既存(V89/V69),564
2次,店長,年間予実対比（予実対比）,分析画面,,年間予算_人件費 計,,,,L1,同画面内,-,SUM(monthly_budgets.target_sales × monthly_budgets.labor_cost_rate + 固定人件費) GROUP BY year,-,月次予算設定.年間人件費,既存(V89/V69),565
2次,店長,年間予実対比（予実対比）,分析画面,,年間予算_PA人件費,,,,L1,同画面内,-,SUM(monthly_budgets.target_sales × monthly_budgets.labor_cost_rate) GROUP BY year,-,月次予算設定.年間PA人件費,既存(V89/V69),567
2次,店長,店舗別サマリー,ダッシュボード表示画面,,売上目標,,,,L1,同画面内,店舗ごとの主要指標サマリー,マスタ参照,-,月次予算設定.売上（税抜）,既存(V89/V69),481
2次,店長,店舗別サマリー,ダッシュボード表示画面,,売上（税抜）,,,,L1,同画面内,店舗ごとの主要指標サマリー,参照表示,-,[外部]ZTOTAL.sales_excluded,既存(V89/V69),484
2次,店長,当月実績,ダッシュボード表示画面,,売上（税抜）,,,,L1,同画面内,当月の営業利益・売上・FD仕入率・人件費率・FL率を表示,参照表示,-,[外部]ZTOTAL.sales_excluded,既存(V89/V69),489
2次,店長,当月実績,ダッシュボード表示画面,,営業利益予算,,,,L1,同画面内,当月の営業利益・売上・FD仕入率・人件費率・FL率を表示,参照表示,-,月次予算設定.目標月次利益,既存(V89/V69),493
2次,店長,当月実績,ダッシュボード表示画面,,売上予算,,,,L1,同画面内,当月の営業利益・売上・FD仕入率・人件費率・FL率を表示,参照表示,-,月次予算設定.売上予算,既存(V89/V69),495
2次,店長,感度分析,分析画面,,客数,,,,L1,同画面内,-,SUM,-,[外部]ZTOTAL.customers,既存(V89/V69),303
2次,店長,感度分析,分析画面,,売上（税抜）,,,,L1,同画面内,-,SUM,-,[外部]ZTOTAL.sales_excluded,既存(V89/V69),304
2次,店長,感度分析,分析画面,,固定費,,,,L1,同画面内,-,SUM,-,-,既存(V89/V69),307
2次,店長,支払種別売上分析,分析画面,,支払方法,,,,L1,同画面内,-,マスタ参照,-,[外部]TTEND.head_office_payment_method_id,既存(V89/V69),308
2次,店長,支払種別売上分析,分析画面,,売上（税込）,,,,L1,同画面内,-,SUM支払別,-,[外部]TTEND.sales,既存(V89/V69),309
2次,店長,支払種別売上分析,分析画面,,クレジットカード合計売上,,,,L1,同画面内,-,SUM(支払種別フィルタ),-,[外部]TTEND.sales,既存(V89/V69),311
2次,店長,支払種別売上分析,分析画面,,QR決済合計売上,,,,L1,同画面内,-,SUM(支払種別フィルタ),-,[外部]TTEND.sales,既存(V89/V69),312
2次,店長,支払種別売上分析,分析画面,,MUGENファミリーカード合計売上,,,,L1,同画面内,-,SUM(支払種別フィルタ),-,[外部]TTEND.sales,既存(V89/V69),313
2次,店長,支払種別売上分析,分析画面,,売掛合計売上,,,,L1,同画面内,-,SUM(支払種別フィルタ),-,[外部]TTEND.sales,既存(V89/V69),314
2次,店長,支払種別売上分析,分析画面,,交通系IC合計売上,,,,L1,同画面内,-,SUM(支払種別フィルタ),-,[外部]TTEND.sales,既存(V89/V69),315
2次,店長,日次レポート,分析画面,,売上（税込）,,,,L1,同画面内,-,日別集計,-,[外部]ZTOTAL.sales,既存(V89/V69),316
2次,店長,日次レポート,分析画面,,売上（税抜）,,,,L1,同画面内,-,日別集計,-,[外部]ZTOTAL.sales_excluded,既存(V89/V69),317
2次,店長,日次レポート,分析画面,,仕入（税込）,,,,L1,同画面内,-,日別集計,-,[外部]trade_total.total,既存(V89/V69),318
2次,店長,日次レポート,分析画面,,仕入（税抜）,,,,L1,同画面内,-,日別集計,-,[外部]infomart_transactions.total_tax_excluded,既存(V89/V69),319
2次,店長,日次レポート,分析画面,,PA人件費,,,,L1,同画面内,-,日別集計,-,[外部]head_office_employee_working_records.daily_cost,既存(V89/V69),320
2次,店長,時間帯別売上分析,分析画面,,ランチ売上（税抜）,,,,L1,同画面内,-,SUM(時間フィルタ),-,[外部]TITEM.sales_excluded,既存(V89/V69),321
2次,店長,時間帯別売上分析,分析画面,,ディナー売上（税抜）,,,,L1,同画面内,-,SUM(時間フィルタ),-,[外部]TITEM.sales_excluded,既存(V89/V69),322
2次,店長,時間帯別売上分析,分析画面,,客数,,,,L1,同画面内,-,SUM時間帯別,-,[外部]ZTOTAL.customers,既存(V89/V69),323
2次,店長,曜日別売上分析,分析画面,,曜日,,,,L1,同画面内,-,曜日抽出,-,[外部]ZTOTAL.date,既存(V89/V69),325
2次,店長,月次レポート,分析画面,,売上（税抜）,,,,L1,同画面内,-,SUM月間,-,[外部]ZTOTAL.sales_excluded,既存(V89/V69),331
2次,店長,月次レポート,分析画面,,対象前月在庫,,,,L1,同画面内,-,マスタ参照,-,-,既存(V89/V69),332
2次,店長,月次レポート,分析画面,,仕入総額,,,,L1,同画面内,-,SUM,-,[外部]infomart_transactions.total_tax_excluded,既存(V89/V69),333
2次,店長,月次レポート,分析画面,,対象月在庫,,,,L1,同画面内,-,マスタ参照,-,-,既存(V89/V69),334
2次,店長,月次レポート,分析画面,,年月,,,,L1,同画面内,-,年月参照,-,-,既存(V89/V69),335
2次,店長,月次レポート,分析画面,,売上（税込）,,,,L1,同画面内,-,SUM月間,-,[外部]ZTOTAL.sales,既存(V89/V69),336
2次,店長,月次レポート,分析画面,,仕入（税抜）,,,,L1,同画面内,-,SUM月間,-,[外部]infomart_transactions.total_tax_excluded,既存(V89/V69),337
2次,店長,月次レポート,分析画面,,仕入（税込）,,,,L1,同画面内,-,SUM月間,-,[外部]trade_total.total,既存(V89/V69),338
2次,店長,月次レポート,分析画面,,PA人件費,,,,L1,同画面内,-,SUM月間,-,[外部]head_office_employee_working_records.daily_cost,既存(V89/V69),339
2次,店長,月次集計,分析画面,,固定費,,,,L1,同画面内,-,SUM,-,-,既存(V89/V69),350
2次,店長,月次集計,分析画面,,売上（税抜）,,,,L1,同画面内,-,SUM,-,[外部]ZTOTAL.sales_excluded,既存(V89/V69),351
2次,店長,月次集計,分析画面,,客数,,,,L1,同画面内,-,SUM,-,[外部]ZTOTAL.customers,既存(V89/V69),352
2次,店長,流入分析,分析画面,,予約客数,,,,L1,同画面内,-,SUM予約,-,-,既存(V89/V69),356
2次,店長,流入分析,分析画面,,総席数,,,,L1,同画面内,-,SUM,-,[外部]ZTOTAL.customers,既存(V89/V69),361
2次,店長,流入分析,分析画面,,総組数,,,,L1,同画面内,-,COUNT伝票,-,[外部]TTOTAL.receipt_no,既存(V89/V69),362
2次,店長,流入分析,分析画面,,客数,,,,L1,同画面内,-,SUM,-,[外部]ZTOTAL.customers,既存(V89/V69),371
2次,店長,費目別仕入分析,分析画面,,金額（税抜）,,,,L1,同画面内,費目ごとの仕入金額を分析,SUM費目別,-,-,既存(V89/V69),373
3次,店長,ABC分析,分析画面,,,販売点数構成比率,,,L2-S,単店舗(画面内),-,商品数÷総数×100,-,ABC分析.販売点数,既存(V89/V69),103
3次,店長,ABC分析,分析画面,,,価格,,,L2-S,単店舗(画面内),-,売上÷数量,-,"ABC分析.売上（税抜）, ABC分析.販売点数",既存(V89/V69),104
3次,店長,FD仕入率トレンド,分析画面,,,直近6ヶ月,,,L2-S,単店舗(画面内),FD仕入率の長期トレンドを表示,6ヶ月推移,-,FD仕入率トレンド.FD仕入率トレンド,既存(V89/V69),106
3次,店長,FD仕入率トレンド,分析画面,,,直近12ヶ月,,,L2-S,単店舗(画面内),FD仕入率の長期トレンドを表示,12ヶ月推移,-,FD仕入率トレンド.FD仕入率トレンド,既存(V89/V69),107
3次,店長,ラベル設定（仕入商品リスト）,設定入力画面,,,AIによる費目生成,,,L2-S,単店舗(画面内),納品書撮影で読み込んだ仕入商品にラベルを紐付け。棚卸時の在庫分類に活用,AI生成,-,-,既存(V89/V69),9
3次,店長,ラベル設定（売上商品リスト）,設定入力画面,,,AIによるラベル生成,,,L2-S,単店舗(画面内),POS連携の売上商品にラベルを設定。売上分析のグルーピングに使用,AI生成,-,-,既存(V89/V69),26
3次,店長,予実対比,分析画面,,,実績_FLコスト 計,,,L2-S,単店舗(画面内),-,実績_FD仕入 計 + 実績_人件費 計,-,"予実対比.実績_FD仕入 計, 予実対比.実績_人件費 計",既存(V89/V69),141
3次,店長,予実対比,分析画面,,,実績_営業利益,,,L2-S,単店舗(画面内),-,実績_総売上 計 - 実績_FLコスト 計 - 実績_その他経費 計,-,"予実対比.実績_総売上 計, 予実対比.実績_FLコスト 計, 予実対比.実績_その他経費 計",既存(V89/V69),166
3次,店長,予実対比,分析画面,,,予算_営業利益,,,L2-S,単店舗(画面内),-,予算_総売上 計 - 予算_FLコスト 計 - 予算_その他経費 計,-,"予実対比.予算_総売上 計, 予実対比.予算_FLコスト 計, 予実対比.予算_その他経費 計",既存(V89/V69),202
3次,店長,予実対比,分析画面,,,予算構成比_総売上 計,,,L2-S,単店舗(画面内),-,予算_総売上 計 ÷ 予算_総売上 計 × 100,-,予実対比.予算_総売上 計,既存(V89/V69),203
3次,店長,予実対比,分析画面,,,予算構成比_フード売上 計,,,L2-S,単店舗(画面内),-,予算_フード売上 計 ÷ 予算_総売上 計 × 100,-,"予実対比.予算_フード売上 計, 予実対比.予算_総売上 計",既存(V89/V69),204
3次,店長,予実対比,分析画面,,,予算構成比_ドリンク売上 計,,,L2-S,単店舗(画面内),-,予算_ドリンク売上 計 ÷ 予算_総売上 計 × 100,-,"予実対比.予算_ドリンク売上 計, 予実対比.予算_総売上 計",既存(V89/V69),205
3次,店長,予実対比,分析画面,,,予算構成比_その他売上 計,,,L2-S,単店舗(画面内),-,予算_その他売上 計 ÷ 予算_総売上 計 × 100,-,"予実対比.予算_その他売上 計, 予実対比.予算_総売上 計",既存(V89/V69),206
3次,店長,予実対比,分析画面,,,予算構成比_FLコスト 計,,,L2-S,単店舗(画面内),-,予算_FLコスト 計 ÷ 予算_総売上 計 × 100,-,"予実対比.予算_FLコスト 計, 予実対比.予算_総売上 計",既存(V89/V69),207
3次,店長,予実対比,分析画面,,,予算構成比_FD仕入 計,,,L2-S,単店舗(画面内),-,予算_FD仕入 計 ÷ 予算_総売上 計 × 100,-,"予実対比.予算_FD仕入 計, 予実対比.予算_総売上 計",既存(V89/V69),208
3次,店長,予実対比,分析画面,,,予算構成比_人件費 計,,,L2-S,単店舗(画面内),-,予算_人件費 計 ÷ 予算_総売上 計 × 100,-,"予実対比.予算_人件費 計, 予実対比.予算_総売上 計",既存(V89/V69),209
3次,店長,予実対比,分析画面,,,予算構成比_その他経費 計,,,L2-S,単店舗(画面内),-,予算_その他経費 計 ÷ 予算_総売上 計 × 100,-,"予実対比.予算_その他経費 計, 予実対比.予算_総売上 計",既存(V89/V69),210
3次,店長,予実対比,分析画面,,,予算構成比_営業利益,,,L2-S,単店舗(画面内),-,予算_営業利益 ÷ 予算_総売上 計 × 100,-,"予実対比.予算_営業利益, 予実対比.予算_総売上 計",既存(V89/V69),211
3次,店長,予実対比,分析画面,,,予実差額_総売上 計,,,L2-S,単店舗(画面内),-,実績_総売上 計 - 予算_総売上 計,-,"予実対比.実績_総売上 計, 予実対比.予算_総売上 計",既存(V89/V69),212
3次,店長,予実対比,分析画面,,,予実差額_フード売上 計,,,L2-S,単店舗(画面内),-,実績_フード売上 計 - 予算_フード売上 計,-,"予実対比.実績_フード売上 計, 予実対比.予算_フード売上 計",既存(V89/V69),213
3次,店長,予実対比,分析画面,,,予実差額_ドリンク売上 計,,,L2-S,単店舗(画面内),-,実績_ドリンク売上 計 - 予算_ドリンク売上 計,-,"予実対比.実績_ドリンク売上 計, 予実対比.予算_ドリンク売上 計",既存(V89/V69),214
3次,店長,予実対比,分析画面,,,予実差額_その他売上 計,,,L2-S,単店舗(画面内),-,実績_その他売上 計 - 予算_その他売上 計,-,"予実対比.実績_その他売上 計, 予実対比.予算_その他売上 計",既存(V89/V69),215
3次,店長,予実対比,分析画面,,,予実差額_FLコスト 計,,,L2-S,単店舗(画面内),-,実績_FLコスト 計 - 予算_FLコスト 計,-,"予実対比.実績_FLコスト 計, 予実対比.予算_FLコスト 計",既存(V89/V69),216
3次,店長,予実対比,分析画面,,,予実差額_FD仕入 計,,,L2-S,単店舗(画面内),-,実績_FD仕入 計 - 予算_FD仕入 計,-,"予実対比.実績_FD仕入 計, 予実対比.予算_FD仕入 計",既存(V89/V69),217
3次,店長,予実対比,分析画面,,,予実差額_人件費 計,,,L2-S,単店舗(画面内),-,実績_人件費 計 - 予算_人件費 計,-,"予実対比.実績_人件費 計, 予実対比.予算_人件費 計",既存(V89/V69),218
3次,店長,予実対比,分析画面,,,予実差額_その他経費 計,,,L2-S,単店舗(画面内),-,実績_その他経費 計 - 予算_その他経費 計,-,"予実対比.実績_その他経費 計, 予実対比.予算_その他経費 計",既存(V89/V69),219
3次,店長,予実対比,分析画面,,,予実差額_営業利益,,,L2-S,単店舗(画面内),-,実績_営業利益 - 予算_営業利益,-,"予実対比.実績_営業利益, 予実対比.予算_営業利益",既存(V89/V69),220
3次,店長,予実対比,分析画面,,,予算対比率_総売上 計,,,L2-S,単店舗(画面内),-,実績_総売上 計 ÷ 予算_総売上 計 × 100,-,"予実対比.実績_総売上 計, 予実対比.予算_総売上 計",既存(V89/V69),221
3次,店長,予実対比,分析画面,,,予算対比率_フード売上 計,,,L2-S,単店舗(画面内),-,実績_フード売上 計 ÷ 予算_フード売上 計 × 100,-,"予実対比.実績_フード売上 計, 予実対比.予算_フード売上 計",既存(V89/V69),222
3次,店長,予実対比,分析画面,,,予算対比率_ドリンク売上 計,,,L2-S,単店舗(画面内),-,実績_ドリンク売上 計 ÷ 予算_ドリンク売上 計 × 100,-,"予実対比.実績_ドリンク売上 計, 予実対比.予算_ドリンク売上 計",既存(V89/V69),223
3次,店長,予実対比,分析画面,,,予算対比率_その他売上 計,,,L2-S,単店舗(画面内),-,実績_その他売上 計 ÷ 予算_その他売上 計 × 100,-,"予実対比.実績_その他売上 計, 予実対比.予算_その他売上 計",既存(V89/V69),224
3次,店長,予実対比,分析画面,,,予算対比率_FLコスト 計,,,L2-S,単店舗(画面内),-,実績_FLコスト 計 ÷ 予算_FLコスト 計 × 100,-,"予実対比.実績_FLコスト 計, 予実対比.予算_FLコスト 計",既存(V89/V69),225
3次,店長,予実対比,分析画面,,,予算対比率_FD仕入 計,,,L2-S,単店舗(画面内),-,実績_FD仕入 計 ÷ 予算_FD仕入 計 × 100,-,"予実対比.実績_FD仕入 計, 予実対比.予算_FD仕入 計",既存(V89/V69),226
3次,店長,予実対比,分析画面,,,予算対比率_人件費 計,,,L2-S,単店舗(画面内),-,実績_人件費 計 ÷ 予算_人件費 計 × 100,-,"予実対比.実績_人件費 計, 予実対比.予算_人件費 計",既存(V89/V69),227
3次,店長,予実対比,分析画面,,,予算対比率_その他経費 計,,,L2-S,単店舗(画面内),-,実績_その他経費 計 ÷ 予算_その他経費 計 × 100,-,"予実対比.実績_その他経費 計, 予実対比.予算_その他経費 計",既存(V89/V69),228
3次,店長,予実対比,分析画面,,,予算対比率_営業利益,,,L2-S,単店舗(画面内),-,実績_営業利益 ÷ 予算_営業利益 × 100,-,"予実対比.実績_営業利益, 予実対比.予算_営業利益",既存(V89/V69),229
3次,店長,予実対比,分析画面,,,構成比_総売上 計,,,L2-S,単店舗(画面内),-,実績_総売上 計 ÷ 実績_総売上 計 × 100,-,予実対比.実績_総売上 計,既存(V89/V69),230
3次,店長,予実対比,分析画面,,,構成比_フード売上 計,,,L2-S,単店舗(画面内),-,実績_フード売上 計 ÷ 実績_総売上 計 × 100,-,"予実対比.実績_フード売上 計, 予実対比.実績_総売上 計",既存(V89/V69),231
3次,店長,予実対比,分析画面,,,構成比_ドリンク売上 計,,,L2-S,単店舗(画面内),-,実績_ドリンク売上 計 ÷ 実績_総売上 計 × 100,-,"予実対比.実績_ドリンク売上 計, 予実対比.実績_総売上 計",既存(V89/V69),232
3次,店長,予実対比,分析画面,,,構成比_その他売上 計,,,L2-S,単店舗(画面内),-,実績_その他売上 計 ÷ 実績_総売上 計 × 100,-,"予実対比.実績_その他売上 計, 予実対比.実績_総売上 計",既存(V89/V69),233
3次,店長,予実対比,分析画面,,,構成比_FLコスト 計,,,L2-S,単店舗(画面内),-,実績_FLコスト 計 ÷ 実績_総売上 計 × 100,-,"予実対比.実績_FLコスト 計, 予実対比.実績_総売上 計",既存(V89/V69),234
3次,店長,予実対比,分析画面,,,構成比_FD仕入 計,,,L2-S,単店舗(画面内),-,実績_FD仕入 計 ÷ 実績_総売上 計 × 100,-,"予実対比.実績_FD仕入 計, 予実対比.実績_総売上 計",既存(V89/V69),235
3次,店長,予実対比,分析画面,,,構成比_人件費 計,,,L2-S,単店舗(画面内),-,実績_人件費 計 ÷ 実績_総売上 計 × 100,-,"予実対比.実績_人件費 計, 予実対比.実績_総売上 計",既存(V89/V69),236
3次,店長,予実対比,分析画面,,,構成比_その他経費 計,,,L2-S,単店舗(画面内),-,実績_その他経費 計 ÷ 実績_総売上 計 × 100,-,"予実対比.実績_その他経費 計, 予実対比.実績_総売上 計",既存(V89/V69),237
3次,店長,予実対比,分析画面,,,構成比_営業利益,,,L2-S,単店舗(画面内),-,実績_営業利益 ÷ 実績_総売上 計 × 100,-,"予実対比.実績_営業利益, 予実対比.実績_総売上 計",既存(V89/V69),238
3次,店長,予実対比（一覧）,一覧表示画面,,,営業利益,,,L2-S,単店舗(画面内),予算と実績の対比一覧,参照表示,-,-,既存(V89/V69),407
3次,店長,予算一覧（予算構成）,一覧表示画面,,,FLコスト 計,,,L2-S,単店舗(画面内),予算の構成比を一覧表示,参照表示,-,-,既存(V89/V69),412
3次,店長,予算一覧（予算構成）,一覧表示画面,,,営業利益,,,L2-S,単店舗(画面内),予算の構成比を一覧表示,参照表示,-,-,既存(V89/V69),433
3次,店長,仕入先分析,分析画面,,,比率,,,L2-S,単店舗(画面内),仕入先ごとの金額・比率を分析。納品書撮影データを集計,仕入先÷総仕入×100,-,-,既存(V89/V69),241
3次,店長,単月費用設定,設定入力画面,,,費目,,,L2-S,単店舗(画面内),単月の費用予算を設定,マスタ参照,-,[マスタ]monthly_cost_items.name,既存(V89/V69),79
3次,店長,商品仕入単価,一覧表示画面,,,単価,,,L2-S,単店舗(画面内),商品ごとの仕入単価推移を分析,参照表示,-,商品仕入単価.数量,既存(V89/V69),454
3次,店長,商品別仕入分析,分析画面,,,比率,,,L2-S,単店舗(画面内),商品ごとの仕入金額・比率を分析,商品÷総仕入×100,-,-,既存(V89/V69),249
3次,店長,商品別売上分析,分析画面,,,商品単価（税抜）,,,L2-S,単店舗(画面内),-,売上÷数量,-,商品別売上分析.販売数量,既存(V89/V69),250
3次,店長,商品別売上分析,分析画面,,,商品単価（税込）,,,L2-S,単店舗(画面内),-,売上÷数量,-,商品別売上分析.販売数量,既存(V89/V69),251
3次,店長,売上経費入力（売上）,実績入力画面,,,店内売上（標準税率）税込,,,L2-S,単店舗(画面内),【ラクミーアプリ】POS未連携店舗向け。売上を手入力しラクミー経営管理に計上,-,-,店内売上税抜,既存(V89/V69),777
3次,店長,売上経費入力（売上）,実績入力画面,,,店外売上（軽減税率）税込,,,L2-S,単店舗(画面内),【ラクミーアプリ】POS未連携店舗向け。売上を手入力しラクミー経営管理に計上,-,-,店外売上税抜,既存(V89/V69),779
3次,店長,小口現金管理,実績入力画面,,,残高,,,L2-S,単店舗(画面内),-,前残高+入金-出金,-,"小口現金管理.入金額, 小口現金管理.出勤額",既存(V89/V69),86
3次,店長,小口現金管理,実績入力画面,,,費目,,,L2-S,単店舗(画面内),-,費目マスタ参照,-,[マスタ]monthly_cost_items.name,既存(V89/V69),90
3次,店長,平均単価推移,分析画面,,,平均単価,,,L2-S,単店舗(画面内),仕入商品ラベル別の平均単価推移を表示,金額÷数量,-,平均単価推移.数量,既存(V89/V69),260
3次,店長,平均単価推移,分析画面,,,平均単価推移,,,L2-S,単店舗(画面内),仕入商品ラベル別の平均単価推移を表示,期間集計トレンド計算,-,平均単価推移.平均単価,既存(V89/V69),261
3次,店長,年間予実対比,分析画面,,,月次実績_FLコスト 計,,,L2-S,単店舗(画面内),-,月次実績_FD仕入 計 + 月次実績_人件費 計,-,"年間予実対比.月次実績_FD仕入 計, 年間予実対比.月次実績_人件費 計",既存(V89/V69),501
3次,店長,年間予実対比,分析画面,,,月次実績_営業利益,,,L2-S,単店舗(画面内),-,月次実績_総売上 計 - 月次実績_FLコスト 計 - 月次実績_その他経費 計,-,"年間予実対比.月次実績_総売上 計, 年間予実対比.月次実績_FLコスト 計, 年間予実対比.月次実績_その他経費 計",既存(V89/V69),505
3次,店長,年間予実対比,分析画面,,,月次予算_FLコスト 計,,,L2-S,単店舗(画面内),-,月次予算_FD仕入 計 + 月次予算_人件費 計,-,"年間予実対比.月次予算_FD仕入 計, 年間予実対比.月次予算_人件費 計",既存(V89/V69),510
3次,店長,年間予実対比,分析画面,,,月次予算_営業利益,,,L2-S,単店舗(画面内),-,月次予算_総売上 計 - 月次予算_FLコスト 計 - 月次予算_その他経費 計,-,"年間予実対比.月次予算_総売上 計, 年間予実対比.月次予算_FLコスト 計, 年間予実対比.月次予算_その他経費 計",既存(V89/V69),514
3次,店長,年間予実対比,分析画面,,,予算構成比_総売上 計,,,L2-S,単店舗(画面内),-,月次予算_総売上 計 ÷ 月次予算_総売上 計 × 100,-,年間予実対比.月次予算_総売上 計,既存(V89/V69),515
3次,店長,年間予実対比,分析画面,,,予算構成比_フード売上 計,,,L2-S,単店舗(画面内),-,月次予算_フード売上 計 ÷ 月次予算_総売上 計 × 100,-,"年間予実対比.月次予算_フード売上 計, 年間予実対比.月次予算_総売上 計",既存(V89/V69),516
3次,店長,年間予実対比,分析画面,,,予算構成比_ドリンク売上 計,,,L2-S,単店舗(画面内),-,月次予算_ドリンク売上 計 ÷ 月次予算_総売上 計 × 100,-,"年間予実対比.月次予算_ドリンク売上 計, 年間予実対比.月次予算_総売上 計",既存(V89/V69),517
3次,店長,年間予実対比,分析画面,,,予算構成比_その他売上 計,,,L2-S,単店舗(画面内),-,月次予算_その他売上 計 ÷ 月次予算_総売上 計 × 100,-,"年間予実対比.月次予算_その他売上 計, 年間予実対比.月次予算_総売上 計",既存(V89/V69),518
3次,店長,年間予実対比,分析画面,,,予算構成比_FLコスト 計,,,L2-S,単店舗(画面内),-,月次予算_FLコスト 計 ÷ 月次予算_総売上 計 × 100,-,"年間予実対比.月次予算_FLコスト 計, 年間予実対比.月次予算_総売上 計",既存(V89/V69),519
3次,店長,年間予実対比,分析画面,,,予算構成比_FD仕入 計,,,L2-S,単店舗(画面内),-,月次予算_FD仕入 計 ÷ 月次予算_総売上 計 × 100,-,"年間予実対比.月次予算_FD仕入 計, 年間予実対比.月次予算_総売上 計",既存(V89/V69),520
3次,店長,年間予実対比,分析画面,,,予算構成比_人件費 計,,,L2-S,単店舗(画面内),-,月次予算_人件費 計 ÷ 月次予算_総売上 計 × 100,-,"年間予実対比.月次予算_人件費 計, 年間予実対比.月次予算_総売上 計",既存(V89/V69),521
3次,店長,年間予実対比,分析画面,,,予算構成比_その他経費 計,,,L2-S,単店舗(画面内),-,月次予算_その他経費 計 ÷ 月次予算_総売上 計 × 100,-,"年間予実対比.月次予算_その他経費 計, 年間予実対比.月次予算_総売上 計",既存(V89/V69),522
3次,店長,年間予実対比,分析画面,,,予算構成比_営業利益,,,L2-S,単店舗(画面内),-,月次予算_営業利益 ÷ 月次予算_総売上 計 × 100,-,"年間予実対比.月次予算_営業利益, 年間予実対比.月次予算_総売上 計",既存(V89/V69),523
3次,店長,年間予実対比,分析画面,,,予実差額_総売上 計,,,L2-S,単店舗(画面内),-,月次実績_総売上 計 - 月次予算_総売上 計,-,"年間予実対比.月次実績_総売上 計, 年間予実対比.月次予算_総売上 計",既存(V89/V69),524
3次,店長,年間予実対比,分析画面,,,予実差額_フード売上 計,,,L2-S,単店舗(画面内),-,月次実績_フード売上 計 - 月次予算_フード売上 計,-,"年間予実対比.月次実績_フード売上 計, 年間予実対比.月次予算_フード売上 計",既存(V89/V69),525
3次,店長,年間予実対比,分析画面,,,予実差額_ドリンク売上 計,,,L2-S,単店舗(画面内),-,月次実績_ドリンク売上 計 - 月次予算_ドリンク売上 計,-,"年間予実対比.月次実績_ドリンク売上 計, 年間予実対比.月次予算_ドリンク売上 計",既存(V89/V69),526
3次,店長,年間予実対比,分析画面,,,予実差額_その他売上 計,,,L2-S,単店舗(画面内),-,月次実績_その他売上 計 - 月次予算_その他売上 計,-,"年間予実対比.月次実績_その他売上 計, 年間予実対比.月次予算_その他売上 計",既存(V89/V69),527
3次,店長,年間予実対比,分析画面,,,予実差額_FLコスト 計,,,L2-S,単店舗(画面内),-,月次実績_FLコスト 計 - 月次予算_FLコスト 計,-,"年間予実対比.月次実績_FLコスト 計, 年間予実対比.月次予算_FLコスト 計",既存(V89/V69),528
3次,店長,年間予実対比,分析画面,,,予実差額_FD仕入 計,,,L2-S,単店舗(画面内),-,月次実績_FD仕入 計 - 月次予算_FD仕入 計,-,"年間予実対比.月次実績_FD仕入 計, 年間予実対比.月次予算_FD仕入 計",既存(V89/V69),529
3次,店長,年間予実対比,分析画面,,,予実差額_人件費 計,,,L2-S,単店舗(画面内),-,月次実績_人件費 計 - 月次予算_人件費 計,-,"年間予実対比.月次実績_人件費 計, 年間予実対比.月次予算_人件費 計",既存(V89/V69),530
3次,店長,年間予実対比,分析画面,,,予実差額_その他経費 計,,,L2-S,単店舗(画面内),-,月次実績_その他経費 計 - 月次予算_その他経費 計,-,"年間予実対比.月次実績_その他経費 計, 年間予実対比.月次予算_その他経費 計",既存(V89/V69),531
3次,店長,年間予実対比,分析画面,,,予実差額_営業利益,,,L2-S,単店舗(画面内),-,月次実績_営業利益 - 月次予算_営業利益,-,"年間予実対比.月次実績_営業利益, 年間予実対比.月次予算_営業利益",既存(V89/V69),532
3次,店長,年間予実対比,分析画面,,,予算対比率_総売上 計,,,L2-S,単店舗(画面内),-,月次実績_総売上 計 ÷ 月次予算_総売上 計 × 100,-,"年間予実対比.月次実績_総売上 計, 年間予実対比.月次予算_総売上 計",既存(V89/V69),533
3次,店長,年間予実対比,分析画面,,,予算対比率_フード売上 計,,,L2-S,単店舗(画面内),-,月次実績_フード売上 計 ÷ 月次予算_フード売上 計 × 100,-,"年間予実対比.月次実績_フード売上 計, 年間予実対比.月次予算_フード売上 計",既存(V89/V69),534
3次,店長,年間予実対比,分析画面,,,予算対比率_ドリンク売上 計,,,L2-S,単店舗(画面内),-,月次実績_ドリンク売上 計 ÷ 月次予算_ドリンク売上 計 × 100,-,"年間予実対比.月次実績_ドリンク売上 計, 年間予実対比.月次予算_ドリンク売上 計",既存(V89/V69),535
3次,店長,年間予実対比,分析画面,,,予算対比率_その他売上 計,,,L2-S,単店舗(画面内),-,月次実績_その他売上 計 ÷ 月次予算_その他売上 計 × 100,-,"年間予実対比.月次実績_その他売上 計, 年間予実対比.月次予算_その他売上 計",既存(V89/V69),536
3次,店長,年間予実対比,分析画面,,,予算対比率_FLコスト 計,,,L2-S,単店舗(画面内),-,月次実績_FLコスト 計 ÷ 月次予算_FLコスト 計 × 100,-,"年間予実対比.月次実績_FLコスト 計, 年間予実対比.月次予算_FLコスト 計",既存(V89/V69),537
3次,店長,年間予実対比,分析画面,,,予算対比率_FD仕入 計,,,L2-S,単店舗(画面内),-,月次実績_FD仕入 計 ÷ 月次予算_FD仕入 計 × 100,-,"年間予実対比.月次実績_FD仕入 計, 年間予実対比.月次予算_FD仕入 計",既存(V89/V69),538
3次,店長,年間予実対比,分析画面,,,予算対比率_人件費 計,,,L2-S,単店舗(画面内),-,月次実績_人件費 計 ÷ 月次予算_人件費 計 × 100,-,"年間予実対比.月次実績_人件費 計, 年間予実対比.月次予算_人件費 計",既存(V89/V69),539
3次,店長,年間予実対比,分析画面,,,予算対比率_その他経費 計,,,L2-S,単店舗(画面内),-,月次実績_その他経費 計 ÷ 月次予算_その他経費 計 × 100,-,"年間予実対比.月次実績_その他経費 計, 年間予実対比.月次予算_その他経費 計",既存(V89/V69),540
3次,店長,年間予実対比,分析画面,,,予算対比率_営業利益,,,L2-S,単店舗(画面内),-,月次実績_営業利益 ÷ 月次予算_営業利益 × 100,-,"年間予実対比.月次実績_営業利益, 年間予実対比.月次予算_営業利益",既存(V89/V69),541
3次,店長,年間予実対比,分析画面,,,構成比_総売上 計,,,L2-S,単店舗(画面内),-,月次実績_総売上 計 ÷ 月次実績_総売上 計 × 100,-,年間予実対比.月次実績_総売上 計,既存(V89/V69),542
3次,店長,年間予実対比,分析画面,,,構成比_フード売上 計,,,L2-S,単店舗(画面内),-,月次実績_フード売上 計 ÷ 月次実績_総売上 計 × 100,-,"年間予実対比.月次実績_フード売上 計, 年間予実対比.月次実績_総売上 計",既存(V89/V69),543
3次,店長,年間予実対比,分析画面,,,構成比_ドリンク売上 計,,,L2-S,単店舗(画面内),-,月次実績_ドリンク売上 計 ÷ 月次実績_総売上 計 × 100,-,"年間予実対比.月次実績_ドリンク売上 計, 年間予実対比.月次実績_総売上 計",既存(V89/V69),544
3次,店長,年間予実対比,分析画面,,,構成比_その他売上 計,,,L2-S,単店舗(画面内),-,月次実績_その他売上 計 ÷ 月次実績_総売上 計 × 100,-,"年間予実対比.月次実績_その他売上 計, 年間予実対比.月次実績_総売上 計",既存(V89/V69),545
3次,店長,年間予実対比,分析画面,,,構成比_FLコスト 計,,,L2-S,単店舗(画面内),-,月次実績_FLコスト 計 ÷ 月次実績_総売上 計 × 100,-,"年間予実対比.月次実績_FLコスト 計, 年間予実対比.月次実績_総売上 計",既存(V89/V69),546
3次,店長,年間予実対比,分析画面,,,構成比_FD仕入 計,,,L2-S,単店舗(画面内),-,月次実績_FD仕入 計 ÷ 月次実績_総売上 計 × 100,-,"年間予実対比.月次実績_FD仕入 計, 年間予実対比.月次実績_総売上 計",既存(V89/V69),547
3次,店長,年間予実対比,分析画面,,,構成比_人件費 計,,,L2-S,単店舗(画面内),-,月次実績_人件費 計 ÷ 月次実績_総売上 計 × 100,-,"年間予実対比.月次実績_人件費 計, 年間予実対比.月次実績_総売上 計",既存(V89/V69),548
3次,店長,年間予実対比,分析画面,,,構成比_その他経費 計,,,L2-S,単店舗(画面内),-,月次実績_その他経費 計 ÷ 月次実績_総売上 計 × 100,-,"年間予実対比.月次実績_その他経費 計, 年間予実対比.月次実績_総売上 計",既存(V89/V69),549
3次,店長,年間予実対比,分析画面,,,構成比_営業利益,,,L2-S,単店舗(画面内),-,月次実績_営業利益 ÷ 月次実績_総売上 計 × 100,-,"年間予実対比.月次実績_営業利益, 年間予実対比.月次実績_総売上 計",既存(V89/V69),550
3次,店長,年間予実対比（予実対比）,分析画面,,,年間実績_FLコスト 計,,,L2-S,単店舗(画面内),-,SUM,-,-,既存(V89/V69),268
3次,店長,年間予実対比（予実対比）,分析画面,,,年間実績_営業利益,,,L2-S,単店舗(画面内),-,売上-FLコスト-経費,-,-,既存(V89/V69),283
3次,店長,年間予実対比（予実対比）,分析画面,,,年間予算_FLコスト 計,,,L2-S,単店舗(画面内),-,年間予算_FD仕入 計 + 年間予算_人件費 計,-,"年間予実対比（予実対比）.年間予算_FD仕入 計, 年間予実対比（予実対比）.年間予算_人件費 計",既存(V89/V69),561
3次,店長,年間予実対比（予実対比）,分析画面,,,年間予算_営業利益,,,L2-S,単店舗(画面内),-,年間予算_総売上 計 - 年間予算_FLコスト 計 - 年間予算_その他経費 計,-,"年間予実対比（予実対比）.年間予算_総売上 計, 年間予実対比（予実対比）.年間予算_FLコスト 計, 年間予実対比（予実対比）.年間予算_その他経費 計",既存(V89/V69),586
3次,店長,年間予実対比（予実対比）,分析画面,,,年間予実差額_総売上 計,,,L2-S,単店舗(画面内),-,年間実績_総売上 計 - 年間予算_総売上 計,-,"年間予実対比（予実対比）.年間実績_総売上 計, 年間予実対比（予実対比）.年間予算_総売上 計",既存(V89/V69),587
3次,店長,年間予実対比（予実対比）,分析画面,,,年間予実差額_フード売上 計,,,L2-S,単店舗(画面内),-,年間実績_フード売上 計 - 年間予算_フード売上 計,-,"年間予実対比（予実対比）.年間実績_フード売上 計, 年間予実対比（予実対比）.年間予算_フード売上 計",既存(V89/V69),588
3次,店長,年間予実対比（予実対比）,分析画面,,,年間予実差額_フード売上ランチ,,,L2-S,単店舗(画面内),-,年間実績_フード売上ランチ - 年間予算_フード売上ランチ,-,"年間予実対比（予実対比）.年間実績_フード売上ランチ, 年間予実対比（予実対比）.年間予算_フード売上ランチ",既存(V89/V69),589
3次,店長,年間予実対比（予実対比）,分析画面,,,年間予実差額_フード売上ディナー,,,L2-S,単店舗(画面内),-,年間実績_フード売上ディナー - 年間予算_フード売上ディナー,-,"年間予実対比（予実対比）.年間実績_フード売上ディナー, 年間予実対比（予実対比）.年間予算_フード売上ディナー",既存(V89/V69),590
3次,店長,年間予実対比（予実対比）,分析画面,,,年間予実差額_ドリンク売上 計,,,L2-S,単店舗(画面内),-,年間実績_ドリンク売上 計 - 年間予算_ドリンク売上 計,-,"年間予実対比（予実対比）.年間実績_ドリンク売上 計, 年間予実対比（予実対比）.年間予算_ドリンク売上 計",既存(V89/V69),591
3次,店長,年間予実対比（予実対比）,分析画面,,,年間予実差額_ドリンク売上ランチ,,,L2-S,単店舗(画面内),-,年間実績_ドリンク売上ランチ - 年間予算_ドリンク売上ランチ,-,"年間予実対比（予実対比）.年間実績_ドリンク売上ランチ, 年間予実対比（予実対比）.年間予算_ドリンク売上ランチ",既存(V89/V69),592
3次,店長,年間予実対比（予実対比）,分析画面,,,年間予実差額_ドリンク売上ディナー,,,L2-S,単店舗(画面内),-,年間実績_ドリンク売上ディナー - 年間予算_ドリンク売上ディナー,-,"年間予実対比（予実対比）.年間実績_ドリンク売上ディナー, 年間予実対比（予実対比）.年間予算_ドリンク売上ディナー",既存(V89/V69),593
3次,店長,年間予実対比（予実対比）,分析画面,,,年間予実差額_その他売上 計,,,L2-S,単店舗(画面内),-,年間実績_その他売上 計 - 年間予算_その他売上 計,-,"年間予実対比（予実対比）.年間実績_その他売上 計, 年間予実対比（予実対比）.年間予算_その他売上 計",既存(V89/V69),594
3次,店長,年間予実対比（予実対比）,分析画面,,,年間予実差額_その他売上ランチ,,,L2-S,単店舗(画面内),-,年間実績_その他売上ランチ - 年間予算_その他売上ランチ,-,"年間予実対比（予実対比）.年間実績_その他売上ランチ, 年間予実対比（予実対比）.年間予算_その他売上ランチ",既存(V89/V69),595
3次,店長,年間予実対比（予実対比）,分析画面,,,年間予実差額_その他売上ディナー,,,L2-S,単店舗(画面内),-,年間実績_その他売上ディナー - 年間予算_その他売上ディナー,-,"年間予実対比（予実対比）.年間実績_その他売上ディナー, 年間予実対比（予実対比）.年間予算_その他売上ディナー",既存(V89/V69),596
3次,店長,年間予実対比（予実対比）,分析画面,,,年間予実差額_FLコスト 計,,,L2-S,単店舗(画面内),-,年間実績_FLコスト 計 - 年間予算_FLコスト 計,-,"年間予実対比（予実対比）.年間実績_FLコスト 計, 年間予実対比（予実対比）.年間予算_FLコスト 計",既存(V89/V69),597
3次,店長,年間予実対比（予実対比）,分析画面,,,年間予実差額_FD仕入 計,,,L2-S,単店舗(画面内),-,年間実績_FD仕入 計 - 年間予算_FD仕入 計,-,"年間予実対比（予実対比）.年間実績_FD仕入 計, 年間予実対比（予実対比）.年間予算_FD仕入 計",既存(V89/V69),598
3次,店長,年間予実対比（予実対比）,分析画面,,,年間予実差額_フード仕入,,,L2-S,単店舗(画面内),-,年間実績_フード仕入 - 年間予算_フード仕入,-,"年間予実対比（予実対比）.年間実績_フード仕入, 年間予実対比（予実対比）.年間予算_フード仕入",既存(V89/V69),599
3次,店長,年間予実対比（予実対比）,分析画面,,,年間予実差額_ドリンク仕入,,,L2-S,単店舗(画面内),-,年間実績_ドリンク仕入 - 年間予算_ドリンク仕入,-,"年間予実対比（予実対比）.年間実績_ドリンク仕入, 年間予実対比（予実対比）.年間予算_ドリンク仕入",既存(V89/V69),600
3次,店長,年間予実対比（予実対比）,分析画面,,,年間予実差額_人件費 計,,,L2-S,単店舗(画面内),-,年間実績_人件費 計 - 年間予算_人件費 計,-,"年間予実対比（予実対比）.年間実績_人件費 計, 年間予実対比（予実対比）.年間予算_人件費 計",既存(V89/V69),601
3次,店長,年間予実対比（予実対比）,分析画面,,,年間予実差額_固定人件費,,,L2-S,単店舗(画面内),-,年間実績_固定人件費 - 年間予算_固定人件費,-,"年間予実対比（予実対比）.年間実績_固定人件費, 年間予実対比（予実対比）.年間予算_固定人件費",既存(V89/V69),602
3次,店長,年間予実対比（予実対比）,分析画面,,,年間予実差額_PA人件費,,,L2-S,単店舗(画面内),-,年間実績_PA人件費 - 年間予算_PA人件費,-,"年間予実対比（予実対比）.年間実績_PA人件費, 年間予実対比（予実対比）.年間予算_PA人件費",既存(V89/V69),603
3次,店長,年間予実対比（予実対比）,分析画面,,,年間予実差額_社員人件費,,,L2-S,単店舗(画面内),-,年間実績_社員人件費 - 年間予算_社員人件費,-,"年間予実対比（予実対比）.年間実績_社員人件費, 年間予実対比（予実対比）.年間予算_社員人件費",既存(V89/V69),604
3次,店長,年間予実対比（予実対比）,分析画面,,,年間予実差額_ヘルプ人件費,,,L2-S,単店舗(画面内),-,年間実績_ヘルプ人件費 - 年間予算_ヘルプ人件費,-,"年間予実対比（予実対比）.年間実績_ヘルプ人件費, 年間予実対比（予実対比）.年間予算_ヘルプ人件費",既存(V89/V69),605
3次,店長,年間予実対比（予実対比）,分析画面,,,年間予実差額_その他経費 計,,,L2-S,単店舗(画面内),-,年間実績_その他経費 計 - 年間予算_その他経費 計,-,"年間予実対比（予実対比）.年間実績_その他経費 計, 年間予実対比（予実対比）.年間予算_その他経費 計",既存(V89/V69),606
3次,店長,年間予実対比（予実対比）,分析画面,,,年間予実差額_地代家賃,,,L2-S,単店舗(画面内),-,年間実績_地代家賃 - 年間予算_地代家賃,-,"年間予実対比（予実対比）.年間実績_地代家賃, 年間予実対比（予実対比）.年間予算_地代家賃",既存(V89/V69),607
3次,店長,年間予実対比（予実対比）,分析画面,,,年間予実差額_家賃（変動分）,,,L2-S,単店舗(画面内),-,年間実績_家賃（変動分） - 年間予算_家賃（変動分）,-,"年間予実対比（予実対比）.年間実績_家賃（変動分）, 年間予実対比（予実対比）.年間予算_家賃（変動分）",既存(V89/V69),608
3次,店長,年間予実対比（予実対比）,分析画面,,,年間予実差額_水道光熱費,,,L2-S,単店舗(画面内),-,年間実績_水道光熱費 - 年間予算_水道光熱費,-,"年間予実対比（予実対比）.年間実績_水道光熱費, 年間予実対比（予実対比）.年間予算_水道光熱費",既存(V89/V69),609
3次,店長,年間予実対比（予実対比）,分析画面,,,年間予実差額_電気代,,,L2-S,単店舗(画面内),-,年間実績_電気代 - 年間予算_電気代,-,"年間予実対比（予実対比）.年間実績_電気代, 年間予実対比（予実対比）.年間予算_電気代",既存(V89/V69),610
3次,店長,年間予実対比（予実対比）,分析画面,,,年間予実差額_ガス代,,,L2-S,単店舗(画面内),-,年間実績_ガス代 - 年間予算_ガス代,-,"年間予実対比（予実対比）.年間実績_ガス代, 年間予実対比（予実対比）.年間予算_ガス代",既存(V89/V69),611
3次,店長,年間予実対比（予実対比）,分析画面,,,年間予実差額_水道代,,,L2-S,単店舗(画面内),-,年間実績_水道代 - 年間予算_水道代,-,"年間予実対比（予実対比）.年間実績_水道代, 年間予実対比（予実対比）.年間予算_水道代",既存(V89/V69),612
3次,店長,年間予実対比（予実対比）,分析画面,,,年間予実差額_減価償却費,,,L2-S,単店舗(画面内),-,年間実績_減価償却費 - 年間予算_減価償却費,-,"年間予実対比（予実対比）.年間実績_減価償却費, 年間予実対比（予実対比）.年間予算_減価償却費",既存(V89/V69),613
3次,店長,年間予実対比（予実対比）,分析画面,,,年間予実差額_販促費,,,L2-S,単店舗(画面内),-,年間実績_販促費 - 年間予算_販促費,-,"年間予実対比（予実対比）.年間実績_販促費, 年間予実対比（予実対比）.年間予算_販促費",既存(V89/V69),614
3次,店長,年間予実対比（予実対比）,分析画面,,,年間予実差額_資材費,,,L2-S,単店舗(画面内),-,年間実績_資材費 - 年間予算_資材費,-,"年間予実対比（予実対比）.年間実績_資材費, 年間予実対比（予実対比）.年間予算_資材費",既存(V89/V69),615
3次,店長,年間予実対比（予実対比）,分析画面,,,年間予実差額_借入金返済,,,L2-S,単店舗(画面内),-,年間実績_借入金返済 - 年間予算_借入金返済,-,"年間予実対比（予実対比）.年間実績_借入金返済, 年間予実対比（予実対比）.年間予算_借入金返済",既存(V89/V69),616
3次,店長,年間予実対比（予実対比）,分析画面,,,年間予実差額_IT費用,,,L2-S,単店舗(画面内),-,年間実績_IT費用 - 年間予算_IT費用,-,"年間予実対比（予実対比）.年間実績_IT費用, 年間予実対比（予実対比）.年間予算_IT費用",既存(V89/V69),617
3次,店長,年間予実対比（予実対比）,分析画面,,,年間予実差額_ラクミー利用料,,,L2-S,単店舗(画面内),-,年間実績_ラクミー利用料 - 年間予算_ラクミー利用料,-,"年間予実対比（予実対比）.年間実績_ラクミー利用料, 年間予実対比（予実対比）.年間予算_ラクミー利用料",既存(V89/V69),618
3次,店長,年間予実対比（予実対比）,分析画面,,,年間予実差額_レジ利用料,,,L2-S,単店舗(画面内),-,年間実績_レジ利用料 - 年間予算_レジ利用料,-,"年間予実対比（予実対比）.年間実績_レジ利用料, 年間予実対比（予実対比）.年間予算_レジ利用料",既存(V89/V69),619
3次,店長,年間予実対比（予実対比）,分析画面,,,年間予実差額_クレジットカード手数料,,,L2-S,単店舗(画面内),-,年間実績_クレジットカード手数料 - 年間予算_クレジットカード手数料,-,"年間予実対比（予実対比）.年間実績_クレジットカード手数料, 年間予実対比（予実対比）.年間予算_クレジットカード手数料",既存(V89/V69),620
3次,店長,年間予実対比（予実対比）,分析画面,,,年間予実差額_お花代,,,L2-S,単店舗(画面内),-,年間実績_お花代 - 年間予算_お花代,-,"年間予実対比（予実対比）.年間実績_お花代, 年間予実対比（予実対比）.年間予算_お花代",既存(V89/V69),621
3次,店長,年間予実対比（予実対比）,分析画面,,,年間予実差額_営業利益,,,L2-S,単店舗(画面内),-,年間実績_営業利益 - 年間予算_営業利益,-,"年間予実対比（予実対比）.年間実績_営業利益, 年間予実対比（予実対比）.年間予算_営業利益",既存(V89/V69),622
3次,店長,年間予実対比（予実対比）,分析画面,,,年間予算対比率_総売上 計,,,L2-S,単店舗(画面内),-,年間実績_総売上 計 ÷ 年間予算_総売上 計 × 100,-,"年間予実対比（予実対比）.年間実績_総売上 計, 年間予実対比（予実対比）.年間予算_総売上 計",既存(V89/V69),623
3次,店長,年間予実対比（予実対比）,分析画面,,,年間予算対比率_フード売上 計,,,L2-S,単店舗(画面内),-,年間実績_フード売上 計 ÷ 年間予算_フード売上 計 × 100,-,"年間予実対比（予実対比）.年間実績_フード売上 計, 年間予実対比（予実対比）.年間予算_フード売上 計",既存(V89/V69),624
3次,店長,年間予実対比（予実対比）,分析画面,,,年間予算対比率_フード売上ランチ,,,L2-S,単店舗(画面内),-,年間実績_フード売上ランチ ÷ 年間予算_フード売上ランチ × 100,-,"年間予実対比（予実対比）.年間実績_フード売上ランチ, 年間予実対比（予実対比）.年間予算_フード売上ランチ",既存(V89/V69),625
3次,店長,年間予実対比（予実対比）,分析画面,,,年間予算対比率_フード売上ディナー,,,L2-S,単店舗(画面内),-,年間実績_フード売上ディナー ÷ 年間予算_フード売上ディナー × 100,-,"年間予実対比（予実対比）.年間実績_フード売上ディナー, 年間予実対比（予実対比）.年間予算_フード売上ディナー",既存(V89/V69),626
3次,店長,年間予実対比（予実対比）,分析画面,,,年間予算対比率_ドリンク売上 計,,,L2-S,単店舗(画面内),-,年間実績_ドリンク売上 計 ÷ 年間予算_ドリンク売上 計 × 100,-,"年間予実対比（予実対比）.年間実績_ドリンク売上 計, 年間予実対比（予実対比）.年間予算_ドリンク売上 計",既存(V89/V69),627
3次,店長,年間予実対比（予実対比）,分析画面,,,年間予算対比率_ドリンク売上ランチ,,,L2-S,単店舗(画面内),-,年間実績_ドリンク売上ランチ ÷ 年間予算_ドリンク売上ランチ × 100,-,"年間予実対比（予実対比）.年間実績_ドリンク売上ランチ, 年間予実対比（予実対比）.年間予算_ドリンク売上ランチ",既存(V89/V69),628
3次,店長,年間予実対比（予実対比）,分析画面,,,年間予算対比率_ドリンク売上ディナー,,,L2-S,単店舗(画面内),-,年間実績_ドリンク売上ディナー ÷ 年間予算_ドリンク売上ディナー × 100,-,"年間予実対比（予実対比）.年間実績_ドリンク売上ディナー, 年間予実対比（予実対比）.年間予算_ドリンク売上ディナー",既存(V89/V69),629
3次,店長,年間予実対比（予実対比）,分析画面,,,年間予算対比率_その他売上 計,,,L2-S,単店舗(画面内),-,年間実績_その他売上 計 ÷ 年間予算_その他売上 計 × 100,-,"年間予実対比（予実対比）.年間実績_その他売上 計, 年間予実対比（予実対比）.年間予算_その他売上 計",既存(V89/V69),630
3次,店長,年間予実対比（予実対比）,分析画面,,,年間予算対比率_その他売上ランチ,,,L2-S,単店舗(画面内),-,年間実績_その他売上ランチ ÷ 年間予算_その他売上ランチ × 100,-,"年間予実対比（予実対比）.年間実績_その他売上ランチ, 年間予実対比（予実対比）.年間予算_その他売上ランチ",既存(V89/V69),631
3次,店長,年間予実対比（予実対比）,分析画面,,,年間予算対比率_その他売上ディナー,,,L2-S,単店舗(画面内),-,年間実績_その他売上ディナー ÷ 年間予算_その他売上ディナー × 100,-,"年間予実対比（予実対比）.年間実績_その他売上ディナー, 年間予実対比（予実対比）.年間予算_その他売上ディナー",既存(V89/V69),632
3次,店長,年間予実対比（予実対比）,分析画面,,,年間予算対比率_FLコスト 計,,,L2-S,単店舗(画面内),-,年間実績_FLコスト 計 ÷ 年間予算_FLコスト 計 × 100,-,"年間予実対比（予実対比）.年間実績_FLコスト 計, 年間予実対比（予実対比）.年間予算_FLコスト 計",既存(V89/V69),633
3次,店長,年間予実対比（予実対比）,分析画面,,,年間予算対比率_FD仕入 計,,,L2-S,単店舗(画面内),-,年間実績_FD仕入 計 ÷ 年間予算_FD仕入 計 × 100,-,"年間予実対比（予実対比）.年間実績_FD仕入 計, 年間予実対比（予実対比）.年間予算_FD仕入 計",既存(V89/V69),634
3次,店長,年間予実対比（予実対比）,分析画面,,,年間予算対比率_フード仕入,,,L2-S,単店舗(画面内),-,年間実績_フード仕入 ÷ 年間予算_フード仕入 × 100,-,"年間予実対比（予実対比）.年間実績_フード仕入, 年間予実対比（予実対比）.年間予算_フード仕入",既存(V89/V69),635
3次,店長,年間予実対比（予実対比）,分析画面,,,年間予算対比率_ドリンク仕入,,,L2-S,単店舗(画面内),-,年間実績_ドリンク仕入 ÷ 年間予算_ドリンク仕入 × 100,-,"年間予実対比（予実対比）.年間実績_ドリンク仕入, 年間予実対比（予実対比）.年間予算_ドリンク仕入",既存(V89/V69),636
3次,店長,年間予実対比（予実対比）,分析画面,,,年間予算対比率_人件費 計,,,L2-S,単店舗(画面内),-,年間実績_人件費 計 ÷ 年間予算_人件費 計 × 100,-,"年間予実対比（予実対比）.年間実績_人件費 計, 年間予実対比（予実対比）.年間予算_人件費 計",既存(V89/V69),637
3次,店長,年間予実対比（予実対比）,分析画面,,,年間予算対比率_固定人件費,,,L2-S,単店舗(画面内),-,年間実績_固定人件費 ÷ 年間予算_固定人件費 × 100,-,"年間予実対比（予実対比）.年間実績_固定人件費, 年間予実対比（予実対比）.年間予算_固定人件費",既存(V89/V69),638
3次,店長,年間予実対比（予実対比）,分析画面,,,年間予算対比率_PA人件費,,,L2-S,単店舗(画面内),-,年間実績_PA人件費 ÷ 年間予算_PA人件費 × 100,-,"年間予実対比（予実対比）.年間実績_PA人件費, 年間予実対比（予実対比）.年間予算_PA人件費",既存(V89/V69),639
3次,店長,年間予実対比（予実対比）,分析画面,,,年間予算対比率_社員人件費,,,L2-S,単店舗(画面内),-,年間実績_社員人件費 ÷ 年間予算_社員人件費 × 100,-,"年間予実対比（予実対比）.年間実績_社員人件費, 年間予実対比（予実対比）.年間予算_社員人件費",既存(V89/V69),640
3次,店長,年間予実対比（予実対比）,分析画面,,,年間予算対比率_ヘルプ人件費,,,L2-S,単店舗(画面内),-,年間実績_ヘルプ人件費 ÷ 年間予算_ヘルプ人件費 × 100,-,"年間予実対比（予実対比）.年間実績_ヘルプ人件費, 年間予実対比（予実対比）.年間予算_ヘルプ人件費",既存(V89/V69),641
3次,店長,年間予実対比（予実対比）,分析画面,,,年間予算対比率_その他経費 計,,,L2-S,単店舗(画面内),-,年間実績_その他経費 計 ÷ 年間予算_その他経費 計 × 100,-,"年間予実対比（予実対比）.年間実績_その他経費 計, 年間予実対比（予実対比）.年間予算_その他経費 計",既存(V89/V69),642
3次,店長,年間予実対比（予実対比）,分析画面,,,年間予算対比率_地代家賃,,,L2-S,単店舗(画面内),-,年間実績_地代家賃 ÷ 年間予算_地代家賃 × 100,-,"年間予実対比（予実対比）.年間実績_地代家賃, 年間予実対比（予実対比）.年間予算_地代家賃",既存(V89/V69),643
3次,店長,年間予実対比（予実対比）,分析画面,,,年間予算対比率_家賃（変動分）,,,L2-S,単店舗(画面内),-,年間実績_家賃（変動分） ÷ 年間予算_家賃（変動分） × 100,-,"年間予実対比（予実対比）.年間実績_家賃（変動分）, 年間予実対比（予実対比）.年間予算_家賃（変動分）",既存(V89/V69),644
3次,店長,年間予実対比（予実対比）,分析画面,,,年間予算対比率_水道光熱費,,,L2-S,単店舗(画面内),-,年間実績_水道光熱費 ÷ 年間予算_水道光熱費 × 100,-,"年間予実対比（予実対比）.年間実績_水道光熱費, 年間予実対比（予実対比）.年間予算_水道光熱費",既存(V89/V69),645
3次,店長,年間予実対比（予実対比）,分析画面,,,年間予算対比率_電気代,,,L2-S,単店舗(画面内),-,年間実績_電気代 ÷ 年間予算_電気代 × 100,-,"年間予実対比（予実対比）.年間実績_電気代, 年間予実対比（予実対比）.年間予算_電気代",既存(V89/V69),646
3次,店長,年間予実対比（予実対比）,分析画面,,,年間予算対比率_ガス代,,,L2-S,単店舗(画面内),-,年間実績_ガス代 ÷ 年間予算_ガス代 × 100,-,"年間予実対比（予実対比）.年間実績_ガス代, 年間予実対比（予実対比）.年間予算_ガス代",既存(V89/V69),647
3次,店長,年間予実対比（予実対比）,分析画面,,,年間予算対比率_水道代,,,L2-S,単店舗(画面内),-,年間実績_水道代 ÷ 年間予算_水道代 × 100,-,"年間予実対比（予実対比）.年間実績_水道代, 年間予実対比（予実対比）.年間予算_水道代",既存(V89/V69),648
3次,店長,年間予実対比（予実対比）,分析画面,,,年間予算対比率_減価償却費,,,L2-S,単店舗(画面内),-,年間実績_減価償却費 ÷ 年間予算_減価償却費 × 100,-,"年間予実対比（予実対比）.年間実績_減価償却費, 年間予実対比（予実対比）.年間予算_減価償却費",既存(V89/V69),649
3次,店長,年間予実対比（予実対比）,分析画面,,,年間予算対比率_販促費,,,L2-S,単店舗(画面内),-,年間実績_販促費 ÷ 年間予算_販促費 × 100,-,"年間予実対比（予実対比）.年間実績_販促費, 年間予実対比（予実対比）.年間予算_販促費",既存(V89/V69),650
3次,店長,年間予実対比（予実対比）,分析画面,,,年間予算対比率_資材費,,,L2-S,単店舗(画面内),-,年間実績_資材費 ÷ 年間予算_資材費 × 100,-,"年間予実対比（予実対比）.年間実績_資材費, 年間予実対比（予実対比）.年間予算_資材費",既存(V89/V69),651
3次,店長,年間予実対比（予実対比）,分析画面,,,年間予算対比率_借入金返済,,,L2-S,単店舗(画面内),-,年間実績_借入金返済 ÷ 年間予算_借入金返済 × 100,-,"年間予実対比（予実対比）.年間実績_借入金返済, 年間予実対比（予実対比）.年間予算_借入金返済",既存(V89/V69),652
3次,店長,年間予実対比（予実対比）,分析画面,,,年間予算対比率_IT費用,,,L2-S,単店舗(画面内),-,年間実績_IT費用 ÷ 年間予算_IT費用 × 100,-,"年間予実対比（予実対比）.年間実績_IT費用, 年間予実対比（予実対比）.年間予算_IT費用",既存(V89/V69),653
3次,店長,年間予実対比（予実対比）,分析画面,,,年間予算対比率_ラクミー利用料,,,L2-S,単店舗(画面内),-,年間実績_ラクミー利用料 ÷ 年間予算_ラクミー利用料 × 100,-,"年間予実対比（予実対比）.年間実績_ラクミー利用料, 年間予実対比（予実対比）.年間予算_ラクミー利用料",既存(V89/V69),654
3次,店長,年間予実対比（予実対比）,分析画面,,,年間予算対比率_レジ利用料,,,L2-S,単店舗(画面内),-,年間実績_レジ利用料 ÷ 年間予算_レジ利用料 × 100,-,"年間予実対比（予実対比）.年間実績_レジ利用料, 年間予実対比（予実対比）.年間予算_レジ利用料",既存(V89/V69),655
3次,店長,年間予実対比（予実対比）,分析画面,,,年間予算対比率_クレジットカード手数料,,,L2-S,単店舗(画面内),-,年間実績_クレジットカード手数料 ÷ 年間予算_クレジットカード手数料 × 100,-,"年間予実対比（予実対比）.年間実績_クレジットカード手数料, 年間予実対比（予実対比）.年間予算_クレジットカード手数料",既存(V89/V69),656
3次,店長,年間予実対比（予実対比）,分析画面,,,年間予算対比率_お花代,,,L2-S,単店舗(画面内),-,年間実績_お花代 ÷ 年間予算_お花代 × 100,-,"年間予実対比（予実対比）.年間実績_お花代, 年間予実対比（予実対比）.年間予算_お花代",既存(V89/V69),657
3次,店長,年間予実対比（予実対比）,分析画面,,,年間予算対比率_営業利益,,,L2-S,単店舗(画面内),-,年間実績_営業利益 ÷ 年間予算_営業利益 × 100,-,"年間予実対比（予実対比）.年間実績_営業利益, 年間予実対比（予実対比）.年間予算_営業利益",既存(V89/V69),658
3次,店長,年間予実対比（予実対比）,分析画面,,,年間予算構成比_総売上 計,,,L2-S,単店舗(画面内),-,年間予算_総売上 計 ÷ 年間予算_総売上 計 × 100,-,"年間予実対比（予実対比）.年間予算_総売上 計, 年間予実対比（予実対比）.年間予算_総売上 計",既存(V89/V69),659
3次,店長,年間予実対比（予実対比）,分析画面,,,年間予算構成比_フード売上 計,,,L2-S,単店舗(画面内),-,年間予算_フード売上 計 ÷ 年間予算_総売上 計 × 100,-,"年間予実対比（予実対比）.年間予算_フード売上 計, 年間予実対比（予実対比）.年間予算_総売上 計",既存(V89/V69),660
3次,店長,年間予実対比（予実対比）,分析画面,,,年間予算構成比_フード売上ランチ,,,L2-S,単店舗(画面内),-,年間予算_フード売上ランチ ÷ 年間予算_総売上 計 × 100,-,"年間予実対比（予実対比）.年間予算_フード売上ランチ, 年間予実対比（予実対比）.年間予算_総売上 計",既存(V89/V69),661
3次,店長,年間予実対比（予実対比）,分析画面,,,年間予算構成比_フード売上ディナー,,,L2-S,単店舗(画面内),-,年間予算_フード売上ディナー ÷ 年間予算_総売上 計 × 100,-,"年間予実対比（予実対比）.年間予算_フード売上ディナー, 年間予実対比（予実対比）.年間予算_総売上 計",既存(V89/V69),662
3次,店長,年間予実対比（予実対比）,分析画面,,,年間予算構成比_ドリンク売上 計,,,L2-S,単店舗(画面内),-,年間予算_ドリンク売上 計 ÷ 年間予算_総売上 計 × 100,-,"年間予実対比（予実対比）.年間予算_ドリンク売上 計, 年間予実対比（予実対比）.年間予算_総売上 計",既存(V89/V69),663
3次,店長,年間予実対比（予実対比）,分析画面,,,年間予算構成比_ドリンク売上ランチ,,,L2-S,単店舗(画面内),-,年間予算_ドリンク売上ランチ ÷ 年間予算_総売上 計 × 100,-,"年間予実対比（予実対比）.年間予算_ドリンク売上ランチ, 年間予実対比（予実対比）.年間予算_総売上 計",既存(V89/V69),664
3次,店長,年間予実対比（予実対比）,分析画面,,,年間予算構成比_ドリンク売上ディナー,,,L2-S,単店舗(画面内),-,年間予算_ドリンク売上ディナー ÷ 年間予算_総売上 計 × 100,-,"年間予実対比（予実対比）.年間予算_ドリンク売上ディナー, 年間予実対比（予実対比）.年間予算_総売上 計",既存(V89/V69),665
3次,店長,年間予実対比（予実対比）,分析画面,,,年間予算構成比_その他売上 計,,,L2-S,単店舗(画面内),-,年間予算_その他売上 計 ÷ 年間予算_総売上 計 × 100,-,"年間予実対比（予実対比）.年間予算_その他売上 計, 年間予実対比（予実対比）.年間予算_総売上 計",既存(V89/V69),666
3次,店長,年間予実対比（予実対比）,分析画面,,,年間予算構成比_その他売上ランチ,,,L2-S,単店舗(画面内),-,年間予算_その他売上ランチ ÷ 年間予算_総売上 計 × 100,-,"年間予実対比（予実対比）.年間予算_その他売上ランチ, 年間予実対比（予実対比）.年間予算_総売上 計",既存(V89/V69),667
3次,店長,年間予実対比（予実対比）,分析画面,,,年間予算構成比_その他売上ディナー,,,L2-S,単店舗(画面内),-,年間予算_その他売上ディナー ÷ 年間予算_総売上 計 × 100,-,"年間予実対比（予実対比）.年間予算_その他売上ディナー, 年間予実対比（予実対比）.年間予算_総売上 計",既存(V89/V69),668
3次,店長,年間予実対比（予実対比）,分析画面,,,年間予算構成比_FLコスト 計,,,L2-S,単店舗(画面内),-,年間予算_FLコスト 計 ÷ 年間予算_総売上 計 × 100,-,"年間予実対比（予実対比）.年間予算_FLコスト 計, 年間予実対比（予実対比）.年間予算_総売上 計",既存(V89/V69),669
3次,店長,年間予実対比（予実対比）,分析画面,,,年間予算構成比_FD仕入 計,,,L2-S,単店舗(画面内),-,年間予算_FD仕入 計 ÷ 年間予算_総売上 計 × 100,-,"年間予実対比（予実対比）.年間予算_FD仕入 計, 年間予実対比（予実対比）.年間予算_総売上 計",既存(V89/V69),670
3次,店長,年間予実対比（予実対比）,分析画面,,,年間予算構成比_フード仕入,,,L2-S,単店舗(画面内),-,年間予算_フード仕入 ÷ 年間予算_総売上 計 × 100,-,"年間予実対比（予実対比）.年間予算_フード仕入, 年間予実対比（予実対比）.年間予算_総売上 計",既存(V89/V69),671
3次,店長,年間予実対比（予実対比）,分析画面,,,年間予算構成比_ドリンク仕入,,,L2-S,単店舗(画面内),-,年間予算_ドリンク仕入 ÷ 年間予算_総売上 計 × 100,-,"年間予実対比（予実対比）.年間予算_ドリンク仕入, 年間予実対比（予実対比）.年間予算_総売上 計",既存(V89/V69),672
3次,店長,年間予実対比（予実対比）,分析画面,,,年間予算構成比_人件費 計,,,L2-S,単店舗(画面内),-,年間予算_人件費 計 ÷ 年間予算_総売上 計 × 100,-,"年間予実対比（予実対比）.年間予算_人件費 計, 年間予実対比（予実対比）.年間予算_総売上 計",既存(V89/V69),673
3次,店長,年間予実対比（予実対比）,分析画面,,,年間予算構成比_固定人件費,,,L2-S,単店舗(画面内),-,年間予算_固定人件費 ÷ 年間予算_総売上 計 × 100,-,"年間予実対比（予実対比）.年間予算_固定人件費, 年間予実対比（予実対比）.年間予算_総売上 計",既存(V89/V69),674
3次,店長,年間予実対比（予実対比）,分析画面,,,年間予算構成比_PA人件費,,,L2-S,単店舗(画面内),-,年間予算_PA人件費 ÷ 年間予算_総売上 計 × 100,-,"年間予実対比（予実対比）.年間予算_PA人件費, 年間予実対比（予実対比）.年間予算_総売上 計",既存(V89/V69),675
3次,店長,年間予実対比（予実対比）,分析画面,,,年間予算構成比_社員人件費,,,L2-S,単店舗(画面内),-,年間予算_社員人件費 ÷ 年間予算_総売上 計 × 100,-,"年間予実対比（予実対比）.年間予算_社員人件費, 年間予実対比（予実対比）.年間予算_総売上 計",既存(V89/V69),676
3次,店長,年間予実対比（予実対比）,分析画面,,,年間予算構成比_ヘルプ人件費,,,L2-S,単店舗(画面内),-,年間予算_ヘルプ人件費 ÷ 年間予算_総売上 計 × 100,-,"年間予実対比（予実対比）.年間予算_ヘルプ人件費, 年間予実対比（予実対比）.年間予算_総売上 計",既存(V89/V69),677
3次,店長,年間予実対比（予実対比）,分析画面,,,年間予算構成比_その他経費 計,,,L2-S,単店舗(画面内),-,年間予算_その他経費 計 ÷ 年間予算_総売上 計 × 100,-,"年間予実対比（予実対比）.年間予算_その他経費 計, 年間予実対比（予実対比）.年間予算_総売上 計",既存(V89/V69),678
3次,店長,年間予実対比（予実対比）,分析画面,,,年間予算構成比_地代家賃,,,L2-S,単店舗(画面内),-,年間予算_地代家賃 ÷ 年間予算_総売上 計 × 100,-,"年間予実対比（予実対比）.年間予算_地代家賃, 年間予実対比（予実対比）.年間予算_総売上 計",既存(V89/V69),679
3次,店長,年間予実対比（予実対比）,分析画面,,,年間予算構成比_家賃（変動分）,,,L2-S,単店舗(画面内),-,年間予算_家賃（変動分） ÷ 年間予算_総売上 計 × 100,-,"年間予実対比（予実対比）.年間予算_家賃（変動分）, 年間予実対比（予実対比）.年間予算_総売上 計",既存(V89/V69),680
3次,店長,年間予実対比（予実対比）,分析画面,,,年間予算構成比_水道光熱費,,,L2-S,単店舗(画面内),-,年間予算_水道光熱費 ÷ 年間予算_総売上 計 × 100,-,"年間予実対比（予実対比）.年間予算_水道光熱費, 年間予実対比（予実対比）.年間予算_総売上 計",既存(V89/V69),681
3次,店長,年間予実対比（予実対比）,分析画面,,,年間予算構成比_電気代,,,L2-S,単店舗(画面内),-,年間予算_電気代 ÷ 年間予算_総売上 計 × 100,-,"年間予実対比（予実対比）.年間予算_電気代, 年間予実対比（予実対比）.年間予算_総売上 計",既存(V89/V69),682
3次,店長,年間予実対比（予実対比）,分析画面,,,年間予算構成比_ガス代,,,L2-S,単店舗(画面内),-,年間予算_ガス代 ÷ 年間予算_総売上 計 × 100,-,"年間予実対比（予実対比）.年間予算_ガス代, 年間予実対比（予実対比）.年間予算_総売上 計",既存(V89/V69),683
3次,店長,年間予実対比（予実対比）,分析画面,,,年間予算構成比_水道代,,,L2-S,単店舗(画面内),-,年間予算_水道代 ÷ 年間予算_総売上 計 × 100,-,"年間予実対比（予実対比）.年間予算_水道代, 年間予実対比（予実対比）.年間予算_総売上 計",既存(V89/V69),684
3次,店長,年間予実対比（予実対比）,分析画面,,,年間予算構成比_減価償却費,,,L2-S,単店舗(画面内),-,年間予算_減価償却費 ÷ 年間予算_総売上 計 × 100,-,"年間予実対比（予実対比）.年間予算_減価償却費, 年間予実対比（予実対比）.年間予算_総売上 計",既存(V89/V69),685
3次,店長,年間予実対比（予実対比）,分析画面,,,年間予算構成比_販促費,,,L2-S,単店舗(画面内),-,年間予算_販促費 ÷ 年間予算_総売上 計 × 100,-,"年間予実対比（予実対比）.年間予算_販促費, 年間予実対比（予実対比）.年間予算_総売上 計",既存(V89/V69),686
3次,店長,年間予実対比（予実対比）,分析画面,,,年間予算構成比_資材費,,,L2-S,単店舗(画面内),-,年間予算_資材費 ÷ 年間予算_総売上 計 × 100,-,"年間予実対比（予実対比）.年間予算_資材費, 年間予実対比（予実対比）.年間予算_総売上 計",既存(V89/V69),687
3次,店長,年間予実対比（予実対比）,分析画面,,,年間予算構成比_借入金返済,,,L2-S,単店舗(画面内),-,年間予算_借入金返済 ÷ 年間予算_総売上 計 × 100,-,"年間予実対比（予実対比）.年間予算_借入金返済, 年間予実対比（予実対比）.年間予算_総売上 計",既存(V89/V69),688
3次,店長,年間予実対比（予実対比）,分析画面,,,年間予算構成比_IT費用,,,L2-S,単店舗(画面内),-,年間予算_IT費用 ÷ 年間予算_総売上 計 × 100,-,"年間予実対比（予実対比）.年間予算_IT費用, 年間予実対比（予実対比）.年間予算_総売上 計",既存(V89/V69),689
3次,店長,年間予実対比（予実対比）,分析画面,,,年間予算構成比_ラクミー利用料,,,L2-S,単店舗(画面内),-,年間予算_ラクミー利用料 ÷ 年間予算_総売上 計 × 100,-,"年間予実対比（予実対比）.年間予算_ラクミー利用料, 年間予実対比（予実対比）.年間予算_総売上 計",既存(V89/V69),690
3次,店長,年間予実対比（予実対比）,分析画面,,,年間予算構成比_レジ利用料,,,L2-S,単店舗(画面内),-,年間予算_レジ利用料 ÷ 年間予算_総売上 計 × 100,-,"年間予実対比（予実対比）.年間予算_レジ利用料, 年間予実対比（予実対比）.年間予算_総売上 計",既存(V89/V69),691
3次,店長,年間予実対比（予実対比）,分析画面,,,年間予算構成比_クレジットカード手数料,,,L2-S,単店舗(画面内),-,年間予算_クレジットカード手数料 ÷ 年間予算_総売上 計 × 100,-,"年間予実対比（予実対比）.年間予算_クレジットカード手数料, 年間予実対比（予実対比）.年間予算_総売上 計",既存(V89/V69),692
3次,店長,年間予実対比（予実対比）,分析画面,,,年間予算構成比_お花代,,,L2-S,単店舗(画面内),-,年間予算_お花代 ÷ 年間予算_総売上 計 × 100,-,"年間予実対比（予実対比）.年間予算_お花代, 年間予実対比（予実対比）.年間予算_総売上 計",既存(V89/V69),693
3次,店長,年間予実対比（予実対比）,分析画面,,,年間予算構成比_営業利益,,,L2-S,単店舗(画面内),-,年間予算_営業利益 ÷ 年間予算_総売上 計 × 100,-,"年間予実対比（予実対比）.年間予算_営業利益, 年間予実対比（予実対比）.年間予算_総売上 計",既存(V89/V69),694
3次,店長,年間予実対比（予実対比）,分析画面,,,年間構成比_総売上 計,,,L2-S,単店舗(画面内),-,年間実績_総売上 計 ÷ 年間実績_総売上 計 × 100,-,"年間予実対比（予実対比）.年間実績_総売上 計, 年間予実対比（予実対比）.年間実績_総売上 計",既存(V89/V69),695
3次,店長,年間予実対比（予実対比）,分析画面,,,年間構成比_フード売上 計,,,L2-S,単店舗(画面内),-,年間実績_フード売上 計 ÷ 年間実績_総売上 計 × 100,-,"年間予実対比（予実対比）.年間実績_フード売上 計, 年間予実対比（予実対比）.年間実績_総売上 計",既存(V89/V69),696
3次,店長,年間予実対比（予実対比）,分析画面,,,年間構成比_フード売上ランチ,,,L2-S,単店舗(画面内),-,年間実績_フード売上ランチ ÷ 年間実績_総売上 計 × 100,-,"年間予実対比（予実対比）.年間実績_フード売上ランチ, 年間予実対比（予実対比）.年間実績_総売上 計",既存(V89/V69),697
3次,店長,年間予実対比（予実対比）,分析画面,,,年間構成比_フード売上ディナー,,,L2-S,単店舗(画面内),-,年間実績_フード売上ディナー ÷ 年間実績_総売上 計 × 100,-,"年間予実対比（予実対比）.年間実績_フード売上ディナー, 年間予実対比（予実対比）.年間実績_総売上 計",既存(V89/V69),698
3次,店長,年間予実対比（予実対比）,分析画面,,,年間構成比_ドリンク売上 計,,,L2-S,単店舗(画面内),-,年間実績_ドリンク売上 計 ÷ 年間実績_総売上 計 × 100,-,"年間予実対比（予実対比）.年間実績_ドリンク売上 計, 年間予実対比（予実対比）.年間実績_総売上 計",既存(V89/V69),699
3次,店長,年間予実対比（予実対比）,分析画面,,,年間構成比_ドリンク売上ランチ,,,L2-S,単店舗(画面内),-,年間実績_ドリンク売上ランチ ÷ 年間実績_総売上 計 × 100,-,"年間予実対比（予実対比）.年間実績_ドリンク売上ランチ, 年間予実対比（予実対比）.年間実績_総売上 計",既存(V89/V69),700
3次,店長,年間予実対比（予実対比）,分析画面,,,年間構成比_ドリンク売上ディナー,,,L2-S,単店舗(画面内),-,年間実績_ドリンク売上ディナー ÷ 年間実績_総売上 計 × 100,-,"年間予実対比（予実対比）.年間実績_ドリンク売上ディナー, 年間予実対比（予実対比）.年間実績_総売上 計",既存(V89/V69),701
3次,店長,年間予実対比（予実対比）,分析画面,,,年間構成比_その他売上 計,,,L2-S,単店舗(画面内),-,年間実績_その他売上 計 ÷ 年間実績_総売上 計 × 100,-,"年間予実対比（予実対比）.年間実績_その他売上 計, 年間予実対比（予実対比）.年間実績_総売上 計",既存(V89/V69),702
3次,店長,年間予実対比（予実対比）,分析画面,,,年間構成比_その他売上ランチ,,,L2-S,単店舗(画面内),-,年間実績_その他売上ランチ ÷ 年間実績_総売上 計 × 100,-,"年間予実対比（予実対比）.年間実績_その他売上ランチ, 年間予実対比（予実対比）.年間実績_総売上 計",既存(V89/V69),703
3次,店長,年間予実対比（予実対比）,分析画面,,,年間構成比_その他売上ディナー,,,L2-S,単店舗(画面内),-,年間実績_その他売上ディナー ÷ 年間実績_総売上 計 × 100,-,"年間予実対比（予実対比）.年間実績_その他売上ディナー, 年間予実対比（予実対比）.年間実績_総売上 計",既存(V89/V69),704
3次,店長,年間予実対比（予実対比）,分析画面,,,年間構成比_FLコスト 計,,,L2-S,単店舗(画面内),-,年間実績_FLコスト 計 ÷ 年間実績_総売上 計 × 100,-,"年間予実対比（予実対比）.年間実績_FLコスト 計, 年間予実対比（予実対比）.年間実績_総売上 計",既存(V89/V69),705
3次,店長,年間予実対比（予実対比）,分析画面,,,年間構成比_FD仕入 計,,,L2-S,単店舗(画面内),-,年間実績_FD仕入 計 ÷ 年間実績_総売上 計 × 100,-,"年間予実対比（予実対比）.年間実績_FD仕入 計, 年間予実対比（予実対比）.年間実績_総売上 計",既存(V89/V69),706
3次,店長,年間予実対比（予実対比）,分析画面,,,年間構成比_フード仕入,,,L2-S,単店舗(画面内),-,年間実績_フード仕入 ÷ 年間実績_総売上 計 × 100,-,"年間予実対比（予実対比）.年間実績_フード仕入, 年間予実対比（予実対比）.年間実績_総売上 計",既存(V89/V69),707
3次,店長,年間予実対比（予実対比）,分析画面,,,年間構成比_ドリンク仕入,,,L2-S,単店舗(画面内),-,年間実績_ドリンク仕入 ÷ 年間実績_総売上 計 × 100,-,"年間予実対比（予実対比）.年間実績_ドリンク仕入, 年間予実対比（予実対比）.年間実績_総売上 計",既存(V89/V69),708
3次,店長,年間予実対比（予実対比）,分析画面,,,年間構成比_人件費 計,,,L2-S,単店舗(画面内),-,年間実績_人件費 計 ÷ 年間実績_総売上 計 × 100,-,"年間予実対比（予実対比）.年間実績_人件費 計, 年間予実対比（予実対比）.年間実績_総売上 計",既存(V89/V69),709
3次,店長,年間予実対比（予実対比）,分析画面,,,年間構成比_固定人件費,,,L2-S,単店舗(画面内),-,年間実績_固定人件費 ÷ 年間実績_総売上 計 × 100,-,"年間予実対比（予実対比）.年間実績_固定人件費, 年間予実対比（予実対比）.年間実績_総売上 計",既存(V89/V69),710
3次,店長,年間予実対比（予実対比）,分析画面,,,年間構成比_PA人件費,,,L2-S,単店舗(画面内),-,年間実績_PA人件費 ÷ 年間実績_総売上 計 × 100,-,"年間予実対比（予実対比）.年間実績_PA人件費, 年間予実対比（予実対比）.年間実績_総売上 計",既存(V89/V69),711
3次,店長,年間予実対比（予実対比）,分析画面,,,年間構成比_社員人件費,,,L2-S,単店舗(画面内),-,年間実績_社員人件費 ÷ 年間実績_総売上 計 × 100,-,"年間予実対比（予実対比）.年間実績_社員人件費, 年間予実対比（予実対比）.年間実績_総売上 計",既存(V89/V69),712
3次,店長,年間予実対比（予実対比）,分析画面,,,年間構成比_ヘルプ人件費,,,L2-S,単店舗(画面内),-,年間実績_ヘルプ人件費 ÷ 年間実績_総売上 計 × 100,-,"年間予実対比（予実対比）.年間実績_ヘルプ人件費, 年間予実対比（予実対比）.年間実績_総売上 計",既存(V89/V69),713
3次,店長,年間予実対比（予実対比）,分析画面,,,年間構成比_その他経費 計,,,L2-S,単店舗(画面内),-,年間実績_その他経費 計 ÷ 年間実績_総売上 計 × 100,-,"年間予実対比（予実対比）.年間実績_その他経費 計, 年間予実対比（予実対比）.年間実績_総売上 計",既存(V89/V69),714
3次,店長,年間予実対比（予実対比）,分析画面,,,年間構成比_地代家賃,,,L2-S,単店舗(画面内),-,年間実績_地代家賃 ÷ 年間実績_総売上 計 × 100,-,"年間予実対比（予実対比）.年間実績_地代家賃, 年間予実対比（予実対比）.年間実績_総売上 計",既存(V89/V69),715
3次,店長,年間予実対比（予実対比）,分析画面,,,年間構成比_家賃（変動分）,,,L2-S,単店舗(画面内),-,年間実績_家賃（変動分） ÷ 年間実績_総売上 計 × 100,-,"年間予実対比（予実対比）.年間実績_家賃（変動分）, 年間予実対比（予実対比）.年間実績_総売上 計",既存(V89/V69),716
3次,店長,年間予実対比（予実対比）,分析画面,,,年間構成比_水道光熱費,,,L2-S,単店舗(画面内),-,年間実績_水道光熱費 ÷ 年間実績_総売上 計 × 100,-,"年間予実対比（予実対比）.年間実績_水道光熱費, 年間予実対比（予実対比）.年間実績_総売上 計",既存(V89/V69),717
3次,店長,年間予実対比（予実対比）,分析画面,,,年間構成比_電気代,,,L2-S,単店舗(画面内),-,年間実績_電気代 ÷ 年間実績_総売上 計 × 100,-,"年間予実対比（予実対比）.年間実績_電気代, 年間予実対比（予実対比）.年間実績_総売上 計",既存(V89/V69),718
3次,店長,年間予実対比（予実対比）,分析画面,,,年間構成比_ガス代,,,L2-S,単店舗(画面内),-,年間実績_ガス代 ÷ 年間実績_総売上 計 × 100,-,"年間予実対比（予実対比）.年間実績_ガス代, 年間予実対比（予実対比）.年間実績_総売上 計",既存(V89/V69),719
3次,店長,年間予実対比（予実対比）,分析画面,,,年間構成比_水道代,,,L2-S,単店舗(画面内),-,年間実績_水道代 ÷ 年間実績_総売上 計 × 100,-,"年間予実対比（予実対比）.年間実績_水道代, 年間予実対比（予実対比）.年間実績_総売上 計",既存(V89/V69),720
3次,店長,年間予実対比（予実対比）,分析画面,,,年間構成比_減価償却費,,,L2-S,単店舗(画面内),-,年間実績_減価償却費 ÷ 年間実績_総売上 計 × 100,-,"年間予実対比（予実対比）.年間実績_減価償却費, 年間予実対比（予実対比）.年間実績_総売上 計",既存(V89/V69),721
3次,店長,年間予実対比（予実対比）,分析画面,,,年間構成比_販促費,,,L2-S,単店舗(画面内),-,年間実績_販促費 ÷ 年間実績_総売上 計 × 100,-,"年間予実対比（予実対比）.年間実績_販促費, 年間予実対比（予実対比）.年間実績_総売上 計",既存(V89/V69),722
3次,店長,年間予実対比（予実対比）,分析画面,,,年間構成比_資材費,,,L2-S,単店舗(画面内),-,年間実績_資材費 ÷ 年間実績_総売上 計 × 100,-,"年間予実対比（予実対比）.年間実績_資材費, 年間予実対比（予実対比）.年間実績_総売上 計",既存(V89/V69),723
3次,店長,年間予実対比（予実対比）,分析画面,,,年間構成比_借入金返済,,,L2-S,単店舗(画面内),-,年間実績_借入金返済 ÷ 年間実績_総売上 計 × 100,-,"年間予実対比（予実対比）.年間実績_借入金返済, 年間予実対比（予実対比）.年間実績_総売上 計",既存(V89/V69),724
3次,店長,年間予実対比（予実対比）,分析画面,,,年間構成比_IT費用,,,L2-S,単店舗(画面内),-,年間実績_IT費用 ÷ 年間実績_総売上 計 × 100,-,"年間予実対比（予実対比）.年間実績_IT費用, 年間予実対比（予実対比）.年間実績_総売上 計",既存(V89/V69),725
3次,店長,年間予実対比（予実対比）,分析画面,,,年間構成比_ラクミー利用料,,,L2-S,単店舗(画面内),-,年間実績_ラクミー利用料 ÷ 年間実績_総売上 計 × 100,-,"年間予実対比（予実対比）.年間実績_ラクミー利用料, 年間予実対比（予実対比）.年間実績_総売上 計",既存(V89/V69),726
3次,店長,年間予実対比（予実対比）,分析画面,,,年間構成比_レジ利用料,,,L2-S,単店舗(画面内),-,年間実績_レジ利用料 ÷ 年間実績_総売上 計 × 100,-,"年間予実対比（予実対比）.年間実績_レジ利用料, 年間予実対比（予実対比）.年間実績_総売上 計",既存(V89/V69),727
3次,店長,年間予実対比（予実対比）,分析画面,,,年間構成比_クレジットカード手数料,,,L2-S,単店舗(画面内),-,年間実績_クレジットカード手数料 ÷ 年間実績_総売上 計 × 100,-,"年間予実対比（予実対比）.年間実績_クレジットカード手数料, 年間予実対比（予実対比）.年間実績_総売上 計",既存(V89/V69),728
3次,店長,年間予実対比（予実対比）,分析画面,,,年間構成比_お花代,,,L2-S,単店舗(画面内),-,年間実績_お花代 ÷ 年間実績_総売上 計 × 100,-,"年間予実対比（予実対比）.年間実績_お花代, 年間予実対比（予実対比）.年間実績_総売上 計",既存(V89/V69),729
3次,店長,年間予実対比（予実対比）,分析画面,,,年間構成比_営業利益,,,L2-S,単店舗(画面内),-,年間実績_営業利益 ÷ 年間実績_総売上 計 × 100,-,"年間予実対比（予実対比）.年間実績_営業利益, 年間予実対比（予実対比）.年間実績_総売上 計",既存(V89/V69),730
3次,店長,店舗別サマリー,ダッシュボード表示画面,,,売上進捗率,,,L2-S,単店舗(画面内),店舗ごとの主要指標サマリー,参照表示,-,"店舗別サマリー.売上（税抜）, 店舗別サマリー.売上目標",既存(V89/V69),485
3次,店長,感度分析,分析画面,,,変動費単価,,,L2-S,単店舗(画面内),-,変動費÷客数,-,"感度分析.変動費, 感度分析.客数",既存(V89/V69),299
3次,店長,月次レポート,分析画面,,,原価（金額）,,,L2-S,単店舗(画面内),-,前月在庫+仕入-当月在庫,-,"月次レポート.対象前月在庫, 月次レポート.仕入総額, 月次レポート.対象月在庫",既存(V89/V69),329
3次,店長,月次予算設定,設定入力画面,,,目標客数,,,L2-S,単店舗(画面内),月次の予算詳細設定,売上（税抜） ÷ 目標客単価,-,-,既存(V89/V69),47
3次,店長,月次予算設定,設定入力画面,,,変動費率,,,L2-S,単店舗(画面内),月次の予算詳細設定,FD仕入比率 + PA人件費率 + 変動費用予算率,-,"月次予算設定.FD仕入比率, 月次予算設定.PA人件費率, 月次予算設定.変動費用予算",既存(V89/V69),48
3次,店長,月次予算設定,設定入力画面,,,変動費単価,,,L2-S,単店舗(画面内),月次の予算詳細設定,目標客単価 × 変動費率,-,"画面内計算, 画面内計算",既存(V89/V69),49
3次,店長,月次予算設定,設定入力画面,,,粗利単価,,,L2-S,単店舗(画面内),月次の予算詳細設定,目標客単価 - 変動費単価,-,"画面内計算, 画面内計算",既存(V89/V69),50
3次,店長,月次予算設定,設定入力画面,,,売上（税抜）,,,L2-S,単店舗(画面内),月次の予算詳細設定,月次予算設定.目標客単価 × 月次予算設定.目標客数,-,-,既存(V89/V69),51
3次,店長,月次予算設定,設定入力画面,,,変動費,,,L2-S,単店舗(画面内),月次の予算詳細設定,売上（税抜） × 変動費率,-,"月次予算設定.売上（税抜）, 画面内計算",既存(V89/V69),52
3次,店長,月次予算設定,設定入力画面,,,粗利率,,,L2-S,単店舗(画面内),月次の予算詳細設定,100 - 変動費率,-,月次予算設定.変動費率,既存(V89/V69),53
3次,店長,月次予算設定,設定入力画面,,,営業利益,,,L2-S,単店舗(画面内),月次の予算詳細設定,粗利 - 固定費用予算,-,"月次予算設定.粗利, 月次予算設定.固定費用予算",既存(V89/V69),55
3次,店長,月次予算設定,設定入力画面,,,粗利,,,L2-S,単店舗(画面内),月次の予算詳細設定,売上（税抜） - 変動費,-,"月次予算設定.売上（税抜）, 月次予算設定.変動費",既存(V89/V69),73b
3次,店長,棚卸,実績入力画面,,,小計,,,L2-S,単店舗(画面内),-,在庫数量×商品単価,-,-,既存(V89/V69),98
3次,店長,棚卸詳細,一覧表示画面,,,実施日,,,L2-S,単店舗(画面内),棚卸結果の詳細。在庫数量・単価・小計の確認,日付,-,-,既存(V89/V69),455
3次,店長,棚卸詳細,一覧表示画面,,,在庫数量,,,L2-S,単店舗(画面内),棚卸結果の詳細。在庫数量・単価・小計の確認,入力値,-,-,既存(V89/V69),457
3次,店長,棚卸詳細,一覧表示画面,,,商品単価,,,L2-S,単店舗(画面内),棚卸結果の詳細。在庫数量・単価・小計の確認,入力値,-,-,既存(V89/V69),458
3次,店長,棚卸詳細,一覧表示画面,,,小計,,,L2-S,単店舗(画面内),棚卸結果の詳細。在庫数量・単価・小計の確認,参照表示,-,-,既存(V89/V69),459
3次,店長,棚卸（ラベル、タブ選択）,実績入力画面,,,AIによる費目生成,,,L2-S,単店舗(画面内),【ラクミーアプリ】ラクミーウェブで設定したラベルで棚卸対象を選択,-,-,AI生成,既存(V89/V69),770
3次,店長,棚卸（数量・単価の編集）,実績入力画面,,,推奨単価（税抜）,,,L2-S,単店舗(画面内),【ラクミーアプリ】在庫数量・単価を入力。推奨単価は直近の納品データから表示,-,-,納品書撮影.納品単価,既存(V89/V69),775
3次,店長,流入分析,分析画面,,,予約客単価,,,L2-S,単店舗(画面内),-,予約売上÷予約客数,-,"流入分析.予約売上, 流入分析.予約客数",既存(V89/V69),357
3次,店長,流入分析,分析画面,,,ウォークイン客単価,,,L2-S,単店舗(画面内),-,WI売上÷WI客数,-,"流入分析.ウォークイン売上, 流入分析.ウォークイン客数, 流入分析.ウォークイン売上, 流入分析.ウォークイン客数",既存(V89/V69),360
3次,店長,流入分析,分析画面,,,回転数,,,L2-S,単店舗(画面内),-,組数÷卓数,-,"流入分析.総組数, 流入分析.総卓数",既存(V89/V69),364
3次,店長,流入分析,分析画面,,,予約客数トレンド,,,L2-S,単店舗(画面内),-,期間集計トレンド計算,-,流入分析.予約客数,既存(V89/V69),367
3次,店長,流入分析,分析画面,,,ウォークイン客数トレンド,,,L2-S,単店舗(画面内),-,期間集計トレンド計算,-,流入分析.ウォークイン客数,既存(V89/V69),368
3次,店長,流入分析,分析画面,,,平均回転数,,,L2-S,単店舗(画面内),-,AVG回転数,-,流入分析.回転数,既存(V89/V69),369
3次,店長,流入分析,分析画面,,,平均テーブル回転数,,,L2-S,単店舗(画面内),-,AVGテーブル回転数,-,流入分析.テーブル回転数,既存(V89/V69),370
3次,店長,発注書一覧,一覧表示画面,,,発注ID,,,L2-S,単店舗(画面内),【ラクミーアプリ】作成した発注書の一覧・ステータス管理,-,-,発注書作成.発注ID,既存(V89/V69),737
3次,店長,発注書一覧,一覧表示画面,,,発注日時,,,L2-S,単店舗(画面内),【ラクミーアプリ】作成した発注書の一覧・ステータス管理,-,-,発注書作成.作成日時,既存(V89/V69),738
3次,店長,発注書一覧,一覧表示画面,,,ステータス,,,L2-S,単店舗(画面内),【ラクミーアプリ】作成した発注書の一覧・ステータス管理,-,-,発注書作成.ステータス,既存(V89/V69),739
3次,店長,発注書一覧,一覧表示画面,,,発注先,,,L2-S,単店舗(画面内),【ラクミーアプリ】作成した発注書の一覧・ステータス管理,-,-,発注書作成.発注先名,既存(V89/V69),740
3次,店長,発注書一覧,一覧表示画面,,,納品希望日,,,L2-S,単店舗(画面内),【ラクミーアプリ】作成した発注書の一覧・ステータス管理,-,-,発注書作成.納品希望日,既存(V89/V69),741
3次,店長,発注書一覧,一覧表示画面,,,発注書画像,,,L2-S,単店舗(画面内),【ラクミーアプリ】作成した発注書の一覧・ステータス管理,-,-,ユーザー撮影,既存(V89/V69),742
3次,店長,納品書一覧,一覧表示画面,,,納品書ID,,,L2-S,単店舗(画面内),【ラクミーアプリ】撮影した納品書の一覧。登録状況を確認,-,-,納品書撮影.納品書ID,既存(V89/V69),752
3次,店長,納品書一覧,一覧表示画面,,,納品日,,,L2-S,単店舗(画面内),【ラクミーアプリ】撮影した納品書の一覧。登録状況を確認,-,-,納品書撮影.納品日,既存(V89/V69),753
3次,店長,納品書一覧,一覧表示画面,,,登録状況,,,L2-S,単店舗(画面内),【ラクミーアプリ】撮影した納品書の一覧。登録状況を確認,-,-,納品書撮影.ステータス,既存(V89/V69),754
3次,店長,納品書一覧,一覧表示画面,,,納品書画像,,,L2-S,単店舗(画面内),【ラクミーアプリ】撮影した納品書の一覧。登録状況を確認,-,-,納品書撮影.納品書画像,既存(V89/V69),755
3次,店長,納品書撮影（登録）,実績入力画面,,,納品書ID,,,L2-S,単店舗(画面内),【ラクミーアプリ】納品書を撮影しAIが読み取り→ラクミーウェブ納品書管理に連携,-,-,AI読込（納品書画像）,既存(V89/V69),743
3次,店長,納品書撮影（登録）,実績入力画面,,,発注者,,,L2-S,単店舗(画面内),【ラクミーアプリ】納品書を撮影しAIが読み取り→ラクミーウェブ納品書管理に連携,-,-,AI読込（納品書画像）,既存(V89/V69),744
3次,店長,納品書撮影（登録）,実績入力画面,,,納品日,,,L2-S,単店舗(画面内),【ラクミーアプリ】納品書を撮影しAIが読み取り→ラクミーウェブ納品書管理に連携,-,-,AI読込（納品書画像）,既存(V89/V69),745
3次,店長,納品書撮影（登録）,実績入力画面,,,注文数,,,L2-S,単店舗(画面内),【ラクミーアプリ】納品書を撮影しAIが読み取り→ラクミーウェブ納品書管理に連携,-,-,AI読込（納品書画像）,既存(V89/V69),746
3次,店長,納品書撮影（登録）,実績入力画面,,,納品数,,,L2-S,単店舗(画面内),【ラクミーアプリ】納品書を撮影しAIが読み取り→ラクミーウェブ納品書管理に連携,-,-,AI読込（納品書画像）,既存(V89/V69),747
3次,店長,納品書撮影（登録）,実績入力画面,,,納品単価,,,L2-S,単店舗(画面内),【ラクミーアプリ】納品書を撮影しAIが読み取り→ラクミーウェブ納品書管理に連携,-,-,AI読込（納品書画像）,既存(V89/V69),748
3次,店長,納品書撮影（登録）,実績入力画面,,,小計（税抜）,,,L2-S,単店舗(画面内),【ラクミーアプリ】納品書を撮影しAIが読み取り→ラクミーウェブ納品書管理に連携,-,-,"納品数, 納品単価",既存(V89/V69),749
3次,店長,納品書撮影（登録）,実績入力画面,,,小計（税込）,,,L2-S,単店舗(画面内),【ラクミーアプリ】納品書を撮影しAIが読み取り→ラクミーウェブ納品書管理に連携,-,-,小計（税抜）,既存(V89/V69),750
3次,店長,納品書撮影（登録）,実績入力画面,,,納品書画像,,,L2-S,単店舗(画面内),【ラクミーアプリ】納品書を撮影しAIが読み取り→ラクミーウェブ納品書管理に連携,-,-,ユーザー撮影,既存(V89/V69),751
3次,店長,納品書管理,一覧表示画面,,,納品書ID,,,L2-S,単店舗(画面内),ラクミーアプリで撮影・AI読込された納品書データの一覧管理。インフォマート連携データも表示,参照表示,-,ラクミーアプリ.納品書撮影（登録）,既存(V89/V69),460
3次,店長,納品書管理,一覧表示画面,,,受付日時,,,L2-S,単店舗(画面内),ラクミーアプリで撮影・AI読込された納品書データの一覧管理。インフォマート連携データも表示,参照表示,-,ラクミーアプリ.納品書撮影（登録）,既存(V89/V69),461
3次,店長,納品書管理,一覧表示画面,,,納品日,,,L2-S,単店舗(画面内),ラクミーアプリで撮影・AI読込された納品書データの一覧管理。インフォマート連携データも表示,参照表示,-,ラクミーアプリ.納品書撮影（登録）,既存(V89/V69),462
3次,店長,納品書管理,一覧表示画面,,,処理ステータス,,,L2-S,単店舗(画面内),ラクミーアプリで撮影・AI読込された納品書データの一覧管理。インフォマート連携データも表示,参照表示,-,ラクミーアプリ.納品書撮影（登録）,既存(V89/V69),464
3次,店長,納品書管理,一覧表示画面,,,発注先,,,L2-S,単店舗(画面内),ラクミーアプリで撮影・AI読込された納品書データの一覧管理。インフォマート連携データも表示,参照表示,-,ラクミーアプリ.納品書撮影（登録）,既存(V89/V69),465
3次,店長,納品書詳細,一覧表示画面,,,納品書ID,,,L2-S,単店舗(画面内),AI読込された納品書の詳細。商品・数量・単価の確認・修正,参照表示,-,ラクミーアプリ.納品書撮影（登録）,既存(V89/V69),466
3次,店長,納品書詳細,一覧表示画面,,,発注者,,,L2-S,単店舗(画面内),AI読込された納品書の詳細。商品・数量・単価の確認・修正,参照表示,-,ラクミーアプリ.納品書撮影（登録）,既存(V89/V69),467
3次,店長,納品書詳細,一覧表示画面,,,受注者,,,L2-S,単店舗(画面内),AI読込された納品書の詳細。商品・数量・単価の確認・修正,参照表示,-,ラクミーアプリ.納品書撮影（登録）,既存(V89/V69),468
3次,店長,納品書詳細,一覧表示画面,,,処理ステータス,,,L2-S,単店舗(画面内),AI読込された納品書の詳細。商品・数量・単価の確認・修正,参照表示,-,ラクミーアプリ.納品書撮影（登録）,既存(V89/V69),469
3次,店長,納品書詳細,一覧表示画面,,,納品日,,,L2-S,単店舗(画面内),AI読込された納品書の詳細。商品・数量・単価の確認・修正,参照表示,-,ラクミーアプリ.納品書撮影（登録）,既存(V89/V69),470
3次,店長,費目別仕入分析,分析画面,,,比率,,,L2-S,単店舗(画面内),費目ごとの仕入金額を分析,費目÷総仕入×100,-,-,既存(V89/V69),374
3次,店長,集計（仕入）税抜,分析画面,,,仕入率（％）,,,L2-S,単店舗(画面内),【ラクミーアプリ】仕入率の集計表示（税抜）,-,-,"仕入額, 売上総額",既存(V89/V69),789
3次,店長,集計（仕入）税込,分析画面,,,仕入率（％）,,,L2-S,単店舗(画面内),【ラクミーアプリ】仕入率の集計表示（税込）,-,-,"仕入額税込, 売上総額税込",既存(V89/V69),797
3次,店長,集計（売上）税抜,分析画面,,,売上総額,,,L2-S,単店舗(画面内),【ラクミーアプリ】売上経費入力で登録した売上の集計表示（税抜）,-,-,売上経費入力.店内売上+店外売上,既存(V89/V69),782
3次,店長,集計（売上）税抜,分析画面,,,標準税率（額）,,,L2-S,単店舗(画面内),【ラクミーアプリ】売上経費入力で登録した売上の集計表示（税抜）,-,-,売上経費入力.店内売上税抜,既存(V89/V69),783
3次,店長,集計（売上）税抜,分析画面,,,軽減税率（額）,,,L2-S,単店舗(画面内),【ラクミーアプリ】売上経費入力で登録した売上の集計表示（税抜）,-,-,売上経費入力.店外売上税抜,既存(V89/V69),784
3次,店長,集計（売上）税抜,分析画面,,,客数,,,L2-S,単店舗(画面内),【ラクミーアプリ】売上経費入力で登録した売上の集計表示（税抜）,-,-,売上経費入力.客数,既存(V89/V69),785
3次,店長,集計（売上）税込,分析画面,,,売上総額,,,L2-S,単店舗(画面内),【ラクミーアプリ】売上経費入力で登録した売上の集計表示（税込）,-,-,店内売上税込+店外売上税込,既存(V89/V69),790
3次,店長,集計（売上）税込,分析画面,,,標準税率（額）,,,L2-S,単店舗(画面内),【ラクミーアプリ】売上経費入力で登録した売上の集計表示（税込）,-,-,店内売上税込,既存(V89/V69),791
3次,店長,集計（売上）税込,分析画面,,,軽減税率（額）,,,L2-S,単店舗(画面内),【ラクミーアプリ】売上経費入力で登録した売上の集計表示（税込）,-,-,店外売上税込,既存(V89/V69),792
3次,店長,集計（売上）税込,分析画面,,,客数,,,L2-S,単店舗(画面内),【ラクミーアプリ】売上経費入力で登録した売上の集計表示（税込）,-,-,売上経費入力.客数,既存(V89/V69),793
3次,店長,集計（費用）税抜,分析画面,,,費用総額,,,L2-S,単店舗(画面内),【ラクミーアプリ】売上経費入力で登録した費用の集計表示（税抜）,-,-,"仕入額, 人件費",既存(V89/V69),786
3次,店長,集計（費用）税抜,分析画面,,,仕入額,,,L2-S,単店舗(画面内),【ラクミーアプリ】売上経費入力で登録した費用の集計表示（税抜）,-,-,納品書撮影.小計（税抜）,既存(V89/V69),787
3次,店長,集計（費用）税抜,分析画面,,,人件費,,,L2-S,単店舗(画面内),【ラクミーアプリ】売上経費入力で登録した費用の集計表示（税抜）,-,-,売上経費入力.人件費,既存(V89/V69),788
3次,店長,集計（費用）税込,分析画面,,,費用総額,,,L2-S,単店舗(画面内),【ラクミーアプリ】売上経費入力で登録した費用の集計表示（税込）,-,-,"仕入額税込, 人件費",既存(V89/V69),794
3次,店長,集計（費用）税込,分析画面,,,仕入額,,,L2-S,単店舗(画面内),【ラクミーアプリ】売上経費入力で登録した費用の集計表示（税込）,-,-,小計（税込）,既存(V89/V69),795
3次,店長,集計（費用）税込,分析画面,,,人件費,,,L2-S,単店舗(画面内),【ラクミーアプリ】売上経費入力で登録した費用の集計表示（税込）,-,-,売上経費入力.人件費,既存(V89/V69),796
4次,店長,ABC分析,分析画面,,,,売上構成比率,,L3-S,単店舗(画面間),-,商品÷総売上×100,-,"ABC分析.売上（税抜）, 当月実績.売上（税抜）",既存(V89/V69),101
4次,店長,FD仕入率トレンド,分析画面,,,,FD仕入率トレンド,,L3-S,単店舗(画面間),FD仕入率の長期トレンドを表示,仕入÷売上×100推移,-,"予実対比.FD仕入, 当月実績.売上（税抜）",既存(V89/V69),105
4次,店長,FD仕入率トレンド,分析画面,,,,フード仕入比率,,L3-S,単店舗(画面間),FD仕入率の長期トレンドを表示,フード仕入÷フード売上×100,-,"予実対比.フード仕入, 予実対比.フード売上",既存(V89/V69),108
4次,店長,FD仕入率トレンド,分析画面,,,,ドリンク仕入比率,,L3-S,単店舗(画面間),FD仕入率の長期トレンドを表示,ドリンク仕入÷ドリンク売上×100,-,"予実対比.ドリンク仕入, 予実対比.ドリンク売上",既存(V89/V69),109
4次,店長,FD分析（仕入率/原価率）,分析画面,,,,フード仕入率,,L3-S,単店舗(画面間),フード・ドリンクの仕入率・原価率を分析。棚卸データを使用,フード仕入÷フード売上×100,-,"予実対比.フード仕入, 予実対比.フード売上",既存(V89/V69),110
4次,店長,FD分析（仕入率/原価率）,分析画面,,,,フード原価率,,L3-S,単店舗(画面間),フード・ドリンクの仕入率・原価率を分析。棚卸データを使用,フード原価÷フード売上×100,-,予実対比.フード売上,既存(V89/V69),111
4次,店長,FD分析（仕入率/原価率）,分析画面,,,,ドリンク仕入率,,L3-S,単店舗(画面間),フード・ドリンクの仕入率・原価率を分析。棚卸データを使用,ドリンク仕入÷ドリンク売上×100,-,"予実対比.ドリンク仕入, 予実対比.ドリンク売上",既存(V89/V69),115
4次,店長,FD分析（仕入率/原価率）,分析画面,,,,ドリンク原価率,,L3-S,単店舗(画面間),フード・ドリンクの仕入率・原価率を分析。棚卸データを使用,ドリンク原価÷ドリンク売上×100,-,予実対比.ドリンク売上,既存(V89/V69),116
4次,店長,FD分析（仕入率/原価率）,分析画面,,,,FD仕入率,,L3-S,単店舗(画面間),フード・ドリンクの仕入率・原価率を分析。棚卸データを使用,仕入÷売上×100,-,"予実対比.FD仕入, 当月実績.売上（税抜）",既存(V89/V69),120
4次,店長,FD分析（仕入率/原価率）,分析画面,,,,FD原価率,,L3-S,単店舗(画面間),フード・ドリンクの仕入率・原価率を分析。棚卸データを使用,原価÷売上×100,-,当月実績.売上（税抜）,既存(V89/V69),121
4次,店長,FD分析（売上構成比）,分析画面,,,,FD売上構成比,,L3-S,単店舗(画面間),フード・ドリンクの売上構成比を分析,FD÷総売上×100,-,"予実対比.フード売上, 予実対比.ドリンク売上, 予実対比.総売上",既存(V89/V69),128
4次,店長,主要KPI指標,ダッシュボード表示画面,,,,坪月商,,L3-S,単店舗(画面間),坪月商・営業利益率・家賃比率・ROIを一覧表示,参照表示,-,当月実績.売上（税抜）,既存(V89/V69),471
4次,店長,主要KPI指標,ダッシュボード表示画面,,,,営業利益率,,L3-S,単店舗(画面間),坪月商・営業利益率・家賃比率・ROIを一覧表示,参照表示,-,"当月実績.営業利益, 当月実績.売上（税抜）, 予実対比.FD仕入, 予実対比.人件費",既存(V89/V69),472
4次,店長,主要KPI指標,ダッシュボード表示画面,,,,家賃比率,,L3-S,単店舗(画面間),坪月商・営業利益率・家賃比率・ROIを一覧表示,参照表示,-,当月実績.売上（税抜）,既存(V89/V69),473
4次,店長,主要KPI指標,ダッシュボード表示画面,,,,ROI,,L3-S,単店舗(画面間),坪月商・営業利益率・家賃比率・ROIを一覧表示,参照表示,-,当月実績.営業利益,既存(V89/V69),474
4次,店長,予実対比（一覧）,一覧表示画面,,,,ヘルプ人件費,,L3-S,単店舗(画面間),予算と実績の対比一覧,参照表示,-,[外部]勤怠連携（KOT/ジョブカン）.ヘルプ人件費,既存(V89/V69),403
4次,店長,予算一覧（予算構成）,一覧表示画面,,,,ヘルプ人件費,,L3-S,単店舗(画面間),予算の構成比を一覧表示,参照表示,-,月次予算設定.ヘルプ人件費予算,既存(V89/V69),442
4次,店長,利益進捗分析,分析画面,,,,利益進捗率,,L3-S,単店舗(画面間),-,営業利益累計÷目標利益×100,-,月次予算設定.目標月次利益,既存(V89/V69),242
4次,店長,利益進捗分析,分析画面,,,,利益進捗率比較（前月）,,L3-S,単店舗(画面間),-,営業利益÷目標利益×100(前月比),-,"利益進捗分析.利益進捗率（当月）, 利益進捗分析.利益進捗率（前月/前々月）",既存(V89/V69),243
4次,店長,利益進捗分析,分析画面,,,,利益進捗率比較（前々月）,,L3-S,単店舗(画面間),-,営業利益÷目標利益×100(前々月比),-,"利益進捗分析.利益進捗率（当月）, 利益進捗分析.利益進捗率（前月/前々月）",既存(V89/V69),244
4次,店長,利益進捗分析,分析画面,,,,利益達成率,,L3-S,単店舗(画面間),-,営業利益÷目標利益×100,-,月次予算設定.目標月次利益,既存(V89/V69),245
4次,店長,売上進捗分析,分析画面,,,,売上進捗率,,L3-S,単店舗(画面間),-,売上累計÷目標×100,-,月次予算設定.売上（税抜）,既存(V89/V69),253
4次,店長,売上進捗分析,分析画面,,,,売上進捗率比較（前月）,,L3-S,単店舗(画面間),-,売上÷目標(前月比),-,"売上進捗分析.売上進捗率（当月）, 売上進捗分析.売上進捗率（前月/前々月）",既存(V89/V69),254
4次,店長,売上進捗分析,分析画面,,,,売上進捗率比較（前々月）,,L3-S,単店舗(画面間),-,売上÷目標(前々月比),-,"売上進捗分析.売上進捗率（当月）, 売上進捗分析.売上進捗率（前月/前々月）",既存(V89/V69),255
4次,店長,売上進捗分析,分析画面,,,,売上達成率,,L3-S,単店舗(画面間),-,売上÷目標×100,-,月次予算設定.売上（税抜）,既存(V89/V69),256
4次,店長,年間予実対比（サマリー）,ダッシュボード表示画面,,,,客単価（ランチ）,,L3-S,単店舗(画面間),-,参照表示,-,"時間帯別売上分析.ランチ売上（税抜）, 時間帯別売上分析.客数",既存(V89/V69),475
4次,店長,年間予実対比（サマリー）,ダッシュボード表示画面,,,,客単価（ディナー）,,L3-S,単店舗(画面間),-,参照表示,-,"時間帯別売上分析.ディナー売上（税抜）, 時間帯別売上分析.客数",既存(V89/V69),476
4次,店長,年間予実対比（サマリー）,ダッシュボード表示画面,,,,営業利益,,L3-S,単店舗(画面間),-,参照表示,-,"当月実績.売上（税抜）, 予実対比.FD仕入, 予実対比.人件費",既存(V89/V69),477
4次,店長,年間予実対比（サマリー）,ダッシュボード表示画面,,,,客単価,,L3-S,単店舗(画面間),-,参照表示,-,"当月実績.売上（税抜）, 感度分析.客数",既存(V89/V69),480
4次,店長,年間予実対比（予実対比）,分析画面,,,,年間実績_ヘルプ人件費,,L3-S,単店舗(画面間),-,help_costs-help_costs_minus,-,[外部]勤怠連携（KOT/ジョブカン）.ヘルプ人件費,既存(V89/V69),292
4次,店長,年間予実対比（予実対比）,分析画面,,,,年間予算_固定人件費,,L3-S,単店舗(画面間),-,SUM(費用設定.固定人件費予算) GROUP BY year,-,月次予算設定.年間固定人件費,既存(V89/V69),566
4次,店長,年間予実対比（予実対比）,分析画面,,,,年間予算_社員人件費,,L3-S,単店舗(画面間),-,SUM(費用設定.社員人件費予算) GROUP BY year,-,月次予算設定.年間社員人件費,既存(V89/V69),568
4次,店長,年間予実対比（予実対比）,分析画面,,,,年間予算_ヘルプ人件費,,L3-S,単店舗(画面間),-,SUM(費用設定.ヘルプ人件費予算) GROUP BY year,-,月次予算設定.年間ヘルプ人件費,既存(V89/V69),569
4次,店長,年間予実対比（予実対比）,分析画面,,,,年間予算_その他経費 計,,L3-S,単店舗(画面間),-,SUM(費用設定.その他経費予算) GROUP BY year,-,月次予算設定.年間その他経費,既存(V89/V69),570
4次,店長,年間予実対比（予実対比）,分析画面,,,,年間予算_地代家賃,,L3-S,単店舗(画面間),-,SUM(費用設定.地代家賃予算) GROUP BY year,-,月次予算設定.年間地代家賃,既存(V89/V69),571
4次,店長,年間予実対比（予実対比）,分析画面,,,,年間予算_家賃（変動分）,,L3-S,単店舗(画面間),-,SUM(費用設定.家賃（変動分）予算) GROUP BY year,-,月次予算設定.年間家賃（変動分）,既存(V89/V69),572
4次,店長,年間予実対比（予実対比）,分析画面,,,,年間予算_水道光熱費,,L3-S,単店舗(画面間),-,SUM(費用設定.水道光熱費予算) GROUP BY year,-,月次予算設定.年間水道光熱費,既存(V89/V69),573
4次,店長,年間予実対比（予実対比）,分析画面,,,,年間予算_電気代,,L3-S,単店舗(画面間),-,SUM(費用設定.電気代予算) GROUP BY year,-,月次予算設定.年間電気代,既存(V89/V69),574
4次,店長,年間予実対比（予実対比）,分析画面,,,,年間予算_ガス代,,L3-S,単店舗(画面間),-,SUM(費用設定.ガス代予算) GROUP BY year,-,月次予算設定.年間ガス代,既存(V89/V69),575
4次,店長,年間予実対比（予実対比）,分析画面,,,,年間予算_水道代,,L3-S,単店舗(画面間),-,SUM(費用設定.水道代予算) GROUP BY year,-,月次予算設定.年間水道代,既存(V89/V69),576
4次,店長,年間予実対比（予実対比）,分析画面,,,,年間予算_減価償却費,,L3-S,単店舗(画面間),-,SUM(費用設定.減価償却費予算) GROUP BY year,-,月次予算設定.年間減価償却費,既存(V89/V69),577
4次,店長,年間予実対比（予実対比）,分析画面,,,,年間予算_販促費,,L3-S,単店舗(画面間),-,SUM(費用設定.販促費予算) GROUP BY year,-,月次予算設定.年間販促費,既存(V89/V69),578
4次,店長,年間予実対比（予実対比）,分析画面,,,,年間予算_資材費,,L3-S,単店舗(画面間),-,SUM(費用設定.資材費予算) GROUP BY year,-,月次予算設定.年間資材費,既存(V89/V69),579
4次,店長,年間予実対比（予実対比）,分析画面,,,,年間予算_借入金返済,,L3-S,単店舗(画面間),-,SUM(費用設定.借入金返済予算) GROUP BY year,-,月次予算設定.年間借入金返済,既存(V89/V69),580
4次,店長,年間予実対比（予実対比）,分析画面,,,,年間予算_IT費用,,L3-S,単店舗(画面間),-,SUM(費用設定.IT費用予算) GROUP BY year,-,月次予算設定.年間IT費用,既存(V89/V69),581
4次,店長,年間予実対比（予実対比）,分析画面,,,,年間予算_ラクミー利用料,,L3-S,単店舗(画面間),-,SUM(費用設定.ラクミー利用料予算) GROUP BY year,-,月次予算設定.年間ラクミー利用料,既存(V89/V69),582
4次,店長,年間予実対比（予実対比）,分析画面,,,,年間予算_レジ利用料,,L3-S,単店舗(画面間),-,SUM(費用設定.レジ利用料予算) GROUP BY year,-,月次予算設定.年間レジ利用料,既存(V89/V69),583
4次,店長,年間予実対比（予実対比）,分析画面,,,,年間予算_クレジットカード手数料,,L3-S,単店舗(画面間),-,SUM(費用設定.クレジットカード手数料予算) GROUP BY year,-,月次予算設定.年間クレジットカード手数料,既存(V89/V69),584
4次,店長,年間予実対比（予実対比）,分析画面,,,,年間予算_お花代,,L3-S,単店舗(画面間),-,SUM(費用設定.お花代予算) GROUP BY year,-,月次予算設定.年間お花代,既存(V89/V69),585
4次,店長,店舗別サマリー,ダッシュボード表示画面,,,,売上達成率,,L3-S,単店舗(画面間),店舗ごとの主要指標サマリー,参照表示,-,店舗別サマリー.売上（税抜）,既存(V89/V69),482
4次,店長,店舗別サマリー,ダッシュボード表示画面,,,,営業利益,,L3-S,単店舗(画面間),店舗ごとの主要指標サマリー,参照表示,-,"店舗別サマリー.売上（税抜）, 予実対比.FD仕入, 予実対比.人件費",既存(V89/V69),483
4次,店長,店舗別サマリー,ダッシュボード表示画面,,,,FD仕入率,,L3-S,単店舗(画面間),店舗ごとの主要指標サマリー,参照表示,-,"予実対比.FD仕入, 店舗別サマリー.売上（税抜）",既存(V89/V69),486
4次,店長,店舗別サマリー,ダッシュボード表示画面,,,,人件費率,,L3-S,単店舗(画面間),店舗ごとの主要指標サマリー,参照表示,-,"予実対比.人件費, 店舗別サマリー.売上（税抜）",既存(V89/V69),487
4次,店長,当月実績,ダッシュボード表示画面,,,,営業利益,,L3-S,単店舗(画面間),当月の営業利益・売上・FD仕入率・人件費率・FL率を表示,参照表示,-,"当月実績.売上（税抜）, 予実対比.FD仕入, 予実対比.人件費",既存(V89/V69),488
4次,店長,当月実績,ダッシュボード表示画面,,,,FD仕入率,,L3-S,単店舗(画面間),当月の営業利益・売上・FD仕入率・人件費率・FL率を表示,参照表示,-,"予実対比.FD仕入, 当月実績.売上（税抜）",既存(V89/V69),490
4次,店長,当月実績,ダッシュボード表示画面,,,,人件費率,,L3-S,単店舗(画面間),当月の営業利益・売上・FD仕入率・人件費率・FL率を表示,参照表示,-,"予実対比.人件費, 当月実績.売上（税抜）",既存(V89/V69),491
4次,店長,当月実績,ダッシュボード表示画面,,,,FL率,,L3-S,単店舗(画面間),当月の営業利益・売上・FD仕入率・人件費率・FL率を表示,参照表示,-,"予実対比.FD仕入, 予実対比.人件費, 当月実績.売上（税抜）",既存(V89/V69),492
4次,店長,当月実績,ダッシュボード表示画面,,,,営業利益達成率,,L3-S,単店舗(画面間),当月の営業利益・売上・FD仕入率・人件費率・FL率を表示,参照表示,-,"当月実績.営業利益, 当月実績.営業利益予算",既存(V89/V69),494
4次,店長,当月実績,ダッシュボード表示画面,,,,売上達成率,,L3-S,単店舗(画面間),当月の営業利益・売上・FD仕入率・人件費率・FL率を表示,参照表示,-,"当月実績.売上（税抜）, 当月実績.売上予算",既存(V89/V69),496
4次,店長,感度分析,分析画面,,,,客単価（税抜）,,L3-S,単店舗(画面間),-,売上÷客数,-,"当月実績.売上（税抜）, 感度分析.客数",既存(V89/V69),298
4次,店長,感度分析,分析画面,,,,変動費率,,L3-S,単店舗(画面間),-,変動費÷売上×100,-,"感度分析.変動費, 当月実績.売上（税抜）",既存(V89/V69),300
4次,店長,感度分析,分析画面,,,,粗利単価,,L3-S,単店舗(画面間),-,(売上-原価)÷客数,-,"当月実績.売上（税抜）, 感度分析.客数",既存(V89/V69),301
4次,店長,感度分析,分析画面,,,,粗利率,,L3-S,単店舗(画面間),-,(売上-原価)÷売上×100,-,当月実績.売上（税抜）,既存(V89/V69),302
4次,店長,感度分析,分析画面,,,,変動費,,L3-S,単店舗(画面間),-,売上-粗利,-,"感度分析.粗利, 当月実績.売上（税抜）",既存(V89/V69),305
4次,店長,感度分析,分析画面,,,,粗利,,L3-S,単店舗(画面間),-,売上-変動費,-,"感度分析.変動費, 当月実績.売上（税抜）",既存(V89/V69),306
4次,店長,支払種別売上分析,分析画面,,,,売上比率,,L3-S,単店舗(画面間),-,支払÷総売上×100,-,当月実績.売上（税抜）,既存(V89/V69),310
4次,店長,時間帯別売上分析,分析画面,,,,客単価（税抜）,,L3-S,単店舗(画面間),-,売上÷客数,-,"当月実績.売上（税抜）, 時間帯別売上分析.客数",既存(V89/V69),324
4次,店長,曜日別売上分析,分析画面,,,,平均売上（税抜）,,L3-S,単店舗(画面間),-,AVG曜日別,-,"日次レポート.売上（税抜）, 日次レポート.売上（税抜）",既存(V89/V69),326
4次,店長,曜日別売上分析,分析画面,,,,平均客数,,L3-S,単店舗(画面間),-,AVG曜日別,-,時間帯別売上分析.客数,既存(V89/V69),327
4次,店長,曜日別売上分析,分析画面,,,,平均客数（税抜）,,L3-S,単店舗(画面間),-,AVG曜日別,-,時間帯別売上分析.客数,既存(V89/V69),328
4次,店長,月次レポート,分析画面,,,,原価率,,L3-S,単店舗(画面間),-,原価÷売上×100,-,当月実績.売上（税抜）,既存(V89/V69),330
4次,店長,月次予算設定,設定入力画面,,,,固定費用予算,,L3-S,単店舗(画面間),月次の予算詳細設定（費用設定＋地代家賃設定を統合集計）,"SUM(費用設定.設定タイプ=固定費用予算) + IF(地代家賃設定.賃料体系=固定賃料 THEN COALESCE(単月費用設定.単月地代家賃, 地代家賃設定.固定賃料) ELSE 0)",-,"費用設定.固定費用予算, 地代家賃設定.固定賃料, 地代家賃設定.賃料体系, 単月費用設定.単月地代家賃",既存(V89/V69),54
4次,店長,月次予算設定,設定入力画面,,,,変動費用予算,,L3-S,単店舗(画面間),月次の予算詳細設定（費用設定＋地代家賃設定を統合集計、変動賃料は月額売上予算に基づき動的算出）,"SUM(費用設定.設定タイプ=変動費用予算) + IF(地代家賃設定.賃料体系≠固定賃料 THEN COALESCE(単月費用設定.単月地代家賃, 地代家賃設定.地代家賃シミュレーション金額) ELSE 0)",-,"費用設定.変動費用予算, 地代家賃設定.固定賃料, 地代家賃設定.歩合率, 地代家賃設定.最低保証額, 地代家賃設定.地代家賃シミュレーション金額, 地代家賃設定.賃料体系, 単月費用設定.単月地代家賃",既存(V89/V69),73c
4次,店長,月次集計,分析画面,,,,客単価（税抜）,,L3-S,単店舗(画面間),-,売上÷客数,-,"当月実績.売上（税抜）, 感度分析.客数",既存(V89/V69),340
4次,店長,月次集計,分析画面,,,,変動費単価,,L3-S,単店舗(画面間),-,変動費÷客数,-,"感度分析.変動費, 感度分析.客数",既存(V89/V69),341
4次,店長,月次集計,分析画面,,,,変動費率,,L3-S,単店舗(画面間),-,変動費÷売上×100,-,"感度分析.変動費, 当月実績.売上（税抜）",既存(V89/V69),342
4次,店長,月次集計,分析画面,,,,仕入費率,,L3-S,単店舗(画面間),-,仕入÷売上×100,-,"予実対比.FD仕入, 当月実績.売上（税抜）",既存(V89/V69),343
4次,店長,月次集計,分析画面,,,,PA人件費率,,L3-S,単店舗(画面間),-,PA人件費÷売上×100,-,"予実対比.PA人件費, 当月実績.売上（税抜）",既存(V89/V69),344
4次,店長,月次集計,分析画面,,,,粗利単価,,L3-S,単店舗(画面間),-,(売上-原価)÷客数,-,"当月実績.売上（税抜）, 感度分析.客数",既存(V89/V69),345
4次,店長,月次集計,分析画面,,,,粗利率,,L3-S,単店舗(画面間),-,(売上-原価)÷売上×100,-,当月実績.売上（税抜）,既存(V89/V69),346
4次,店長,月次集計,分析画面,,,,その他変動費率,,L3-S,単店舗(画面間),-,その他変動費÷売上×100,-,当月実績.売上（税抜）,既存(V89/V69),347
4次,店長,月次集計,分析画面,,,,変動費,,L3-S,単店舗(画面間),-,売上-粗利,-,"月次集計.粗利, 当月実績.売上（税抜）",既存(V89/V69),348
4次,店長,月次集計,分析画面,,,,粗利,,L3-S,単店舗(画面間),-,売上-変動費,-,"月次集計.変動費, 当月実績.売上（税抜）",既存(V89/V69),349
4次,店長,流入分析,分析画面,,,,テーブル回転数,,L3-S,単店舗(画面間),-,組数÷総卓数,-,時間帯別売上分析.客数,既存(V89/V69),353
4次,店長,流入分析,分析画面,,,,テーブル稼働率,,L3-S,単店舗(画面間),-,予約卓÷総卓×100,-,流入分析.予約客数,既存(V89/V69),354
4次,店長,流入分析,分析画面,,,,予約売上,,L3-S,単店舗(画面間),-,予約客売上,-,"当月実績.売上（税抜）, 流入分析.予約客数, 感度分析.客数",既存(V89/V69),355
4次,店長,流入分析,分析画面,,,,ウォークイン売上,,L3-S,単店舗(画面間),-,総売上-予約売上,-,"流入分析.予約売上, 予実対比.総売上",既存(V89/V69),358
4次,店長,流入分析,分析画面,,,,ウォークイン客数,,L3-S,単店舗(画面間),-,総客数-予約客数,-,"感度分析.客数, 流入分析.予約客数",既存(V89/V69),359
4次,店長,流入分析,分析画面,,,,予約売上合計,,L3-S,単店舗(画面間),-,SUM予約,-,当月実績.売上（税抜）,既存(V89/V69),365
4次,店長,流入分析,分析画面,,,,ウォークイン売上合計,,L3-S,単店舗(画面間),-,総売上-予約売上,-,"流入分析.予約売上合計, 予実対比.総売上",既存(V89/V69),366
5次,店長,-（新規画面）,-,,,,,シフト充足率,L4(提案),派生,【人的資源】計画シフトとの乖離、応援要員の必要性判断,実シフト時間 ÷ 計画シフト時間 × 100,95%以上:健全 / 90-95%:監視 / 90%未満:要対応,"実シフト時間(1次 要追加), 計画シフト時間(1次 要追加)",シフト管理システム連携,S-10
5次,店長,"FD分析（仕入率/原価率）, 予実対比",-,,,,,FL率,L4(提案),派生,【収益構造】食材と人件費の売上比率、飲食業の最重要KPI,(食材原価 + 人件費) ÷ 売上（税抜） × 100,55%以下:優良 / 55-60%:標準 / 60%超:要改善,"FD仕入(2次), 人件費(2次), 売上（税抜）(2次)",既存指標あり,S-04
5次,店長,"FD分析（仕入率/原価率）, 棚卸",-,,,,,廃棄率,L4(提案),派生,【運営効率】仕込み量の最適化、メニュー戦略見直し,廃棄金額 ÷ 仕入金額 × 100,2%以下:優良 / 2-5%:標準 / 5%超:要改善,"廃棄金額(1次 要追加), 仕入金額(2次)",廃棄記録フォームの追加必要,S-08
5次,店長,ダッシュボード.当月実績,-,,,,,レジ誤差率,L4(提案),派生,【運営品質】金銭管理の精度、不正検知,レジ誤差金額 ÷ POS売上 × 100,0.1%以下:優良 / 0.1-0.5%:標準 / 0.5%超:要調査,"レジ実金(1次 要追加), POS売上(1次)",日次現金精算データの入力機能,S-07
5次,店長,"予実対比, 売上進捗分析",-,,,,,客単価変動率,L4(提案),派生,【収益構造】客単価傾向の把握、メニュー戦略評価,(当月客単価 - 前月客単価) ÷ 前月客単価 × 100,+5%超:セット率向上 / ±2%:安定 / -5%超:要改善,"客単価(2次), 前月客単価(3次時系列)",既存指標あり,S-12
5次,店長,"商品仕入単価, 商品別仕入分析, 平均単価推移",-,,,,,仕入商品単価変動,L4(提案),派生,【運営効率】値上げ影響の早期検知、発注先見直し材料,(今月平均単価 - 先月平均単価) ÷ 先月平均単価 × 100,±3%:許容 / +5%超:要対応,"仕入単価(2次:商品仕入単価), 時系列比較(3次)",既存指標あり,S-15
5次,店長,時間帯別売上分析,-,,,,,人時売上高,L4(提案),派生,【労働生産性】シフト効率の把握、時間帯別の人員配置最適化,売上（税抜）÷ 総労働時間,"5,000円以上:高生産性 / 3,000-5,000:標準 / 3,000未満:要改善","売上（税抜）(2次), 人件費(2次)",シフト管理システム連携,S-02
5次,店長,時間帯別売上分析,-,,,,,時間帯別売上構成比,L4(提案),派生,【収益構造】ピーク時間の確認、シフト最適化の根拠,時間帯別売上 ÷ 日次総売上 × 100,ディナー帯60%超:標準居酒屋 / アイドル帯10%未満:集客強化要,POS売上時間別(1次),既存指標あり,S-06
5次,店長,時間帯別売上分析,-,,,,,アイドル時間人件費率,L4(提案),派生,【運営効率】低稼働時間の人員コスト、シフト削減余地,アイドル時間人件費 ÷ アイドル時間売上 × 100,30%以下:許容 / 30-50%:監視 / 50%超:シフト削減検討,"時間帯別人件費(2次), 時間帯別売上(2次)",時間帯別シフトデータ必要,S-14
5次,店長,"時間帯別売上分析, 流入分析",-,,,,,テーブル回転率,L4(提案),派生,【運営効率】座席稼働率の把握、予約受入判断,客数 ÷ 席数 ÷ 営業時間,居酒屋2.0以上:優良 / 1.5:標準 / 1.0未満:要改善,"客数(1次), 席数(マスタ:1次), 営業時間(マスタ:1次)",席数マスタ整備必要,S-05
5次,店長,"月次集計, 感度分析",-,,,,,人時粗利,L4(提案),派生,【労働生産性】売上だけでなく粗利ベースでの労働効率評価,粗利 ÷ 総労働時間,"3,500円以上:高 / 2,000-3,500:標準 / 2,000未満:要改善","粗利(3次), 人件費(2次)",粗利算出にFD原価把握,S-03
5次,店長,"棚卸, FD分析（仕入率/原価率）",-,,,,,食材ロス率,L4(提案),派生,【運営効率】日々の食材管理状況把握、ロス削減施策効果測定,食材ロス金額 ÷ 食材仕入金額 × 100,5%以下:優良 / 5-8%:標準 / 8%超:要改善,"仕入金額(2次), 棚卸金額(3次), 売上原価(3次)",棚卸精度前提,S-01
5次,店長,"棚卸, 小口現金管理",-,,,,,賄い比率,L4(提案),派生,【運営効率】賄いコスト把握、福利厚生コスト管理,賄い食材費 ÷ 仕入金額 × 100,3%以下:標準 / 5%超:要コントロール,"賄い食材費(1次 要追加), 仕入金額(2次)",賄い記録の入力機能必要,S-09
5次,店長,"流入分析, 支払種別売上分析",-,,,,,クーポン利用率,L4(提案),派生,【運営品質】販促施策の効果測定,クーポン利用客数 ÷ 総客数 × 100,初月15%目標 / 定常5-10%,"クーポン利用客数(1次 要追加), 客数(1次)",POSのクーポンコード連携,S-13
5次,店長,"発注書一覧, 納品書管理",-,,,,,発注差異率,L4(提案),派生,【運営効率】発注精度と在庫管理、死に筋商品検出,(納品数 - 発注数) ÷ 発注数 × 100,-2% 〜 +2%:正常 / 絶対値5%超:要調査,"発注数(1次), 納品数(1次:納品書撮影)",発注データと納品データの突合機能,S-11
