大項目	区分	ID	名称	カテゴリ/種別	ターゲット	互換ディメン	実装ステータス	開発コスト	マッチング制限	制限補足	粒度	期間属性	スコープ	主要目的_大項目	主要目的_中項目	ユースケース	計算レイヤー	演算ロジック_詳細	データソース	依存先指標	weighted_avg_denominator	aggregable_grains	snapshot_grain	snapshot_axes	retention_period	recompute_trigger	compute_mode	freeze_condition
マッピング_3軸	個別	MAP3S-00001	店舗 × 日 × 商品 × フード売上	売上系	店長	dim_shop, dim_date, dim_product	🟢 既実装	小	🟢 制限なし	そのまま集計可能	metric	FLOW	画面内	売上分析	店舗別売上	店舗ごとの売上推移を比較し、伸長/落ち込み店舗を早期発見、施策効果検証 (KPI単独表示)	L1	3軸クロス集計: 親メジャー(S126) を shop × date × product で算出	head_office_item_sales_logs.sales_excluded	S126		date,week,month,quarter,year	日次	shop × date × product	13M	nightly	batch	翌日日次確定
マッピング_3軸	個別	MAP3S-00002	店舗 × 日 × 商品 × ドリンク売上	売上系	店長	dim_shop, dim_date, dim_product	🟢 既実装	小	🟢 制限なし	そのまま集計可能	metric	FLOW	画面内	売上分析	店舗別売上	店舗ごとの売上推移を比較し、伸長/落ち込み店舗を早期発見、施策効果検証 (KPI単独表示)	L1	3軸クロス集計: 親メジャー(S127) を shop × date × product で算出	head_office_item_sales_logs.sales_excluded	S127		date,week,month,quarter,year	日次	shop × date × product	13M	nightly	batch	翌日日次確定
マッピング_3軸	個別	MAP3S-00003	店舗 × 日 × 商品 × フード売上合計	売上系	店長	dim_shop, dim_date, dim_product	🟢 既実装	小	🟢 制限なし	そのまま集計可能	metric	FLOW	画面内	売上分析	店舗別売上	店舗ごとの売上推移を比較し、伸長/落ち込み店舗を早期発見、施策効果検証 (KPI単独表示)	L1	3軸クロス集計: 親メジャー(S129) を shop × date × product で算出	head_office_item_sales_logs.sales_excluded	S129		date,week,month,quarter,year	日次	shop × date × product	13M	nightly	hybrid	翌日日次確定
マッピング_3軸	個別	MAP3S-00004	店舗 × 日 × 商品 × ドリンク売上合計	売上系	店長	dim_shop, dim_date, dim_product	🟢 既実装	小	🟢 制限なし	そのまま集計可能	metric	FLOW	画面内	売上分析	店舗別売上	店舗ごとの売上推移を比較し、伸長/落ち込み店舗を早期発見、施策効果検証 (KPI単独表示)	L1	3軸クロス集計: 親メジャー(S130) を shop × date × product で算出	head_office_item_sales_logs.sales_excluded	S130		date,week,month,quarter,year	日次	shop × date × product	13M	nightly	hybrid	翌日日次確定
マッピング_3軸	個別	MAP3S-00005	店舗 × 日 × 商品 × 実績_フード売上 計	売上系	店長	dim_shop, dim_date, dim_product	🟢 既実装	小	🟢 制限なし	そのまま集計可能	metric	FLOW	画面内	売上分析	店舗別売上	店舗ごとの売上推移を比較し、伸長/落ち込み店舗を早期発見、施策効果検証 (KPI単独表示)	L1	3軸クロス集計: 親メジャー(S132) を shop × date × product で算出	head_office_item_sales_logs.sales_excluded	S132		date,week,month,quarter,year	日次	shop × date × product	13M	nightly	batch	翌日日次確定
マッピング_3軸	個別	MAP3S-00006	店舗 × 日 × 時間帯 × 商品 × 実績_フード売上ランチ	売上系	店長	dim_shop, dim_date, dim_time_slot, dim_product	🟢 既実装	小	🟢 制限なし	そのまま集計可能	metric	FLOW	画面内	売上分析	店舗別売上	店舗ごとの売上推移を比較し、伸長/落ち込み店舗を早期発見、施策効果検証 (KPI単独表示)	L1	3軸クロス集計: 親メジャー(S133) を shop × date × time_slot × product で算出	head_office_item_sales_logs.sales_excluded	S133		date,week,month,quarter,year	日次	shop × date × time_slot × product	13M	nightly	batch	翌日日次確定
マッピング_3軸	個別	MAP3S-00007	店舗 × 日 × 時間帯 × 商品 × 実績_フード売上ディナー	売上系	店長	dim_shop, dim_date, dim_time_slot, dim_product	🟢 既実装	小	🟢 制限なし	そのまま集計可能	metric	FLOW	画面内	売上分析	店舗別売上	店舗ごとの売上推移を比較し、伸長/落ち込み店舗を早期発見、施策効果検証 (KPI単独表示)	L1	3軸クロス集計: 親メジャー(S134) を shop × date × time_slot × product で算出	head_office_item_sales_logs.sales_excluded	S134		date,week,month,quarter,year	日次	shop × date × time_slot × product	13M	nightly	batch	翌日日次確定
マッピング_3軸	個別	MAP3S-00008	店舗 × 日 × 商品 × 実績_ドリンク売上 計	売上系	店長	dim_shop, dim_date, dim_product	🟢 既実装	小	🟢 制限なし	そのまま集計可能	metric	FLOW	画面内	売上分析	店舗別売上	店舗ごとの売上推移を比較し、伸長/落ち込み店舗を早期発見、施策効果検証 (KPI単独表示)	L1	3軸クロス集計: 親メジャー(S135) を shop × date × product で算出	head_office_item_sales_logs.sales_excluded	S135		date,week,month,quarter,year	日次	shop × date × product	13M	nightly	batch	翌日日次確定
マッピング_3軸	個別	MAP3S-00009	店舗 × 日 × 時間帯 × 商品 × 実績_ドリンク売上ランチ	売上系	店長	dim_shop, dim_date, dim_time_slot, dim_product	🟢 既実装	小	🟢 制限なし	そのまま集計可能	metric	FLOW	画面内	売上分析	店舗別売上	店舗ごとの売上推移を比較し、伸長/落ち込み店舗を早期発見、施策効果検証 (KPI単独表示)	L1	3軸クロス集計: 親メジャー(S136) を shop × date × time_slot × product で算出	head_office_item_sales_logs.sales_excluded	S136		date,week,month,quarter,year	日次	shop × date × time_slot × product	13M	nightly	batch	翌日日次確定
マッピング_3軸	個別	MAP3S-00010	店舗 × 日 × 時間帯 × 商品 × 実績_ドリンク売上ディナー	売上系	店長	dim_shop, dim_date, dim_time_slot, dim_product	🟢 既実装	小	🟢 制限なし	そのまま集計可能	metric	FLOW	画面内	売上分析	店舗別売上	店舗ごとの売上推移を比較し、伸長/落ち込み店舗を早期発見、施策効果検証 (KPI単独表示)	L1	3軸クロス集計: 親メジャー(S137) を shop × date × time_slot × product で算出	head_office_item_sales_logs.sales_excluded	S137		date,week,month,quarter,year	日次	shop × date × time_slot × product	13M	nightly	batch	翌日日次確定
マッピング_3軸	個別	MAP3S-00011	店舗 × 日 × 時間帯 × 実績_その他売上ランチ	売上系	店長	dim_shop, dim_date, dim_time_slot	🟢 既実装	小	🟢 制限なし	そのまま集計可能	metric	FLOW	画面内	売上分析	店舗別売上	店舗ごとの売上推移を比較し、伸長/落ち込み店舗を早期発見、施策効果検証 (KPI単独表示)	L1	3軸クロス集計: 親メジャー(S139) を shop × date × time_slot で算出	head_office_item_sales_logs.sales_excluded	S139		date,week,month,quarter,year	日次	shop × date × time_slot	13M	nightly	batch	翌日日次確定
マッピング_3軸	個別	MAP3S-00012	店舗 × 日 × 時間帯 × 実績_その他売上ディナー	売上系	店長	dim_shop, dim_date, dim_time_slot	🟢 既実装	小	🟢 制限なし	そのまま集計可能	metric	FLOW	画面内	売上分析	店舗別売上	店舗ごとの売上推移を比較し、伸長/落ち込み店舗を早期発見、施策効果検証 (KPI単独表示)	L1	3軸クロス集計: 親メジャー(S140) を shop × date × time_slot で算出	head_office_item_sales_logs.sales_excluded	S140		date,week,month,quarter,year	日次	shop × date × time_slot	13M	nightly	batch	翌日日次確定
マッピング_3軸	個別	MAP3S-00013	店舗 × 月 × 商品 × 予算_フード売上 計	予実系	店長	dim_shop, dim_month, dim_product	🟢 既実装	小	🟡 予測値	確定値と区別必要	metric	FORECAST	画面内	予実管理	売上予実	売上の達成率/進捗率モニタリング、月中の早期是正アクション (KPI単独表示)	L1	3軸クロス集計: 親メジャー(S168) を shop × month × product で算出	monthly_budgets.target_sales, budget_sales_compositions.food_ratio	S168		month,quarter,year	月次	shop × month × product	60M	on_budget_update	batch	予算確定後
マッピング_3軸	個別	MAP3S-00014	店舗 × 月 × 時間帯 × 商品 × 予算_フード売上ランチ	予実系	店長	dim_shop, dim_month, dim_time_slot, dim_product	🟢 既実装	小	🟡 予測値	確定値と区別必要	metric	FORECAST	画面内	予実管理	売上予実	売上の達成率/進捗率モニタリング、月中の早期是正アクション (KPI単独表示)	L1	3軸クロス集計: 親メジャー(S169) を shop × month × time_slot × product で算出	monthly_budgets.target_sales, budget_sales_compositions.lunch_ratio	S169		month,quarter,year	月次	shop × month × time_slot × product	60M	on_budget_update	batch	予算確定後
マッピング_3軸	個別	MAP3S-00015	店舗 × 月 × 時間帯 × 商品 × 予算_フード売上ディナー	予実系	店長	dim_shop, dim_month, dim_time_slot, dim_product	🟢 既実装	小	🟡 予測値	確定値と区別必要	metric	FORECAST	画面内	予実管理	売上予実	売上の達成率/進捗率モニタリング、月中の早期是正アクション (KPI単独表示)	L1	3軸クロス集計: 親メジャー(S170) を shop × month × time_slot × product で算出	monthly_budgets.target_sales, budget_sales_compositions.dinner_ratio	S170		month,quarter,year	月次	shop × month × time_slot × product	60M	on_budget_update	batch	予算確定後
マッピング_3軸	個別	MAP3S-00016	店舗 × 月 × 商品 × 予算_ドリンク売上 計	予実系	店長	dim_shop, dim_month, dim_product	🟢 既実装	小	🟡 予測値	確定値と区別必要	metric	FORECAST	画面内	予実管理	売上予実	売上の達成率/進捗率モニタリング、月中の早期是正アクション (KPI単独表示)	L1	3軸クロス集計: 親メジャー(S171) を shop × month × product で算出	monthly_budgets.target_sales, budget_sales_compositions.drink_ratio	S171		month,quarter,year	月次	shop × month × product	60M	on_budget_update	batch	予算確定後
マッピング_3軸	個別	MAP3S-00017	店舗 × 月 × 時間帯 × 商品 × 予算_ドリンク売上ランチ	予実系	店長	dim_shop, dim_month, dim_time_slot, dim_product	🟢 既実装	小	🟡 予測値	確定値と区別必要	metric	FORECAST	画面内	予実管理	売上予実	売上の達成率/進捗率モニタリング、月中の早期是正アクション (KPI単独表示)	L1	3軸クロス集計: 親メジャー(S172) を shop × month × time_slot × product で算出	monthly_budgets.target_sales, budget_sales_compositions.lunch_ratio	S172		month,quarter,year	月次	shop × month × time_slot × product	60M	on_budget_update	batch	予算確定後
マッピング_3軸	個別	MAP3S-00018	店舗 × 月 × 時間帯 × 商品 × 予算_ドリンク売上ディナー	予実系	店長	dim_shop, dim_month, dim_time_slot, dim_product	🟢 既実装	小	🟡 予測値	確定値と区別必要	metric	FORECAST	画面内	予実管理	売上予実	売上の達成率/進捗率モニタリング、月中の早期是正アクション (KPI単独表示)	L1	3軸クロス集計: 親メジャー(S173) を shop × month × time_slot × product で算出	monthly_budgets.target_sales, budget_sales_compositions.dinner_ratio	S173		month,quarter,year	月次	shop × month × time_slot × product	60M	on_budget_update	batch	予算確定後
マッピング_3軸	個別	MAP3S-00019	店舗 × 月 × 時間帯 × 予算_その他売上ランチ	予実系	店長	dim_shop, dim_month, dim_time_slot	🟢 既実装	小	🟡 予測値	確定値と区別必要	metric	FORECAST	画面内	予実管理	売上予実	売上の達成率/進捗率モニタリング、月中の早期是正アクション (KPI単独表示)	L1	3軸クロス集計: 親メジャー(S175) を shop × month × time_slot で算出	monthly_budgets.target_sales, budget_sales_compositions.lunch_ratio	S175		month,quarter,year	月次	shop × month × time_slot	60M	on_budget_update	batch	予算確定後
マッピング_3軸	個別	MAP3S-00020	店舗 × 月 × 時間帯 × 予算_その他売上ディナー	予実系	店長	dim_shop, dim_month, dim_time_slot	🟢 既実装	小	🟡 予測値	確定値と区別必要	metric	FORECAST	画面内	予実管理	売上予実	売上の達成率/進捗率モニタリング、月中の早期是正アクション (KPI単独表示)	L1	3軸クロス集計: 親メジャー(S176) を shop × month × time_slot で算出	monthly_budgets.target_sales, budget_sales_compositions.dinner_ratio	S176		month,quarter,year	月次	shop × month × time_slot	60M	on_budget_update	batch	予算確定後
マッピング_3軸	個別	MAP3S-00021	店舗 × 月 × 商品 × 月次実績_フード売上 計	売上系	店長	dim_shop, dim_month, dim_product	🟢 既実装	小	🟢 制限なし	そのまま集計可能	metric	FLOW	画面内	売上分析	店舗別売上	店舗ごとの売上推移を比較し、伸長/落ち込み店舗を早期発見、施策効果検証 (KPI単独表示)	L1	3軸クロス集計: 親メジャー(S498) を shop × month × product で算出	head_office_item_sales_logs.sales_excluded	S498		date,week,month,quarter,year	月次	shop × month × product	36M	nightly + monthly_finalize	hybrid	翌日日次確定
マッピング_3軸	個別	MAP3S-00022	店舗 × 月 × 商品 × 月次実績_ドリンク売上 計	売上系	店長	dim_shop, dim_month, dim_product	🟢 既実装	小	🟢 制限なし	そのまま集計可能	metric	FLOW	画面内	売上分析	店舗別売上	店舗ごとの売上推移を比較し、伸長/落ち込み店舗を早期発見、施策効果検証 (KPI単独表示)	L1	3軸クロス集計: 親メジャー(S499) を shop × month × product で算出	head_office_item_sales_logs.sales_excluded	S499		date,week,month,quarter,year	月次	shop × month × product	36M	nightly + monthly_finalize	hybrid	翌日日次確定
マッピング_3軸	個別	MAP3S-00023	店舗 × 月 × 商品 × 月次予算_フード売上 計	予実系	店長	dim_shop, dim_month, dim_product	🟢 既実装	小	🟡 予測値	確定値と区別必要	metric	FORECAST	画面内	予実管理	売上予実	売上の達成率/進捗率モニタリング、月中の早期是正アクション (KPI単独表示)	L1	3軸クロス集計: 親メジャー(S507) を shop × month × product で算出	monthly_budgets.target_sales, budget_sales_compositions.food_ratio	S507		month,quarter,year	月次	shop × month × product	36M	on_budget_update	batch	予算確定後
マッピング_3軸	個別	MAP3S-00024	店舗 × 月 × 商品 × 月次予算_ドリンク売上 計	予実系	店長	dim_shop, dim_month, dim_product	🟢 既実装	小	🟡 予測値	確定値と区別必要	metric	FORECAST	画面内	予実管理	売上予実	売上の達成率/進捗率モニタリング、月中の早期是正アクション (KPI単独表示)	L1	3軸クロス集計: 親メジャー(S508) を shop × month × product で算出	monthly_budgets.target_sales, budget_sales_compositions.drink_ratio	S508		month,quarter,year	月次	shop × month × product	36M	on_budget_update	batch	予算確定後
マッピング_3軸	個別	MAP3S-00025	店舗 × 月 × 商品 × 年間実績_フード売上 計	売上系	店長	dim_shop, dim_month, dim_product	🟢 既実装	小	🟢 制限なし	そのまま集計可能	metric	FLOW	画面内	売上分析	店舗別売上	店舗ごとの売上推移を比較し、伸長/落ち込み店舗を早期発見、施策効果検証 (KPI単独表示)	L1	3軸クロス集計: 親メジャー(S263) を shop × month × product で算出	head_office_item_sales_logs.sales_excluded	S263		year	月次	shop × month × product	60M	nightly + monthly_finalize	batch	翌日日次確定
マッピング_3軸	個別	MAP3S-00026	店舗 × 月 × 商品 × 年間実績_ドリンク売上 計	売上系	店長	dim_shop, dim_month, dim_product	🟢 既実装	小	🟢 制限なし	そのまま集計可能	metric	FLOW	画面内	売上分析	店舗別売上	店舗ごとの売上推移を比較し、伸長/落ち込み店舗を早期発見、施策効果検証 (KPI単独表示)	L1	3軸クロス集計: 親メジャー(S264) を shop × month × product で算出	head_office_item_sales_logs.sales_excluded	S264		year	月次	shop × month × product	60M	nightly + monthly_finalize	batch	翌日日次確定
マッピング_3軸	個別	MAP3S-00027	店舗 × 月 × 時間帯 × 年間実績_その他売上ランチ	売上系	店長	dim_shop, dim_month, dim_time_slot	🟢 既実装	小	🟢 制限なし	そのまま集計可能	metric	FLOW	画面内	売上分析	店舗別売上	店舗ごとの売上推移を比較し、伸長/落ち込み店舗を早期発見、施策効果検証 (KPI単独表示)	L1	3軸クロス集計: 親メジャー(S266) を shop × month × time_slot で算出	head_office_item_sales_logs.sales_excluded	S266		year	月次	shop × month × time_slot	60M	nightly + monthly_finalize	batch	翌日日次確定
マッピング_3軸	個別	MAP3S-00028	店舗 × 月 × 時間帯 × 年間実績_その他売上ディナー	売上系	店長	dim_shop, dim_month, dim_time_slot	🟢 既実装	小	🟢 制限なし	そのまま集計可能	metric	FLOW	画面内	売上分析	店舗別売上	店舗ごとの売上推移を比較し、伸長/落ち込み店舗を早期発見、施策効果検証 (KPI単独表示)	L1	3軸クロス集計: 親メジャー(S267) を shop × month × time_slot で算出	head_office_item_sales_logs.sales_excluded	S267		year	月次	shop × month × time_slot	60M	nightly + monthly_finalize	batch	翌日日次確定
マッピング_3軸	個別	MAP3S-00029	店舗 × 月 × 時間帯 × 商品 × 年間実績_フード売上ランチ	売上系	店長	dim_shop, dim_month, dim_time_slot, dim_product	🟢 既実装	小	🟢 制限なし	そのまま集計可能	metric	FLOW	画面内	売上分析	店舗別売上	店舗ごとの売上推移を比較し、伸長/落ち込み店舗を早期発見、施策効果検証 (KPI単独表示)	L1	3軸クロス集計: 親メジャー(S284) を shop × month × time_slot × product で算出	head_office_item_sales_logs.sales_excluded	S284		year	月次	shop × month × time_slot × product	60M	nightly + monthly_finalize	batch	翌日日次確定
マッピング_3軸	個別	MAP3S-00030	店舗 × 月 × 時間帯 × 商品 × 年間実績_フード売上ディナー	売上系	店長	dim_shop, dim_month, dim_time_slot, dim_product	🟢 既実装	小	🟢 制限なし	そのまま集計可能	metric	FLOW	画面内	売上分析	店舗別売上	店舗ごとの売上推移を比較し、伸長/落ち込み店舗を早期発見、施策効果検証 (KPI単独表示)	L1	3軸クロス集計: 親メジャー(S285) を shop × month × time_slot × product で算出	head_office_item_sales_logs.sales_excluded	S285		year	月次	shop × month × time_slot × product	60M	nightly + monthly_finalize	batch	翌日日次確定
マッピング_3軸	個別	MAP3S-00031	店舗 × 月 × 時間帯 × 商品 × 年間実績_ドリンク売上ランチ	売上系	店長	dim_shop, dim_month, dim_time_slot, dim_product	🟢 既実装	小	🟢 制限なし	そのまま集計可能	metric	FLOW	画面内	売上分析	店舗別売上	店舗ごとの売上推移を比較し、伸長/落ち込み店舗を早期発見、施策効果検証 (KPI単独表示)	L1	3軸クロス集計: 親メジャー(S286) を shop × month × time_slot × product で算出	head_office_item_sales_logs.sales_excluded	S286		year	月次	shop × month × time_slot × product	60M	nightly + monthly_finalize	batch	翌日日次確定
マッピング_3軸	個別	MAP3S-00032	店舗 × 月 × 時間帯 × 商品 × 年間実績_ドリンク売上ディナー	売上系	店長	dim_shop, dim_month, dim_time_slot, dim_product	🟢 既実装	小	🟢 制限なし	そのまま集計可能	metric	FLOW	画面内	売上分析	店舗別売上	店舗ごとの売上推移を比較し、伸長/落ち込み店舗を早期発見、施策効果検証 (KPI単独表示)	L1	3軸クロス集計: 親メジャー(S287) を shop × month × time_slot × product で算出	head_office_item_sales_logs.sales_excluded	S287		year	月次	shop × month × time_slot × product	60M	nightly + monthly_finalize	batch	翌日日次確定
マッピング_3軸	個別	MAP3S-00033	店舗 × 月 × 商品 × 年間予算_フード売上 計	予実系	店長	dim_shop, dim_month, dim_product	🟢 既実装	小	🟡 予測値	確定値と区別必要	metric	FORECAST	画面内	予実管理	売上予実	売上の達成率/進捗率モニタリング、月中の早期是正アクション (KPI単独表示)	L1	3軸クロス集計: 親メジャー(S552) を shop × month × product で算出	monthly_budgets.target_sales, budget_sales_compositions.food_ratio	S552		year	月次	shop × month × product	60M	on_budget_update	batch	予算確定後
マッピング_3軸	個別	MAP3S-00034	店舗 × 月 × 時間帯 × 商品 × 年間予算_フード売上ランチ	予実系	店長	dim_shop, dim_month, dim_time_slot, dim_product	🟢 既実装	小	🟡 予測値	確定値と区別必要	metric	FORECAST	画面内	予実管理	売上予実	売上の達成率/進捗率モニタリング、月中の早期是正アクション (KPI単独表示)	L1	3軸クロス集計: 親メジャー(S553) を shop × month × time_slot × product で算出	monthly_budgets.target_sales, budget_sales_compositions.lunch_ratio	S553		year	月次	shop × month × time_slot × product	60M	on_budget_update	batch	予算確定後
マッピング_3軸	個別	MAP3S-00035	店舗 × 月 × 時間帯 × 商品 × 年間予算_フード売上ディナー	予実系	店長	dim_shop, dim_month, dim_time_slot, dim_product	🟢 既実装	小	🟡 予測値	確定値と区別必要	metric	FORECAST	画面内	予実管理	売上予実	売上の達成率/進捗率モニタリング、月中の早期是正アクション (KPI単独表示)	L1	3軸クロス集計: 親メジャー(S554) を shop × month × time_slot × product で算出	monthly_budgets.target_sales, budget_sales_compositions.dinner_ratio	S554		year	月次	shop × month × time_slot × product	60M	on_budget_update	batch	予算確定後
マッピング_3軸	個別	MAP3S-00036	店舗 × 月 × 商品 × 年間予算_ドリンク売上 計	予実系	店長	dim_shop, dim_month, dim_product	🟢 既実装	小	🟡 予測値	確定値と区別必要	metric	FORECAST	画面内	予実管理	売上予実	売上の達成率/進捗率モニタリング、月中の早期是正アクション (KPI単独表示)	L1	3軸クロス集計: 親メジャー(S555) を shop × month × product で算出	monthly_budgets.target_sales, budget_sales_compositions.drink_ratio	S555		year	月次	shop × month × product	60M	on_budget_update	batch	予算確定後
マッピング_3軸	個別	MAP3S-00037	店舗 × 月 × 時間帯 × 商品 × 年間予算_ドリンク売上ランチ	予実系	店長	dim_shop, dim_month, dim_time_slot, dim_product	🟢 既実装	小	🟡 予測値	確定値と区別必要	metric	FORECAST	画面内	予実管理	売上予実	売上の達成率/進捗率モニタリング、月中の早期是正アクション (KPI単独表示)	L1	3軸クロス集計: 親メジャー(S556) を shop × month × time_slot × product で算出	monthly_budgets.target_sales, budget_sales_compositions.lunch_ratio	S556		year	月次	shop × month × time_slot × product	60M	on_budget_update	batch	予算確定後
マッピング_3軸	個別	MAP3S-00038	店舗 × 月 × 時間帯 × 商品 × 年間予算_ドリンク売上ディナー	予実系	店長	dim_shop, dim_month, dim_time_slot, dim_product	🟢 既実装	小	🟡 予測値	確定値と区別必要	metric	FORECAST	画面内	予実管理	売上予実	売上の達成率/進捗率モニタリング、月中の早期是正アクション (KPI単独表示)	L1	3軸クロス集計: 親メジャー(S557) を shop × month × time_slot × product で算出	monthly_budgets.target_sales, budget_sales_compositions.dinner_ratio	S557		year	月次	shop × month × time_slot × product	60M	on_budget_update	batch	予算確定後
マッピング_3軸	個別	MAP3S-00039	店舗 × 月 × 時間帯 × 年間予算_その他売上ランチ	予実系	店長	dim_shop, dim_month, dim_time_slot	🟢 既実装	小	🟡 予測値	確定値と区別必要	metric	FORECAST	画面内	予実管理	売上予実	売上の達成率/進捗率モニタリング、月中の早期是正アクション (KPI単独表示)	L1	3軸クロス集計: 親メジャー(S559) を shop × month × time_slot で算出	monthly_budgets.target_sales, budget_sales_compositions.lunch_ratio	S559		year	月次	shop × month × time_slot	60M	on_budget_update	batch	予算確定後
マッピング_3軸	個別	MAP3S-00040	店舗 × 月 × 時間帯 × 年間予算_その他売上ディナー	予実系	店長	dim_shop, dim_month, dim_time_slot	🟢 既実装	小	🟡 予測値	確定値と区別必要	metric	FORECAST	画面内	予実管理	売上予実	売上の達成率/進捗率モニタリング、月中の早期是正アクション (KPI単独表示)	L1	3軸クロス集計: 親メジャー(S560) を shop × month × time_slot で算出	monthly_budgets.target_sales, budget_sales_compositions.dinner_ratio	S560		year	月次	shop × month × time_slot	60M	on_budget_update	batch	予算確定後
マッピング_3軸	個別	MAP3S-00041	店舗 × 日 × 時間帯 × ランチ売上（税抜）	売上系	店長	dim_shop, dim_date, dim_time_slot	🟢 既実装	小	🟢 制限なし	そのまま集計可能	metric	FLOW	画面内	売上分析	店舗別売上	店舗ごとの売上推移を比較し、伸長/落ち込み店舗を早期発見、施策効果検証 (KPI単独表示)	L1	3軸クロス集計: 親メジャー(S321) を shop × date × time_slot で算出	head_office_item_sales_logs.sales_excluded	S321		date,week,month,quarter,year	日次	shop × date × time_slot	13M	nightly	hybrid	翌日日次確定
マッピング_3軸	個別	MAP3S-00042	店舗 × 日 × 時間帯 × ディナー売上（税抜）	売上系	店長	dim_shop, dim_date, dim_time_slot	🟢 既実装	小	🟢 制限なし	そのまま集計可能	metric	FLOW	画面内	売上分析	店舗別売上	店舗ごとの売上推移を比較し、伸長/落ち込み店舗を早期発見、施策効果検証 (KPI単独表示)	L1	3軸クロス集計: 親メジャー(S322) を shop × date × time_slot で算出	head_office_item_sales_logs.sales_excluded	S322		date,week,month,quarter,year	日次	shop × date × time_slot	13M	nightly	hybrid	翌日日次確定
マッピング_3軸	個別	MAP3S-00043	店舗 × 日 × 曜日 × 曜日	その他	店長	dim_shop, dim_date, dim_weekday	🟢 既実装	小	🟢 制限なし	そのまま集計可能	metric	FLOW	画面内	売上分析	店舗別売上	店舗ごとの売上推移を比較し、伸長/落ち込み店舗を早期発見、施策効果検証 (KPI単独表示)	L1	3軸クロス集計: 親メジャー(S325) を shop × date × weekday で算出	z_totals.date	S325		date,week,month,quarter,year	日次	shop × date × weekday	13M	nightly	batch	確定なし
マッピング_3軸	個別	MAP3S-00044	店舗 × 月 × 商品 × 予算構成比_総売上 計	予実系	店長	dim_shop, dim_month, dim_product	🟢 既実装	小	🟡 加重平均	率指標は加重平均	metric	FORECAST	画面内	予実管理	売上予実	売上の達成率/進捗率モニタリング、月中の早期是正アクション (KPI単独表示)	L2-S	3軸クロス集計: 親メジャー(S203) を shop × month × product で算出	-	S203	売上(税抜)	month,quarter,year	月次	shop × month × product	60M	on_budget_update	batch	予算確定後
マッピング_3軸	個別	MAP3S-00045	店舗 × 月 × 商品 × 予算構成比_フード売上 計	予実系	店長	dim_shop, dim_month, dim_product	🟢 既実装	小	🟡 加重平均	率指標は加重平均	metric	FORECAST	画面内	予実管理	売上予実	売上の達成率/進捗率モニタリング、月中の早期是正アクション (KPI単独表示)	L2-S	3軸クロス集計: 親メジャー(S204) を shop × month × product で算出	-	S204	売上(税抜)	month,quarter,year	月次	shop × month × product	60M	on_budget_update	batch	予算確定後
マッピング_3軸	個別	MAP3S-00046	店舗 × 月 × 商品 × 予算構成比_ドリンク売上 計	予実系	店長	dim_shop, dim_month, dim_product	🟢 既実装	小	🟡 加重平均	率指標は加重平均	metric	FORECAST	画面内	予実管理	売上予実	売上の達成率/進捗率モニタリング、月中の早期是正アクション (KPI単独表示)	L2-S	3軸クロス集計: 親メジャー(S205) を shop × month × product で算出	-	S205	売上(税抜)	month,quarter,year	月次	shop × month × product	60M	on_budget_update	batch	予算確定後
マッピング_3軸	個別	MAP3S-00047	店舗 × 月 × 商品 × 予算構成比_FLコスト 計	予実系	店長	dim_shop, dim_month, dim_product	🟢 既実装	小	🟡 加重平均	率指標は加重平均	metric	FORECAST	画面内	予実管理	売上予実	売上の達成率/進捗率モニタリング、月中の早期是正アクション (KPI単独表示)	L2-S	3軸クロス集計: 親メジャー(S207) を shop × month × product で算出	-	S207	売上(税抜)	month,quarter,year	月次	shop × month × product	60M	on_budget_update	batch	予算確定後
マッピング_3軸	個別	MAP3S-00048	店舗 × 月 × 商品 × 予算構成比_FD仕入 計	原価系	店長	dim_shop, dim_month, dim_product	🟢 既実装	小	🟡 加重平均	率指標は加重平均	metric	FORECAST	画面内	予実管理	売上予実	売上の達成率/進捗率モニタリング、月中の早期是正アクション (KPI単独表示)	L2-S	3軸クロス集計: 親メジャー(S208) を shop × month × product で算出	-	S208	仕入金額(全体)	month,quarter,year	月次	shop × month × product	60M	on_budget_update	batch	予算確定後
マッピング_3軸	個別	MAP3S-00049	店舗 × 月 × 商品 × 予算構成比_人件費 計	人件費系	店長	dim_shop, dim_month, dim_product	🟢 既実装	小	🟡 加重平均	率指標は加重平均	metric	FORECAST	画面内	人件費効率	スタッフ別人件費	スタッフ別の人時生産性評価、教育投資/シフト配置最適化 (KPI単独表示)	L2-S	3軸クロス集計: 親メジャー(S209) を shop × month × product で算出	-	S209	売上(税抜)	month,quarter,year	月次	shop × month × product	60M	on_budget_update	batch	予算確定後
マッピング_3軸	個別	MAP3S-00050	店舗 × 月 × 商品 × 予算構成比_その他経費 計	予実系	店長	dim_shop, dim_month, dim_product	🟢 既実装	小	🟡 加重平均	率指標は加重平均	metric	FORECAST	画面内	予実管理	経費予実	経費の予算超過リスク検知、削減ポイント特定 (KPI単独表示)	L2-S	3軸クロス集計: 親メジャー(S210) を shop × month × product で算出	-	S210	売上(税抜)	month,quarter,year	月次	shop × month × product	60M	on_budget_update	batch	予算確定後
マッピング_3軸	個別	MAP3S-00051	店舗 × 月 × 商品 × 予算構成比_営業利益	予実系	店長	dim_shop, dim_month, dim_product	🟢 既実装	小	🟡 加重平均	率指標は加重平均	metric	FORECAST	画面内	予実管理	売上予実	売上の達成率/進捗率モニタリング、月中の早期是正アクション (KPI単独表示)	L2-S	3軸クロス集計: 親メジャー(S211) を shop × month × product で算出	-	S211	売上(税抜)	month,quarter,year	月次	shop × month × product	60M	on_budget_update	batch	予算確定後
マッピング_3軸	個別	MAP3S-00052	店舗 × 月 × 商品 × 予実差額_総売上 計	売上系	店長	dim_shop, dim_month, dim_product	🟢 既実装	小	🟢 制限なし	そのまま集計可能	metric	FLOW	画面内	売上分析	店舗別売上	店舗ごとの売上推移を比較し、伸長/落ち込み店舗を早期発見、施策効果検証 (KPI単独表示)	L2-S	3軸クロス集計: 親メジャー(S212) を shop × month × product で算出	-	S212		month,quarter,year	月次	shop × month × product	60M	nightly + monthly_finalize	batch	翌日日次確定
マッピング_3軸	個別	MAP3S-00053	店舗 × 月 × 商品 × 予実差額_フード売上 計	売上系	店長	dim_shop, dim_month, dim_product	🟢 既実装	小	🟢 制限なし	そのまま集計可能	metric	FLOW	画面内	売上分析	店舗別売上	店舗ごとの売上推移を比較し、伸長/落ち込み店舗を早期発見、施策効果検証 (KPI単独表示)	L2-S	3軸クロス集計: 親メジャー(S213) を shop × month × product で算出	-	S213		month,quarter,year	月次	shop × month × product	60M	nightly + monthly_finalize	batch	翌日日次確定
マッピング_3軸	個別	MAP3S-00054	店舗 × 月 × 商品 × 予実差額_ドリンク売上 計	売上系	店長	dim_shop, dim_month, dim_product	🟢 既実装	小	🟢 制限なし	そのまま集計可能	metric	FLOW	画面内	売上分析	店舗別売上	店舗ごとの売上推移を比較し、伸長/落ち込み店舗を早期発見、施策効果検証 (KPI単独表示)	L2-S	3軸クロス集計: 親メジャー(S214) を shop × month × product で算出	-	S214		month,quarter,year	月次	shop × month × product	60M	nightly + monthly_finalize	batch	翌日日次確定
マッピング_3軸	個別	MAP3S-00055	店舗 × 月 × 商品 × 予実差額_FLコスト 計	その他	店長	dim_shop, dim_month, dim_product	🟢 既実装	小	🟢 制限なし	そのまま集計可能	metric	FLOW	画面内	売上分析	店舗別売上	店舗ごとの売上推移を比較し、伸長/落ち込み店舗を早期発見、施策効果検証 (KPI単独表示)	L2-S	3軸クロス集計: 親メジャー(S216) を shop × month × product で算出	-	S216		month,quarter,year	月次	shop × month × product	60M	nightly + monthly_finalize	batch	確定なし
マッピング_3軸	個別	MAP3S-00056	店舗 × 月 × 商品 × 予実差額_人件費 計	人件費系	店長	dim_shop, dim_month, dim_product	🟢 既実装	小	🟢 制限なし	そのまま集計可能	metric	FLOW	画面内	人件費効率	スタッフ別人件費	スタッフ別の人時生産性評価、教育投資/シフト配置最適化 (KPI単独表示)	L2-S	3軸クロス集計: 親メジャー(S218) を shop × month × product で算出	-	S218		month,quarter,year	月次	shop × month × product	60M	nightly + monthly_finalize	batch	確定なし
マッピング_3軸	個別	MAP3S-00057	店舗 × 月 × 商品 × 予実差額_その他経費 計	その他	店長	dim_shop, dim_month, dim_product	🟢 既実装	小	🟢 制限なし	そのまま集計可能	metric	FLOW	画面内	売上分析	店舗別売上	店舗ごとの売上推移を比較し、伸長/落ち込み店舗を早期発見、施策効果検証 (KPI単独表示)	L2-S	3軸クロス集計: 親メジャー(S219) を shop × month × product で算出	-	S219		month,quarter,year	月次	shop × month × product	60M	nightly + monthly_finalize	batch	確定なし
マッピング_3軸	個別	MAP3S-00058	店舗 × 月 × 商品 × 予実差額_営業利益	収益性	店長	dim_shop, dim_month, dim_product	🟢 既実装	小	🟢 制限なし	そのまま集計可能	metric	FLOW	画面内	利益分析	店舗別利益	店舗別の利益貢献を可視化、低収益店舗の改善優先順位付け (KPI単独表示)	L2-S	3軸クロス集計: 親メジャー(S220) を shop × month × product で算出	-	S220		month,quarter,year	月次	shop × month × product	60M	nightly + monthly_finalize	batch	月次締め後（全費目確定）
マッピング_3軸	個別	MAP3S-00059	店舗 × 月 × 商品 × 予算対比率_総売上 計	予実系	店長	dim_shop, dim_month, dim_product	🟢 既実装	小	🟡 加重平均	率指標は加重平均	metric	FORECAST	画面内	予実管理	売上予実	売上の達成率/進捗率モニタリング、月中の早期是正アクション (KPI単独表示)	L2-S	3軸クロス集計: 親メジャー(S221) を shop × month × product で算出	-	S221	売上(税抜)	month,quarter,year	月次	shop × month × product	60M	on_budget_update	batch	予算確定後
マッピング_3軸	個別	MAP3S-00060	店舗 × 月 × 商品 × 予算対比率_フード売上 計	予実系	店長	dim_shop, dim_month, dim_product	🟢 既実装	小	🟡 加重平均	率指標は加重平均	metric	FORECAST	画面内	予実管理	売上予実	売上の達成率/進捗率モニタリング、月中の早期是正アクション (KPI単独表示)	L2-S	3軸クロス集計: 親メジャー(S222) を shop × month × product で算出	-	S222	売上(税抜)	month,quarter,year	月次	shop × month × product	60M	on_budget_update	batch	予算確定後
マッピング_3軸	個別	MAP3S-00061	店舗 × 月 × 商品 × 予算対比率_ドリンク売上 計	予実系	店長	dim_shop, dim_month, dim_product	🟢 既実装	小	🟡 加重平均	率指標は加重平均	metric	FORECAST	画面内	予実管理	売上予実	売上の達成率/進捗率モニタリング、月中の早期是正アクション (KPI単独表示)	L2-S	3軸クロス集計: 親メジャー(S223) を shop × month × product で算出	-	S223	売上(税抜)	month,quarter,year	月次	shop × month × product	60M	on_budget_update	batch	予算確定後
マッピング_3軸	個別	MAP3S-00062	店舗 × 月 × 商品 × 予算対比率_FLコスト 計	予実系	店長	dim_shop, dim_month, dim_product	🟢 既実装	小	🟡 加重平均	率指標は加重平均	metric	FORECAST	画面内	予実管理	売上予実	売上の達成率/進捗率モニタリング、月中の早期是正アクション (KPI単独表示)	L2-S	3軸クロス集計: 親メジャー(S225) を shop × month × product で算出	-	S225	売上(税抜)	month,quarter,year	月次	shop × month × product	60M	on_budget_update	batch	予算確定後
マッピング_3軸	個別	MAP3S-00063	店舗 × 月 × 商品 × 予算対比率_人件費 計	人件費系	店長	dim_shop, dim_month, dim_product	🟢 既実装	小	🟡 加重平均	率指標は加重平均	metric	FORECAST	画面内	人件費効率	PA率分析	PA率の店舗/業態比較、人件費効率改善の優先順位 (KPI単独表示)	L2-S	3軸クロス集計: 親メジャー(S227) を shop × month × product で算出	-	S227	売上(税抜)	month,quarter,year	月次	shop × month × product	60M	on_budget_update	batch	予算確定後
マッピング_3軸	個別	MAP3S-00064	店舗 × 月 × 商品 × 予算対比率_その他経費 計	予実系	店長	dim_shop, dim_month, dim_product	🟢 既実装	小	🟡 加重平均	率指標は加重平均	metric	FORECAST	画面内	予実管理	経費予実	経費の予算超過リスク検知、削減ポイント特定 (KPI単独表示)	L2-S	3軸クロス集計: 親メジャー(S228) を shop × month × product で算出	-	S228	売上(税抜)	month,quarter,year	月次	shop × month × product	60M	on_budget_update	batch	予算確定後
マッピング_3軸	個別	MAP3S-00065	店舗 × 月 × 商品 × 予算対比率_営業利益	予実系	店長	dim_shop, dim_month, dim_product	🟢 既実装	小	🟡 加重平均	率指標は加重平均	metric	FORECAST	画面内	予実管理	売上予実	売上の達成率/進捗率モニタリング、月中の早期是正アクション (KPI単独表示)	L2-S	3軸クロス集計: 親メジャー(S229) を shop × month × product で算出	-	S229	売上(税抜)	month,quarter,year	月次	shop × month × product	60M	on_budget_update	batch	予算確定後
マッピング_3軸	個別	MAP3S-00066	店舗 × 月 × 商品 × 構成比_総売上 計	売上系	店長	dim_shop, dim_month, dim_product	🟢 既実装	小	🟡 加重平均	率指標は加重平均	metric	FLOW	画面内	売上分析	店舗別売上	店舗ごとの売上推移を比較し、伸長/落ち込み店舗を早期発見、施策効果検証 (KPI単独表示)	L2-S	3軸クロス集計: 親メジャー(S230) を shop × month × product で算出	-	S230	売上(税抜)	month,quarter,year	月次	shop × month × product	60M	nightly + monthly_finalize	batch	翌日日次確定
マッピング_3軸	個別	MAP3S-00067	店舗 × 月 × 商品 × 構成比_フード売上 計	売上系	店長	dim_shop, dim_month, dim_product	🟢 既実装	小	🟡 加重平均	率指標は加重平均	metric	FLOW	画面内	売上分析	店舗別売上	店舗ごとの売上推移を比較し、伸長/落ち込み店舗を早期発見、施策効果検証 (KPI単独表示)	L2-S	3軸クロス集計: 親メジャー(S231) を shop × month × product で算出	-	S231	売上(税抜)	month,quarter,year	月次	shop × month × product	60M	nightly + monthly_finalize	batch	翌日日次確定
マッピング_3軸	個別	MAP3S-00068	店舗 × 月 × 商品 × 構成比_ドリンク売上 計	売上系	店長	dim_shop, dim_month, dim_product	🟢 既実装	小	🟡 加重平均	率指標は加重平均	metric	FLOW	画面内	売上分析	店舗別売上	店舗ごとの売上推移を比較し、伸長/落ち込み店舗を早期発見、施策効果検証 (KPI単独表示)	L2-S	3軸クロス集計: 親メジャー(S232) を shop × month × product で算出	-	S232	売上(税抜)	month,quarter,year	月次	shop × month × product	60M	nightly + monthly_finalize	batch	翌日日次確定
マッピング_3軸	個別	MAP3S-00069	店舗 × 月 × 商品 × 構成比_FLコスト 計	その他	店長	dim_shop, dim_month, dim_product	🟢 既実装	小	🟡 加重平均	率指標は加重平均	metric	FLOW	画面内	売上分析	店舗別売上	店舗ごとの売上推移を比較し、伸長/落ち込み店舗を早期発見、施策効果検証 (KPI単独表示)	L2-S	3軸クロス集計: 親メジャー(S234) を shop × month × product で算出	-	S234	売上(税抜)	month,quarter,year	月次	shop × month × product	60M	nightly + monthly_finalize	batch	確定なし
マッピング_3軸	個別	MAP3S-00070	店舗 × 月 × 商品 × 構成比_FD仕入 計	原価系	店長	dim_shop, dim_month, dim_product	🟢 既実装	小	🟡 加重平均	率指標は加重平均	metric	FLOW	画面内	原価管理	FD率分析	FD率の推移把握、ロス削減/原価コントロール優先順位 (KPI単独表示)	L2-S	3軸クロス集計: 親メジャー(S235) を shop × month × product で算出	-	S235	仕入金額(全体)	month,quarter,year	月次	shop × month × product	60M	nightly + monthly_finalize	batch	納品確定後
マッピング_3軸	個別	MAP3S-00071	店舗 × 月 × 商品 × 構成比_人件費 計	人件費系	店長	dim_shop, dim_month, dim_product	🟢 既実装	小	🟡 加重平均	率指標は加重平均	metric	FLOW	画面内	人件費効率	スタッフ別人件費	スタッフ別の人時生産性評価、教育投資/シフト配置最適化 (KPI単独表示)	L2-S	3軸クロス集計: 親メジャー(S236) を shop × month × product で算出	-	S236	売上(税抜)	month,quarter,year	月次	shop × month × product	60M	nightly + monthly_finalize	batch	確定なし
マッピング_3軸	個別	MAP3S-00072	店舗 × 月 × 商品 × 構成比_その他経費 計	その他	店長	dim_shop, dim_month, dim_product	🟢 既実装	小	🟡 加重平均	率指標は加重平均	metric	FLOW	画面内	売上分析	店舗別売上	店舗ごとの売上推移を比較し、伸長/落ち込み店舗を早期発見、施策効果検証 (KPI単独表示)	L2-S	3軸クロス集計: 親メジャー(S237) を shop × month × product で算出	-	S237	売上(税抜)	month,quarter,year	月次	shop × month × product	60M	nightly + monthly_finalize	batch	確定なし
マッピング_3軸	個別	MAP3S-00073	店舗 × 月 × 商品 × 構成比_営業利益	収益性	店長	dim_shop, dim_month, dim_product	🟢 既実装	小	🟡 加重平均	率指標は加重平均	metric	FLOW	画面内	利益分析	店舗別利益	店舗別の利益貢献を可視化、低収益店舗の改善優先順位付け (KPI単独表示)	L2-S	3軸クロス集計: 親メジャー(S238) を shop × month × product で算出	-	S238	売上(税抜)	month,quarter,year	月次	shop × month × product	60M	nightly + monthly_finalize	batch	月次締め後（全費目確定）
マッピング_3軸	個別	MAP3S-00074	店舗 × 月 × 商品 × 予算構成比_総売上 計	予実系	店長	dim_shop, dim_month, dim_product	🟢 既実装	小	🟡 加重平均	率指標は加重平均	metric	FORECAST	画面内	予実管理	売上予実	売上の達成率/進捗率モニタリング、月中の早期是正アクション (KPI単独表示)	L2-S	3軸クロス集計: 親メジャー(S515) を shop × month × product で算出	-	S515	売上(税抜)	month,quarter,year	月次	shop × month × product	36M	on_budget_update	hybrid	予算確定後
マッピング_3軸	個別	MAP3S-00075	店舗 × 月 × 商品 × 予算構成比_フード売上 計	予実系	店長	dim_shop, dim_month, dim_product	🟢 既実装	小	🟡 加重平均	率指標は加重平均	metric	FORECAST	画面内	予実管理	売上予実	売上の達成率/進捗率モニタリング、月中の早期是正アクション (KPI単独表示)	L2-S	3軸クロス集計: 親メジャー(S516) を shop × month × product で算出	-	S516	売上(税抜)	month,quarter,year	月次	shop × month × product	36M	on_budget_update	hybrid	予算確定後
マッピング_3軸	個別	MAP3S-00076	店舗 × 月 × 商品 × 予算構成比_ドリンク売上 計	予実系	店長	dim_shop, dim_month, dim_product	🟢 既実装	小	🟡 加重平均	率指標は加重平均	metric	FORECAST	画面内	予実管理	売上予実	売上の達成率/進捗率モニタリング、月中の早期是正アクション (KPI単独表示)	L2-S	3軸クロス集計: 親メジャー(S517) を shop × month × product で算出	-	S517	売上(税抜)	month,quarter,year	月次	shop × month × product	36M	on_budget_update	hybrid	予算確定後
マッピング_3軸	個別	MAP3S-00077	店舗 × 月 × 商品 × 予算構成比_FLコスト 計	予実系	店長	dim_shop, dim_month, dim_product	🟢 既実装	小	🟡 加重平均	率指標は加重平均	metric	FORECAST	画面内	予実管理	売上予実	売上の達成率/進捗率モニタリング、月中の早期是正アクション (KPI単独表示)	L2-S	3軸クロス集計: 親メジャー(S519) を shop × month × product で算出	-	S519	売上(税抜)	month,quarter,year	月次	shop × month × product	36M	on_budget_update	hybrid	予算確定後
マッピング_3軸	個別	MAP3S-00078	店舗 × 月 × 商品 × 予算構成比_FD仕入 計	原価系	店長	dim_shop, dim_month, dim_product	🟢 既実装	小	🟡 加重平均	率指標は加重平均	metric	FORECAST	画面内	予実管理	売上予実	売上の達成率/進捗率モニタリング、月中の早期是正アクション (KPI単独表示)	L2-S	3軸クロス集計: 親メジャー(S520) を shop × month × product で算出	-	S520	仕入金額(全体)	month,quarter,year	月次	shop × month × product	36M	on_budget_update	hybrid	予算確定後
マッピング_3軸	個別	MAP3S-00079	店舗 × 月 × 商品 × 予算構成比_人件費 計	人件費系	店長	dim_shop, dim_month, dim_product	🟢 既実装	小	🟡 加重平均	率指標は加重平均	metric	FORECAST	画面内	人件費効率	スタッフ別人件費	スタッフ別の人時生産性評価、教育投資/シフト配置最適化 (KPI単独表示)	L2-S	3軸クロス集計: 親メジャー(S521) を shop × month × product で算出	-	S521	売上(税抜)	month,quarter,year	月次	shop × month × product	36M	on_budget_update	hybrid	予算確定後
マッピング_3軸	個別	MAP3S-00080	店舗 × 月 × 商品 × 予算構成比_その他経費 計	予実系	店長	dim_shop, dim_month, dim_product	🟢 既実装	小	🟡 加重平均	率指標は加重平均	metric	FORECAST	画面内	予実管理	経費予実	経費の予算超過リスク検知、削減ポイント特定 (KPI単独表示)	L2-S	3軸クロス集計: 親メジャー(S522) を shop × month × product で算出	-	S522	売上(税抜)	month,quarter,year	月次	shop × month × product	36M	on_budget_update	hybrid	予算確定後
マッピング_3軸	個別	MAP3S-00081	店舗 × 月 × 商品 × 予算構成比_営業利益	予実系	店長	dim_shop, dim_month, dim_product	🟢 既実装	小	🟡 加重平均	率指標は加重平均	metric	FORECAST	画面内	予実管理	売上予実	売上の達成率/進捗率モニタリング、月中の早期是正アクション (KPI単独表示)	L2-S	3軸クロス集計: 親メジャー(S523) を shop × month × product で算出	-	S523	売上(税抜)	month,quarter,year	月次	shop × month × product	36M	on_budget_update	hybrid	予算確定後
マッピング_3軸	個別	MAP3S-00082	店舗 × 月 × 商品 × 予実差額_総売上 計	売上系	店長	dim_shop, dim_month, dim_product	🟢 既実装	小	🟢 制限なし	そのまま集計可能	metric	FLOW	画面内	売上分析	店舗別売上	店舗ごとの売上推移を比較し、伸長/落ち込み店舗を早期発見、施策効果検証 (KPI単独表示)	L2-S	3軸クロス集計: 親メジャー(S524) を shop × month × product で算出	-	S524		month,quarter,year	月次	shop × month × product	36M	nightly + monthly_finalize	hybrid	翌日日次確定
マッピング_3軸	個別	MAP3S-00083	店舗 × 月 × 商品 × 予実差額_フード売上 計	売上系	店長	dim_shop, dim_month, dim_product	🟢 既実装	小	🟢 制限なし	そのまま集計可能	metric	FLOW	画面内	売上分析	店舗別売上	店舗ごとの売上推移を比較し、伸長/落ち込み店舗を早期発見、施策効果検証 (KPI単独表示)	L2-S	3軸クロス集計: 親メジャー(S525) を shop × month × product で算出	-	S525		month,quarter,year	月次	shop × month × product	36M	nightly + monthly_finalize	hybrid	翌日日次確定
マッピング_3軸	個別	MAP3S-00084	店舗 × 月 × 商品 × 予実差額_ドリンク売上 計	売上系	店長	dim_shop, dim_month, dim_product	🟢 既実装	小	🟢 制限なし	そのまま集計可能	metric	FLOW	画面内	売上分析	店舗別売上	店舗ごとの売上推移を比較し、伸長/落ち込み店舗を早期発見、施策効果検証 (KPI単独表示)	L2-S	3軸クロス集計: 親メジャー(S526) を shop × month × product で算出	-	S526		month,quarter,year	月次	shop × month × product	36M	nightly + monthly_finalize	hybrid	翌日日次確定
マッピング_3軸	個別	MAP3S-00085	店舗 × 月 × 商品 × 予実差額_FLコスト 計	その他	店長	dim_shop, dim_month, dim_product	🟢 既実装	小	🟢 制限なし	そのまま集計可能	metric	FLOW	画面内	売上分析	店舗別売上	店舗ごとの売上推移を比較し、伸長/落ち込み店舗を早期発見、施策効果検証 (KPI単独表示)	L2-S	3軸クロス集計: 親メジャー(S528) を shop × month × product で算出	-	S528		month,quarter,year	月次	shop × month × product	36M	nightly + monthly_finalize	hybrid	確定なし
マッピング_3軸	個別	MAP3S-00086	店舗 × 月 × 商品 × 予実差額_人件費 計	人件費系	店長	dim_shop, dim_month, dim_product	🟢 既実装	小	🟢 制限なし	そのまま集計可能	metric	FLOW	画面内	人件費効率	スタッフ別人件費	スタッフ別の人時生産性評価、教育投資/シフト配置最適化 (KPI単独表示)	L2-S	3軸クロス集計: 親メジャー(S530) を shop × month × product で算出	-	S530		month,quarter,year	月次	shop × month × product	36M	nightly + monthly_finalize	hybrid	確定なし
マッピング_3軸	個別	MAP3S-00087	店舗 × 月 × 商品 × 予実差額_その他経費 計	その他	店長	dim_shop, dim_month, dim_product	🟢 既実装	小	🟢 制限なし	そのまま集計可能	metric	FLOW	画面内	売上分析	店舗別売上	店舗ごとの売上推移を比較し、伸長/落ち込み店舗を早期発見、施策効果検証 (KPI単独表示)	L2-S	3軸クロス集計: 親メジャー(S531) を shop × month × product で算出	-	S531		month,quarter,year	月次	shop × month × product	36M	nightly + monthly_finalize	hybrid	確定なし
マッピング_3軸	個別	MAP3S-00088	店舗 × 月 × 商品 × 予実差額_営業利益	収益性	店長	dim_shop, dim_month, dim_product	🟢 既実装	小	🟢 制限なし	そのまま集計可能	metric	FLOW	画面内	利益分析	店舗別利益	店舗別の利益貢献を可視化、低収益店舗の改善優先順位付け (KPI単独表示)	L2-S	3軸クロス集計: 親メジャー(S532) を shop × month × product で算出	-	S532		month,quarter,year	月次	shop × month × product	36M	nightly + monthly_finalize	hybrid	月次締め後（全費目確定）
マッピング_3軸	個別	MAP3S-00089	店舗 × 月 × 商品 × 予算対比率_総売上 計	予実系	店長	dim_shop, dim_month, dim_product	🟢 既実装	小	🟡 加重平均	率指標は加重平均	metric	FORECAST	画面内	予実管理	売上予実	売上の達成率/進捗率モニタリング、月中の早期是正アクション (KPI単独表示)	L2-S	3軸クロス集計: 親メジャー(S533) を shop × month × product で算出	-	S533	売上(税抜)	month,quarter,year	月次	shop × month × product	36M	on_budget_update	hybrid	予算確定後
マッピング_3軸	個別	MAP3S-00090	店舗 × 月 × 商品 × 予算対比率_フード売上 計	予実系	店長	dim_shop, dim_month, dim_product	🟢 既実装	小	🟡 加重平均	率指標は加重平均	metric	FORECAST	画面内	予実管理	売上予実	売上の達成率/進捗率モニタリング、月中の早期是正アクション (KPI単独表示)	L2-S	3軸クロス集計: 親メジャー(S534) を shop × month × product で算出	-	S534	売上(税抜)	month,quarter,year	月次	shop × month × product	36M	on_budget_update	hybrid	予算確定後
マッピング_3軸	個別	MAP3S-00091	店舗 × 月 × 商品 × 予算対比率_ドリンク売上 計	予実系	店長	dim_shop, dim_month, dim_product	🟢 既実装	小	🟡 加重平均	率指標は加重平均	metric	FORECAST	画面内	予実管理	売上予実	売上の達成率/進捗率モニタリング、月中の早期是正アクション (KPI単独表示)	L2-S	3軸クロス集計: 親メジャー(S535) を shop × month × product で算出	-	S535	売上(税抜)	month,quarter,year	月次	shop × month × product	36M	on_budget_update	hybrid	予算確定後
マッピング_3軸	個別	MAP3S-00092	店舗 × 月 × 商品 × 予算対比率_FLコスト 計	予実系	店長	dim_shop, dim_month, dim_product	🟢 既実装	小	🟡 加重平均	率指標は加重平均	metric	FORECAST	画面内	予実管理	売上予実	売上の達成率/進捗率モニタリング、月中の早期是正アクション (KPI単独表示)	L2-S	3軸クロス集計: 親メジャー(S537) を shop × month × product で算出	-	S537	売上(税抜)	month,quarter,year	月次	shop × month × product	36M	on_budget_update	hybrid	予算確定後
マッピング_3軸	個別	MAP3S-00093	店舗 × 月 × 商品 × 予算対比率_人件費 計	人件費系	店長	dim_shop, dim_month, dim_product	🟢 既実装	小	🟡 加重平均	率指標は加重平均	metric	FORECAST	画面内	人件費効率	PA率分析	PA率の店舗/業態比較、人件費効率改善の優先順位 (KPI単独表示)	L2-S	3軸クロス集計: 親メジャー(S539) を shop × month × product で算出	-	S539	売上(税抜)	month,quarter,year	月次	shop × month × product	36M	on_budget_update	hybrid	予算確定後
マッピング_3軸	個別	MAP3S-00094	店舗 × 月 × 商品 × 予算対比率_その他経費 計	予実系	店長	dim_shop, dim_month, dim_product	🟢 既実装	小	🟡 加重平均	率指標は加重平均	metric	FORECAST	画面内	予実管理	経費予実	経費の予算超過リスク検知、削減ポイント特定 (KPI単独表示)	L2-S	3軸クロス集計: 親メジャー(S540) を shop × month × product で算出	-	S540	売上(税抜)	month,quarter,year	月次	shop × month × product	36M	on_budget_update	hybrid	予算確定後
マッピング_3軸	個別	MAP3S-00095	店舗 × 月 × 商品 × 予算対比率_営業利益	予実系	店長	dim_shop, dim_month, dim_product	🟢 既実装	小	🟡 加重平均	率指標は加重平均	metric	FORECAST	画面内	予実管理	売上予実	売上の達成率/進捗率モニタリング、月中の早期是正アクション (KPI単独表示)	L2-S	3軸クロス集計: 親メジャー(S541) を shop × month × product で算出	-	S541	売上(税抜)	month,quarter,year	月次	shop × month × product	36M	on_budget_update	hybrid	予算確定後
マッピング_3軸	個別	MAP3S-00096	店舗 × 月 × 商品 × 構成比_総売上 計	売上系	店長	dim_shop, dim_month, dim_product	🟢 既実装	小	🟡 加重平均	率指標は加重平均	metric	FLOW	画面内	売上分析	店舗別売上	店舗ごとの売上推移を比較し、伸長/落ち込み店舗を早期発見、施策効果検証 (KPI単独表示)	L2-S	3軸クロス集計: 親メジャー(S542) を shop × month × product で算出	-	S542	売上(税抜)	month,quarter,year	月次	shop × month × product	36M	nightly + monthly_finalize	hybrid	翌日日次確定
マッピング_3軸	個別	MAP3S-00097	店舗 × 月 × 商品 × 構成比_フード売上 計	売上系	店長	dim_shop, dim_month, dim_product	🟢 既実装	小	🟡 加重平均	率指標は加重平均	metric	FLOW	画面内	売上分析	店舗別売上	店舗ごとの売上推移を比較し、伸長/落ち込み店舗を早期発見、施策効果検証 (KPI単独表示)	L2-S	3軸クロス集計: 親メジャー(S543) を shop × month × product で算出	-	S543	売上(税抜)	month,quarter,year	月次	shop × month × product	36M	nightly + monthly_finalize	hybrid	翌日日次確定
マッピング_3軸	個別	MAP3S-00098	店舗 × 月 × 商品 × 構成比_ドリンク売上 計	売上系	店長	dim_shop, dim_month, dim_product	🟢 既実装	小	🟡 加重平均	率指標は加重平均	metric	FLOW	画面内	売上分析	店舗別売上	店舗ごとの売上推移を比較し、伸長/落ち込み店舗を早期発見、施策効果検証 (KPI単独表示)	L2-S	3軸クロス集計: 親メジャー(S544) を shop × month × product で算出	-	S544	売上(税抜)	month,quarter,year	月次	shop × month × product	36M	nightly + monthly_finalize	hybrid	翌日日次確定
マッピング_3軸	個別	MAP3S-00099	店舗 × 月 × 商品 × 構成比_FLコスト 計	その他	店長	dim_shop, dim_month, dim_product	🟢 既実装	小	🟡 加重平均	率指標は加重平均	metric	FLOW	画面内	売上分析	店舗別売上	店舗ごとの売上推移を比較し、伸長/落ち込み店舗を早期発見、施策効果検証 (KPI単独表示)	L2-S	3軸クロス集計: 親メジャー(S546) を shop × month × product で算出	-	S546	売上(税抜)	month,quarter,year	月次	shop × month × product	36M	nightly + monthly_finalize	hybrid	確定なし
マッピング_3軸	個別	MAP3S-00100	店舗 × 月 × 商品 × 構成比_FD仕入 計	原価系	店長	dim_shop, dim_month, dim_product	🟢 既実装	小	🟡 加重平均	率指標は加重平均	metric	FLOW	画面内	原価管理	FD率分析	FD率の推移把握、ロス削減/原価コントロール優先順位 (KPI単独表示)	L2-S	3軸クロス集計: 親メジャー(S547) を shop × month × product で算出	-	S547	仕入金額(全体)	month,quarter,year	月次	shop × month × product	36M	nightly + monthly_finalize	hybrid	納品確定後
マッピング_3軸	個別	MAP3S-00101	店舗 × 月 × 商品 × 構成比_人件費 計	人件費系	店長	dim_shop, dim_month, dim_product	🟢 既実装	小	🟡 加重平均	率指標は加重平均	metric	FLOW	画面内	人件費効率	スタッフ別人件費	スタッフ別の人時生産性評価、教育投資/シフト配置最適化 (KPI単独表示)	L2-S	3軸クロス集計: 親メジャー(S548) を shop × month × product で算出	-	S548	売上(税抜)	month,quarter,year	月次	shop × month × product	36M	nightly + monthly_finalize	hybrid	確定なし
マッピング_3軸	個別	MAP3S-00102	店舗 × 月 × 商品 × 構成比_その他経費 計	その他	店長	dim_shop, dim_month, dim_product	🟢 既実装	小	🟡 加重平均	率指標は加重平均	metric	FLOW	画面内	売上分析	店舗別売上	店舗ごとの売上推移を比較し、伸長/落ち込み店舗を早期発見、施策効果検証 (KPI単独表示)	L2-S	3軸クロス集計: 親メジャー(S549) を shop × month × product で算出	-	S549	売上(税抜)	month,quarter,year	月次	shop × month × product	36M	nightly + monthly_finalize	hybrid	確定なし
マッピング_3軸	個別	MAP3S-00103	店舗 × 月 × 商品 × 構成比_営業利益	収益性	店長	dim_shop, dim_month, dim_product	🟢 既実装	小	🟡 加重平均	率指標は加重平均	metric	FLOW	画面内	利益分析	店舗別利益	店舗別の利益貢献を可視化、低収益店舗の改善優先順位付け (KPI単独表示)	L2-S	3軸クロス集計: 親メジャー(S550) を shop × month × product で算出	-	S550	売上(税抜)	month,quarter,year	月次	shop × month × product	36M	nightly + monthly_finalize	hybrid	月次締め後（全費目確定）
マッピング_3軸	個別	MAP3S-00104	店舗 × 月 × 商品 × 年間予実差額_総売上 計	売上系	店長	dim_shop, dim_month, dim_product	🟢 既実装	小	🟢 制限なし	そのまま集計可能	metric	FLOW	画面内	売上分析	店舗別売上	店舗ごとの売上推移を比較し、伸長/落ち込み店舗を早期発見、施策効果検証 (KPI単独表示)	L2-S	3軸クロス集計: 親メジャー(S587) を shop × month × product で算出	-	S587		year	月次	shop × month × product	60M	nightly + monthly_finalize	batch	翌日日次確定
マッピング_3軸	個別	MAP3S-00105	店舗 × 月 × 商品 × 年間予実差額_フード売上 計	売上系	店長	dim_shop, dim_month, dim_product	🟢 既実装	小	🟢 制限なし	そのまま集計可能	metric	FLOW	画面内	売上分析	店舗別売上	店舗ごとの売上推移を比較し、伸長/落ち込み店舗を早期発見、施策効果検証 (KPI単独表示)	L2-S	3軸クロス集計: 親メジャー(S588) を shop × month × product で算出	-	S588		year	月次	shop × month × product	60M	nightly + monthly_finalize	batch	翌日日次確定
マッピング_3軸	個別	MAP3S-00106	店舗 × 月 × 時間帯 × 商品 × 年間予実差額_フード売上ランチ	売上系	店長	dim_shop, dim_month, dim_time_slot, dim_product	🟢 既実装	小	🟢 制限なし	そのまま集計可能	metric	FLOW	画面内	売上分析	店舗別売上	店舗ごとの売上推移を比較し、伸長/落ち込み店舗を早期発見、施策効果検証 (KPI単独表示)	L2-S	3軸クロス集計: 親メジャー(S589) を shop × month × time_slot × product で算出	-	S589		year	月次	shop × month × time_slot × product	60M	nightly + monthly_finalize	batch	翌日日次確定
マッピング_3軸	個別	MAP3S-00107	店舗 × 月 × 時間帯 × 商品 × 年間予実差額_フード売上ディナー	売上系	店長	dim_shop, dim_month, dim_time_slot, dim_product	🟢 既実装	小	🟢 制限なし	そのまま集計可能	metric	FLOW	画面内	売上分析	店舗別売上	店舗ごとの売上推移を比較し、伸長/落ち込み店舗を早期発見、施策効果検証 (KPI単独表示)	L2-S	3軸クロス集計: 親メジャー(S590) を shop × month × time_slot × product で算出	-	S590		year	月次	shop × month × time_slot × product	60M	nightly + monthly_finalize	batch	翌日日次確定
マッピング_3軸	個別	MAP3S-00108	店舗 × 月 × 商品 × 年間予実差額_ドリンク売上 計	売上系	店長	dim_shop, dim_month, dim_product	🟢 既実装	小	🟢 制限なし	そのまま集計可能	metric	FLOW	画面内	売上分析	店舗別売上	店舗ごとの売上推移を比較し、伸長/落ち込み店舗を早期発見、施策効果検証 (KPI単独表示)	L2-S	3軸クロス集計: 親メジャー(S591) を shop × month × product で算出	-	S591		year	月次	shop × month × product	60M	nightly + monthly_finalize	batch	翌日日次確定
マッピング_3軸	個別	MAP3S-00109	店舗 × 月 × 時間帯 × 商品 × 年間予実差額_ドリンク売上ランチ	売上系	店長	dim_shop, dim_month, dim_time_slot, dim_product	🟢 既実装	小	🟢 制限なし	そのまま集計可能	metric	FLOW	画面内	売上分析	店舗別売上	店舗ごとの売上推移を比較し、伸長/落ち込み店舗を早期発見、施策効果検証 (KPI単独表示)	L2-S	3軸クロス集計: 親メジャー(S592) を shop × month × time_slot × product で算出	-	S592		year	月次	shop × month × time_slot × product	60M	nightly + monthly_finalize	batch	翌日日次確定
マッピング_3軸	個別	MAP3S-00110	店舗 × 月 × 時間帯 × 商品 × 年間予実差額_ドリンク売上ディナー	売上系	店長	dim_shop, dim_month, dim_time_slot, dim_product	🟢 既実装	小	🟢 制限なし	そのまま集計可能	metric	FLOW	画面内	売上分析	店舗別売上	店舗ごとの売上推移を比較し、伸長/落ち込み店舗を早期発見、施策効果検証 (KPI単独表示)	L2-S	3軸クロス集計: 親メジャー(S593) を shop × month × time_slot × product で算出	-	S593		year	月次	shop × month × time_slot × product	60M	nightly + monthly_finalize	batch	翌日日次確定
マッピング_3軸	個別	MAP3S-00111	店舗 × 月 × 時間帯 × 年間予実差額_その他売上ランチ	売上系	店長	dim_shop, dim_month, dim_time_slot	🟢 既実装	小	🟢 制限なし	そのまま集計可能	metric	FLOW	画面内	売上分析	店舗別売上	店舗ごとの売上推移を比較し、伸長/落ち込み店舗を早期発見、施策効果検証 (KPI単独表示)	L2-S	3軸クロス集計: 親メジャー(S595) を shop × month × time_slot で算出	-	S595		year	月次	shop × month × time_slot	60M	nightly + monthly_finalize	batch	翌日日次確定
マッピング_3軸	個別	MAP3S-00112	店舗 × 月 × 時間帯 × 年間予実差額_その他売上ディナー	売上系	店長	dim_shop, dim_month, dim_time_slot	🟢 既実装	小	🟢 制限なし	そのまま集計可能	metric	FLOW	画面内	売上分析	店舗別売上	店舗ごとの売上推移を比較し、伸長/落ち込み店舗を早期発見、施策効果検証 (KPI単独表示)	L2-S	3軸クロス集計: 親メジャー(S596) を shop × month × time_slot で算出	-	S596		year	月次	shop × month × time_slot	60M	nightly + monthly_finalize	batch	翌日日次確定
マッピング_3軸	個別	MAP3S-00113	店舗 × 月 × 商品 × 年間予実差額_FLコスト 計	その他	店長	dim_shop, dim_month, dim_product	🟢 既実装	小	🟢 制限なし	そのまま集計可能	metric	FLOW	画面内	売上分析	店舗別売上	店舗ごとの売上推移を比較し、伸長/落ち込み店舗を早期発見、施策効果検証 (KPI単独表示)	L2-S	3軸クロス集計: 親メジャー(S597) を shop × month × product で算出	-	S597		year	月次	shop × month × product	60M	nightly + monthly_finalize	batch	確定なし
マッピング_3軸	個別	MAP3S-00114	店舗 × 月 × 商品 × 年間予実差額_人件費 計	人件費系	店長	dim_shop, dim_month, dim_product	🟢 既実装	小	🟢 制限なし	そのまま集計可能	metric	FLOW	画面内	人件費効率	スタッフ別人件費	スタッフ別の人時生産性評価、教育投資/シフト配置最適化 (KPI単独表示)	L2-S	3軸クロス集計: 親メジャー(S601) を shop × month × product で算出	-	S601		year	月次	shop × month × product	60M	nightly + monthly_finalize	batch	確定なし
マッピング_3軸	個別	MAP3S-00115	店舗 × 月 × 商品 × 年間予実差額_その他経費 計	その他	店長	dim_shop, dim_month, dim_product	🟢 既実装	小	🟢 制限なし	そのまま集計可能	metric	FLOW	画面内	売上分析	店舗別売上	店舗ごとの売上推移を比較し、伸長/落ち込み店舗を早期発見、施策効果検証 (KPI単独表示)	L2-S	3軸クロス集計: 親メジャー(S606) を shop × month × product で算出	-	S606		year	月次	shop × month × product	60M	nightly + monthly_finalize	batch	確定なし
マッピング_3軸	個別	MAP3S-00116	店舗 × 月 × 商品 × 年間予実差額_営業利益	収益性	店長	dim_shop, dim_month, dim_product	🟢 既実装	小	🟢 制限なし	そのまま集計可能	metric	FLOW	画面内	利益分析	店舗別利益	店舗別の利益貢献を可視化、低収益店舗の改善優先順位付け (KPI単独表示)	L2-S	3軸クロス集計: 親メジャー(S622) を shop × month × product で算出	-	S622		year	月次	shop × month × product	60M	nightly + monthly_finalize	batch	月次締め後（全費目確定）
マッピング_3軸	個別	MAP3S-00117	店舗 × 月 × 商品 × 年間予算対比率_総売上 計	予実系	店長	dim_shop, dim_month, dim_product	🟢 既実装	小	🟡 加重平均	率指標は加重平均	metric	FORECAST	画面内	予実管理	売上予実	売上の達成率/進捗率モニタリング、月中の早期是正アクション (KPI単独表示)	L2-S	3軸クロス集計: 親メジャー(S623) を shop × month × product で算出	-	S623	売上(税抜)	year	月次	shop × month × product	60M	on_budget_update	batch	予算確定後
マッピング_3軸	個別	MAP3S-00118	店舗 × 月 × 商品 × 年間予算対比率_フード売上 計	予実系	店長	dim_shop, dim_month, dim_product	🟢 既実装	小	🟡 加重平均	率指標は加重平均	metric	FORECAST	画面内	予実管理	売上予実	売上の達成率/進捗率モニタリング、月中の早期是正アクション (KPI単独表示)	L2-S	3軸クロス集計: 親メジャー(S624) を shop × month × product で算出	-	S624	売上(税抜)	year	月次	shop × month × product	60M	on_budget_update	batch	予算確定後
マッピング_3軸	個別	MAP3S-00119	店舗 × 月 × 時間帯 × 商品 × 年間予算対比率_フード売上ランチ	予実系	店長	dim_shop, dim_month, dim_time_slot, dim_product	🟢 既実装	小	🟡 加重平均	率指標は加重平均	metric	FORECAST	画面内	予実管理	売上予実	売上の達成率/進捗率モニタリング、月中の早期是正アクション (KPI単独表示)	L2-S	3軸クロス集計: 親メジャー(S625) を shop × month × time_slot × product で算出	-	S625	売上(税抜)	year	月次	shop × month × time_slot × product	60M	on_budget_update	batch	予算確定後
マッピング_3軸	個別	MAP3S-00120	店舗 × 月 × 時間帯 × 商品 × 年間予算対比率_フード売上ディナー	予実系	店長	dim_shop, dim_month, dim_time_slot, dim_product	🟢 既実装	小	🟡 加重平均	率指標は加重平均	metric	FORECAST	画面内	予実管理	売上予実	売上の達成率/進捗率モニタリング、月中の早期是正アクション (KPI単独表示)	L2-S	3軸クロス集計: 親メジャー(S626) を shop × month × time_slot × product で算出	-	S626	売上(税抜)	year	月次	shop × month × time_slot × product	60M	on_budget_update	batch	予算確定後
マッピング_3軸	個別	MAP3S-00121	店舗 × 月 × 商品 × 年間予算対比率_ドリンク売上 計	予実系	店長	dim_shop, dim_month, dim_product	🟢 既実装	小	🟡 加重平均	率指標は加重平均	metric	FORECAST	画面内	予実管理	売上予実	売上の達成率/進捗率モニタリング、月中の早期是正アクション (KPI単独表示)	L2-S	3軸クロス集計: 親メジャー(S627) を shop × month × product で算出	-	S627	売上(税抜)	year	月次	shop × month × product	60M	on_budget_update	batch	予算確定後
マッピング_3軸	個別	MAP3S-00122	店舗 × 月 × 時間帯 × 商品 × 年間予算対比率_ドリンク売上ランチ	予実系	店長	dim_shop, dim_month, dim_time_slot, dim_product	🟢 既実装	小	🟡 加重平均	率指標は加重平均	metric	FORECAST	画面内	予実管理	売上予実	売上の達成率/進捗率モニタリング、月中の早期是正アクション (KPI単独表示)	L2-S	3軸クロス集計: 親メジャー(S628) を shop × month × time_slot × product で算出	-	S628	売上(税抜)	year	月次	shop × month × time_slot × product	60M	on_budget_update	batch	予算確定後
マッピング_3軸	個別	MAP3S-00123	店舗 × 月 × 時間帯 × 商品 × 年間予算対比率_ドリンク売上ディナー	予実系	店長	dim_shop, dim_month, dim_time_slot, dim_product	🟢 既実装	小	🟡 加重平均	率指標は加重平均	metric	FORECAST	画面内	予実管理	売上予実	売上の達成率/進捗率モニタリング、月中の早期是正アクション (KPI単独表示)	L2-S	3軸クロス集計: 親メジャー(S629) を shop × month × time_slot × product で算出	-	S629	売上(税抜)	year	月次	shop × month × time_slot × product	60M	on_budget_update	batch	予算確定後
マッピング_3軸	個別	MAP3S-00124	店舗 × 月 × 時間帯 × 年間予算対比率_その他売上ランチ	予実系	店長	dim_shop, dim_month, dim_time_slot	🟢 既実装	小	🟡 加重平均	率指標は加重平均	metric	FORECAST	画面内	予実管理	売上予実	売上の達成率/進捗率モニタリング、月中の早期是正アクション (KPI単独表示)	L2-S	3軸クロス集計: 親メジャー(S631) を shop × month × time_slot で算出	-	S631	売上(税抜)	year	月次	shop × month × time_slot	60M	on_budget_update	batch	予算確定後
マッピング_3軸	個別	MAP3S-00125	店舗 × 月 × 時間帯 × 年間予算対比率_その他売上ディナー	予実系	店長	dim_shop, dim_month, dim_time_slot	🟢 既実装	小	🟡 加重平均	率指標は加重平均	metric	FORECAST	画面内	予実管理	売上予実	売上の達成率/進捗率モニタリング、月中の早期是正アクション (KPI単独表示)	L2-S	3軸クロス集計: 親メジャー(S632) を shop × month × time_slot で算出	-	S632	売上(税抜)	year	月次	shop × month × time_slot	60M	on_budget_update	batch	予算確定後
マッピング_3軸	個別	MAP3S-00126	店舗 × 月 × 商品 × 年間予算対比率_FLコスト 計	予実系	店長	dim_shop, dim_month, dim_product	🟢 既実装	小	🟡 加重平均	率指標は加重平均	metric	FORECAST	画面内	予実管理	売上予実	売上の達成率/進捗率モニタリング、月中の早期是正アクション (KPI単独表示)	L2-S	3軸クロス集計: 親メジャー(S633) を shop × month × product で算出	-	S633	売上(税抜)	year	月次	shop × month × product	60M	on_budget_update	batch	予算確定後
マッピング_3軸	個別	MAP3S-00127	店舗 × 月 × 商品 × 年間予算対比率_人件費 計	人件費系	店長	dim_shop, dim_month, dim_product	🟢 既実装	小	🟡 加重平均	率指標は加重平均	metric	FORECAST	画面内	人件費効率	PA率分析	PA率の店舗/業態比較、人件費効率改善の優先順位 (KPI単独表示)	L2-S	3軸クロス集計: 親メジャー(S637) を shop × month × product で算出	-	S637	売上(税抜)	year	月次	shop × month × product	60M	on_budget_update	batch	予算確定後
マッピング_3軸	個別	MAP3S-00128	店舗 × 月 × 商品 × 年間予算対比率_その他経費 計	予実系	店長	dim_shop, dim_month, dim_product	🟢 既実装	小	🟡 加重平均	率指標は加重平均	metric	FORECAST	画面内	予実管理	経費予実	経費の予算超過リスク検知、削減ポイント特定 (KPI単独表示)	L2-S	3軸クロス集計: 親メジャー(S642) を shop × month × product で算出	-	S642	売上(税抜)	year	月次	shop × month × product	60M	on_budget_update	batch	予算確定後
マッピング_3軸	個別	MAP3S-00129	店舗 × 月 × 商品 × 年間予算対比率_営業利益	予実系	店長	dim_shop, dim_month, dim_product	🟢 既実装	小	🟡 加重平均	率指標は加重平均	metric	FORECAST	画面内	予実管理	売上予実	売上の達成率/進捗率モニタリング、月中の早期是正アクション (KPI単独表示)	L2-S	3軸クロス集計: 親メジャー(S658) を shop × month × product で算出	-	S658	売上(税抜)	year	月次	shop × month × product	60M	on_budget_update	batch	予算確定後
マッピング_3軸	個別	MAP3S-00130	店舗 × 月 × 商品 × 年間予算構成比_総売上 計	予実系	店長	dim_shop, dim_month, dim_product	🟢 既実装	小	🟡 加重平均	率指標は加重平均	metric	FORECAST	画面内	予実管理	売上予実	売上の達成率/進捗率モニタリング、月中の早期是正アクション (KPI単独表示)	L2-S	3軸クロス集計: 親メジャー(S659) を shop × month × product で算出	-	S659	売上(税抜)	year	月次	shop × month × product	60M	on_budget_update	batch	予算確定後
マッピング_3軸	個別	MAP3S-00131	店舗 × 月 × 商品 × 年間予算構成比_フード売上 計	予実系	店長	dim_shop, dim_month, dim_product	🟢 既実装	小	🟡 加重平均	率指標は加重平均	metric	FORECAST	画面内	予実管理	売上予実	売上の達成率/進捗率モニタリング、月中の早期是正アクション (KPI単独表示)	L2-S	3軸クロス集計: 親メジャー(S660) を shop × month × product で算出	-	S660	売上(税抜)	year	月次	shop × month × product	60M	on_budget_update	batch	予算確定後
マッピング_3軸	個別	MAP3S-00132	店舗 × 月 × 時間帯 × 商品 × 年間予算構成比_フード売上ランチ	予実系	店長	dim_shop, dim_month, dim_time_slot, dim_product	🟢 既実装	小	🟡 加重平均	率指標は加重平均	metric	FORECAST	画面内	予実管理	売上予実	売上の達成率/進捗率モニタリング、月中の早期是正アクション (KPI単独表示)	L2-S	3軸クロス集計: 親メジャー(S661) を shop × month × time_slot × product で算出	-	S661	売上(税抜)	year	月次	shop × month × time_slot × product	60M	on_budget_update	batch	予算確定後
マッピング_3軸	個別	MAP3S-00133	店舗 × 月 × 時間帯 × 商品 × 年間予算構成比_フード売上ディナー	予実系	店長	dim_shop, dim_month, dim_time_slot, dim_product	🟢 既実装	小	🟡 加重平均	率指標は加重平均	metric	FORECAST	画面内	予実管理	売上予実	売上の達成率/進捗率モニタリング、月中の早期是正アクション (KPI単独表示)	L2-S	3軸クロス集計: 親メジャー(S662) を shop × month × time_slot × product で算出	-	S662	売上(税抜)	year	月次	shop × month × time_slot × product	60M	on_budget_update	batch	予算確定後
マッピング_3軸	個別	MAP3S-00134	店舗 × 月 × 商品 × 年間予算構成比_ドリンク売上 計	予実系	店長	dim_shop, dim_month, dim_product	🟢 既実装	小	🟡 加重平均	率指標は加重平均	metric	FORECAST	画面内	予実管理	売上予実	売上の達成率/進捗率モニタリング、月中の早期是正アクション (KPI単独表示)	L2-S	3軸クロス集計: 親メジャー(S663) を shop × month × product で算出	-	S663	売上(税抜)	year	月次	shop × month × product	60M	on_budget_update	batch	予算確定後
マッピング_3軸	個別	MAP3S-00135	店舗 × 月 × 時間帯 × 商品 × 年間予算構成比_ドリンク売上ランチ	予実系	店長	dim_shop, dim_month, dim_time_slot, dim_product	🟢 既実装	小	🟡 加重平均	率指標は加重平均	metric	FORECAST	画面内	予実管理	売上予実	売上の達成率/進捗率モニタリング、月中の早期是正アクション (KPI単独表示)	L2-S	3軸クロス集計: 親メジャー(S664) を shop × month × time_slot × product で算出	-	S664	売上(税抜)	year	月次	shop × month × time_slot × product	60M	on_budget_update	batch	予算確定後
マッピング_3軸	個別	MAP3S-00136	店舗 × 月 × 時間帯 × 商品 × 年間予算構成比_ドリンク売上ディナー	予実系	店長	dim_shop, dim_month, dim_time_slot, dim_product	🟢 既実装	小	🟡 加重平均	率指標は加重平均	metric	FORECAST	画面内	予実管理	売上予実	売上の達成率/進捗率モニタリング、月中の早期是正アクション (KPI単独表示)	L2-S	3軸クロス集計: 親メジャー(S665) を shop × month × time_slot × product で算出	-	S665	売上(税抜)	year	月次	shop × month × time_slot × product	60M	on_budget_update	batch	予算確定後
マッピング_3軸	個別	MAP3S-00137	店舗 × 月 × 時間帯 × 年間予算構成比_その他売上ランチ	予実系	店長	dim_shop, dim_month, dim_time_slot	🟢 既実装	小	🟡 加重平均	率指標は加重平均	metric	FORECAST	画面内	予実管理	売上予実	売上の達成率/進捗率モニタリング、月中の早期是正アクション (KPI単独表示)	L2-S	3軸クロス集計: 親メジャー(S667) を shop × month × time_slot で算出	-	S667	売上(税抜)	year	月次	shop × month × time_slot	60M	on_budget_update	batch	予算確定後
マッピング_3軸	個別	MAP3S-00138	店舗 × 月 × 時間帯 × 年間予算構成比_その他売上ディナー	予実系	店長	dim_shop, dim_month, dim_time_slot	🟢 既実装	小	🟡 加重平均	率指標は加重平均	metric	FORECAST	画面内	予実管理	売上予実	売上の達成率/進捗率モニタリング、月中の早期是正アクション (KPI単独表示)	L2-S	3軸クロス集計: 親メジャー(S668) を shop × month × time_slot で算出	-	S668	売上(税抜)	year	月次	shop × month × time_slot	60M	on_budget_update	batch	予算確定後
マッピング_3軸	個別	MAP3S-00139	店舗 × 月 × 商品 × 年間予算構成比_FLコスト 計	予実系	店長	dim_shop, dim_month, dim_product	🟢 既実装	小	🟡 加重平均	率指標は加重平均	metric	FORECAST	画面内	予実管理	売上予実	売上の達成率/進捗率モニタリング、月中の早期是正アクション (KPI単独表示)	L2-S	3軸クロス集計: 親メジャー(S669) を shop × month × product で算出	-	S669	売上(税抜)	year	月次	shop × month × product	60M	on_budget_update	batch	予算確定後
マッピング_3軸	個別	MAP3S-00140	店舗 × 月 × 商品 × 年間予算構成比_FD仕入 計	原価系	店長	dim_shop, dim_month, dim_product	🟢 既実装	小	🟡 加重平均	率指標は加重平均	metric	FORECAST	画面内	予実管理	売上予実	売上の達成率/進捗率モニタリング、月中の早期是正アクション (KPI単独表示)	L2-S	3軸クロス集計: 親メジャー(S670) を shop × month × product で算出	-	S670	仕入金額(全体)	year	月次	shop × month × product	60M	on_budget_update	batch	予算確定後
マッピング_3軸	個別	MAP3S-00141	店舗 × 月 × 商品 × 年間予算構成比_人件費 計	人件費系	店長	dim_shop, dim_month, dim_product	🟢 既実装	小	🟡 加重平均	率指標は加重平均	metric	FORECAST	画面内	人件費効率	スタッフ別人件費	スタッフ別の人時生産性評価、教育投資/シフト配置最適化 (KPI単独表示)	L2-S	3軸クロス集計: 親メジャー(S673) を shop × month × product で算出	-	S673	売上(税抜)	year	月次	shop × month × product	60M	on_budget_update	batch	予算確定後
マッピング_3軸	個別	MAP3S-00142	店舗 × 月 × 商品 × 年間予算構成比_その他経費 計	予実系	店長	dim_shop, dim_month, dim_product	🟢 既実装	小	🟡 加重平均	率指標は加重平均	metric	FORECAST	画面内	予実管理	経費予実	経費の予算超過リスク検知、削減ポイント特定 (KPI単独表示)	L2-S	3軸クロス集計: 親メジャー(S678) を shop × month × product で算出	-	S678	売上(税抜)	year	月次	shop × month × product	60M	on_budget_update	batch	予算確定後
マッピング_3軸	個別	MAP3S-00143	店舗 × 月 × 商品 × 年間予算構成比_営業利益	予実系	店長	dim_shop, dim_month, dim_product	🟢 既実装	小	🟡 加重平均	率指標は加重平均	metric	FORECAST	画面内	予実管理	売上予実	売上の達成率/進捗率モニタリング、月中の早期是正アクション (KPI単独表示)	L2-S	3軸クロス集計: 親メジャー(S694) を shop × month × product で算出	-	S694	売上(税抜)	year	月次	shop × month × product	60M	on_budget_update	batch	予算確定後
マッピング_3軸	個別	MAP3S-00144	店舗 × 月 × 商品 × 年間構成比_総売上 計	売上系	店長	dim_shop, dim_month, dim_product	🟢 既実装	小	🟡 加重平均	率指標は加重平均	metric	FLOW	画面内	売上分析	店舗別売上	店舗ごとの売上推移を比較し、伸長/落ち込み店舗を早期発見、施策効果検証 (KPI単独表示)	L2-S	3軸クロス集計: 親メジャー(S695) を shop × month × product で算出	-	S695	売上(税抜)	year	月次	shop × month × product	60M	nightly + monthly_finalize	batch	翌日日次確定
マッピング_3軸	個別	MAP3S-00145	店舗 × 月 × 商品 × 年間構成比_フード売上 計	売上系	店長	dim_shop, dim_month, dim_product	🟢 既実装	小	🟡 加重平均	率指標は加重平均	metric	FLOW	画面内	売上分析	店舗別売上	店舗ごとの売上推移を比較し、伸長/落ち込み店舗を早期発見、施策効果検証 (KPI単独表示)	L2-S	3軸クロス集計: 親メジャー(S696) を shop × month × product で算出	-	S696	売上(税抜)	year	月次	shop × month × product	60M	nightly + monthly_finalize	batch	翌日日次確定
マッピング_3軸	個別	MAP3S-00146	店舗 × 月 × 時間帯 × 商品 × 年間構成比_フード売上ランチ	売上系	店長	dim_shop, dim_month, dim_time_slot, dim_product	🟢 既実装	小	🟡 加重平均	率指標は加重平均	metric	FLOW	画面内	売上分析	店舗別売上	店舗ごとの売上推移を比較し、伸長/落ち込み店舗を早期発見、施策効果検証 (KPI単独表示)	L2-S	3軸クロス集計: 親メジャー(S697) を shop × month × time_slot × product で算出	-	S697	売上(税抜)	year	月次	shop × month × time_slot × product	60M	nightly + monthly_finalize	batch	翌日日次確定
マッピング_3軸	個別	MAP3S-00147	店舗 × 月 × 時間帯 × 商品 × 年間構成比_フード売上ディナー	売上系	店長	dim_shop, dim_month, dim_time_slot, dim_product	🟢 既実装	小	🟡 加重平均	率指標は加重平均	metric	FLOW	画面内	売上分析	店舗別売上	店舗ごとの売上推移を比較し、伸長/落ち込み店舗を早期発見、施策効果検証 (KPI単独表示)	L2-S	3軸クロス集計: 親メジャー(S698) を shop × month × time_slot × product で算出	-	S698	売上(税抜)	year	月次	shop × month × time_slot × product	60M	nightly + monthly_finalize	batch	翌日日次確定
マッピング_3軸	個別	MAP3S-00148	店舗 × 月 × 商品 × 年間構成比_ドリンク売上 計	売上系	店長	dim_shop, dim_month, dim_product	🟢 既実装	小	🟡 加重平均	率指標は加重平均	metric	FLOW	画面内	売上分析	店舗別売上	店舗ごとの売上推移を比較し、伸長/落ち込み店舗を早期発見、施策効果検証 (KPI単独表示)	L2-S	3軸クロス集計: 親メジャー(S699) を shop × month × product で算出	-	S699	売上(税抜)	year	月次	shop × month × product	60M	nightly + monthly_finalize	batch	翌日日次確定
マッピング_3軸	個別	MAP3S-00149	店舗 × 月 × 時間帯 × 商品 × 年間構成比_ドリンク売上ランチ	売上系	店長	dim_shop, dim_month, dim_time_slot, dim_product	🟢 既実装	小	🟡 加重平均	率指標は加重平均	metric	FLOW	画面内	売上分析	店舗別売上	店舗ごとの売上推移を比較し、伸長/落ち込み店舗を早期発見、施策効果検証 (KPI単独表示)	L2-S	3軸クロス集計: 親メジャー(S700) を shop × month × time_slot × product で算出	-	S700	売上(税抜)	year	月次	shop × month × time_slot × product	60M	nightly + monthly_finalize	batch	翌日日次確定
マッピング_3軸	個別	MAP3S-00150	店舗 × 月 × 時間帯 × 商品 × 年間構成比_ドリンク売上ディナー	売上系	店長	dim_shop, dim_month, dim_time_slot, dim_product	🟢 既実装	小	🟡 加重平均	率指標は加重平均	metric	FLOW	画面内	売上分析	店舗別売上	店舗ごとの売上推移を比較し、伸長/落ち込み店舗を早期発見、施策効果検証 (KPI単独表示)	L2-S	3軸クロス集計: 親メジャー(S701) を shop × month × time_slot × product で算出	-	S701	売上(税抜)	year	月次	shop × month × time_slot × product	60M	nightly + monthly_finalize	batch	翌日日次確定
マッピング_3軸	個別	MAP3S-00151	店舗 × 月 × 時間帯 × 年間構成比_その他売上ランチ	売上系	店長	dim_shop, dim_month, dim_time_slot	🟢 既実装	小	🟡 加重平均	率指標は加重平均	metric	FLOW	画面内	売上分析	店舗別売上	店舗ごとの売上推移を比較し、伸長/落ち込み店舗を早期発見、施策効果検証 (KPI単独表示)	L2-S	3軸クロス集計: 親メジャー(S703) を shop × month × time_slot で算出	-	S703	売上(税抜)	year	月次	shop × month × time_slot	60M	nightly + monthly_finalize	batch	翌日日次確定
マッピング_3軸	個別	MAP3S-00152	店舗 × 月 × 時間帯 × 年間構成比_その他売上ディナー	売上系	店長	dim_shop, dim_month, dim_time_slot	🟢 既実装	小	🟡 加重平均	率指標は加重平均	metric	FLOW	画面内	売上分析	店舗別売上	店舗ごとの売上推移を比較し、伸長/落ち込み店舗を早期発見、施策効果検証 (KPI単独表示)	L2-S	3軸クロス集計: 親メジャー(S704) を shop × month × time_slot で算出	-	S704	売上(税抜)	year	月次	shop × month × time_slot	60M	nightly + monthly_finalize	batch	翌日日次確定
マッピング_3軸	個別	MAP3S-00153	店舗 × 月 × 商品 × 年間構成比_FLコスト 計	その他	店長	dim_shop, dim_month, dim_product	🟢 既実装	小	🟡 加重平均	率指標は加重平均	metric	FLOW	画面内	売上分析	店舗別売上	店舗ごとの売上推移を比較し、伸長/落ち込み店舗を早期発見、施策効果検証 (KPI単独表示)	L2-S	3軸クロス集計: 親メジャー(S705) を shop × month × product で算出	-	S705	売上(税抜)	year	月次	shop × month × product	60M	nightly + monthly_finalize	batch	確定なし
マッピング_3軸	個別	MAP3S-00154	店舗 × 月 × 商品 × 年間構成比_FD仕入 計	原価系	店長	dim_shop, dim_month, dim_product	🟢 既実装	小	🟡 加重平均	率指標は加重平均	metric	FLOW	画面内	原価管理	FD率分析	FD率の推移把握、ロス削減/原価コントロール優先順位 (KPI単独表示)	L2-S	3軸クロス集計: 親メジャー(S706) を shop × month × product で算出	-	S706	仕入金額(全体)	year	月次	shop × month × product	60M	nightly + monthly_finalize	batch	納品確定後
マッピング_3軸	個別	MAP3S-00155	店舗 × 月 × 商品 × 年間構成比_人件費 計	人件費系	店長	dim_shop, dim_month, dim_product	🟢 既実装	小	🟡 加重平均	率指標は加重平均	metric	FLOW	画面内	人件費効率	スタッフ別人件費	スタッフ別の人時生産性評価、教育投資/シフト配置最適化 (KPI単独表示)	L2-S	3軸クロス集計: 親メジャー(S709) を shop × month × product で算出	-	S709	売上(税抜)	year	月次	shop × month × product	60M	nightly + monthly_finalize	batch	確定なし
マッピング_3軸	個別	MAP3S-00156	店舗 × 月 × 商品 × 年間構成比_その他経費 計	その他	店長	dim_shop, dim_month, dim_product	🟢 既実装	小	🟡 加重平均	率指標は加重平均	metric	FLOW	画面内	売上分析	店舗別売上	店舗ごとの売上推移を比較し、伸長/落ち込み店舗を早期発見、施策効果検証 (KPI単独表示)	L2-S	3軸クロス集計: 親メジャー(S714) を shop × month × product で算出	-	S714	売上(税抜)	year	月次	shop × month × product	60M	nightly + monthly_finalize	batch	確定なし
マッピング_3軸	個別	MAP3S-00157	店舗 × 月 × 商品 × 年間構成比_営業利益	収益性	店長	dim_shop, dim_month, dim_product	🟢 既実装	小	🟡 加重平均	率指標は加重平均	metric	FLOW	画面内	利益分析	店舗別利益	店舗別の利益貢献を可視化、低収益店舗の改善優先順位付け (KPI単独表示)	L2-S	3軸クロス集計: 親メジャー(S730) を shop × month × product で算出	-	S730	売上(税抜)	year	月次	shop × month × product	60M	nightly + monthly_finalize	batch	月次締め後（全費目確定）
マッピング_3軸	個別	MAP3S-00158	店舗 × 月 × 商品 × FD売上構成比	売上系	店長	dim_shop, dim_month, dim_product	🟢 既実装	小	🟡 加重平均	率指標は加重平均	metric	FLOW	画面内	売上分析	店舗別売上	店舗ごとの売上推移を比較し、伸長/落ち込み店舗を早期発見、施策効果検証 (KPI単独表示)	L3-S	3軸クロス集計: 親メジャー(S128) を shop × month × product で算出	head_office_item_sales_logs.sales_excluded, head_office_connected_service_sales_logs.sales_excluded	S128	売上(税抜)	month,quarter,year	月次	shop × month × product	36M	nightly + monthly_finalize	hybrid	翌日日次確定
マッピング_3軸	個別	MAP3S-00159	店舗 × 月 × 商品 × 利益達成率	予実系	店長	dim_shop, dim_month, dim_product	🟢 既実装	小	🟡 加重平均	率指標は加重平均	metric	FLOW	画面内	予実管理	売上予実	売上の達成率/進捗率モニタリング、月中の早期是正アクション (KPI単独表示)	L3-S	3軸クロス集計: 親メジャー(S245) を shop × month × product で算出	monthly_budgets.value（予算設定画面）, monthly_budgets.profit	S245	売上予算	month,quarter,year	月次	shop × month × product	60M	nightly + monthly_finalize	batch	確定なし
マッピング_3軸	個別	MAP3S-00160	店舗 × 月 × 商品 × 売上達成率	予実系	店長	dim_shop, dim_month, dim_product	🟢 既実装	小	🟡 加重平均	率指標は加重平均	metric	FLOW	画面内	予実管理	売上予実	売上の達成率/進捗率モニタリング、月中の早期是正アクション (KPI単独表示)	L3-S	3軸クロス集計: 親メジャー(S256) を shop × month × product で算出	head_office_connected_service_sales_logs.sales_excluded, monthly_budgets.profit	S256	売上予算	month,quarter,year	月次	shop × month × product	60M	nightly + monthly_finalize	batch	翌日日次確定
マッピング_3軸	個別	MAP3S-00161	店舗 × 月 × 商品 × 売上達成率	予実系	店長	dim_shop, dim_month, dim_product	🟢 既実装	小	🟢 制限なし	そのまま集計可能	metric	FLOW	画面内	予実管理	売上予実	売上の達成率/進捗率モニタリング、月中の早期是正アクション (KPI単独表示)	L3-S	3軸クロス集計: 親メジャー(S482) を shop × month × product で算出	head_office_connected_service_sales_logs.sales_excluded, monthly_budgets.profit	S482			オンデマンド	shop × month × product	-	on_demand	on_demand	翌日日次確定
マッピング_3軸	個別	MAP3S-00162	店舗 × 月 × 商品 × 営業利益達成率	予実系	店長	dim_shop, dim_month, dim_product	🟢 既実装	小	🟢 制限なし	そのまま集計可能	metric	FLOW	画面内	予実管理	売上予実	売上の達成率/進捗率モニタリング、月中の早期是正アクション (KPI単独表示)	L3-S	3軸クロス集計: 親メジャー(S494) を shop × month × product で算出	head_office_connected_service_sales_logs.sales_excluded, monthly_budgets.profit	S494			オンデマンド	shop × month × product	-	on_demand	on_demand	月次締め後（全費目確定）
マッピング_3軸	個別	MAP3S-00163	店舗 × 月 × 商品 × 売上達成率	予実系	店長	dim_shop, dim_month, dim_product	🟢 既実装	小	🟢 制限なし	そのまま集計可能	metric	FLOW	画面内	予実管理	売上予実	売上の達成率/進捗率モニタリング、月中の早期是正アクション (KPI単独表示)	L3-S	3軸クロス集計: 親メジャー(S496) を shop × month × product で算出	head_office_connected_service_sales_logs.sales_excluded, monthly_budgets.sales	S496			オンデマンド	shop × month × product	-	on_demand	on_demand	翌日日次確定
マッピング_3軸	個別	MAP3S-00164	店舗 × 月 × 時間帯 × 時間帯別売上	売上系	店長	dim_shop, dim_month, dim_time_slot	🔵 後続開発_短期実装	中	🟢 制限なし	そのまま集計可能	metric	FLOW	画面内	売上分析	店舗別売上	店舗ごとの売上推移を比較し、伸長/落ち込み店舗を早期発見、施策効果検証 (KPI単独表示)	L2-S	3軸クロス集計: 親メジャー(S814) を shop × month × time_slot で算出	-	S814		month,quarter,year	月次	shop × month × time_slot	60M	nightly + monthly_finalize	batch	翌日日次確定
マッピング_3軸	個別	MAP3S-00165	店舗 × 月 × 時間帯 × 時間帯別客数	客数系	店長	dim_shop, dim_month, dim_time_slot	🔵 後続開発_短期実装	中	🟢 制限なし	そのまま集計可能	metric	FLOW	画面内	客数分析	客数推移	客数の前年比/曜日傾向、集客施策の効果検証 (KPI単独表示)	L2-S	3軸クロス集計: 親メジャー(S815) を shop × month × time_slot で算出	-	S815		month,quarter,year	月次	shop × month × time_slot	60M	nightly + monthly_finalize	batch	翌日日次確定
マッピング_3軸	個別	MAP3S-00166	店舗 × 月 × 時間帯 × 時間帯別客単価	客数系	店長	dim_shop, dim_month, dim_time_slot	🔵 後続開発_短期実装	中	🟡 加重平均	率指標は加重平均	metric	FLOW	画面内	客数分析	客単価	客単価の月次推移/商品ミックス影響、アップセル戦略立案 (KPI単独表示)	L2-S	3軸クロス集計: 親メジャー(S816) を shop × month × time_slot で算出	-	S816	客数	month,quarter,year	月次	shop × month × time_slot	60M	nightly + monthly_finalize	batch	翌日日次確定
マッピング_3軸	個別	MAP3S-00167	店舗 × 月 × 時間帯 × 時間帯別粗利率	収益性	店長	dim_shop, dim_month, dim_time_slot	🔵 後続開発_短期実装	中	🟡 加重平均	率指標は加重平均	metric	FLOW	画面内	利益分析	店舗別利益	店舗別の利益貢献を可視化、低収益店舗の改善優先順位付け (KPI単独表示)	L2-S	3軸クロス集計: 親メジャー(S817) を shop × month × time_slot で算出	-	S817	売上(税抜)	month,quarter,year	月次	shop × month × time_slot	60M	nightly + monthly_finalize	batch	確定なし
マッピング_3軸	個別	MAP3S-00168	店舗 × 日 × 曜日 × 曜日別売上	売上系	店長	dim_shop, dim_date, dim_weekday	🔵 後続開発_短期実装	中	🟢 制限なし	そのまま集計可能	metric	FLOW	画面内	売上分析	店舗別売上	店舗ごとの売上推移を比較し、伸長/落ち込み店舗を早期発見、施策効果検証 (KPI単独表示)	L2-S	3軸クロス集計: 親メジャー(S818) を shop × date × weekday で算出	-	S818		month,quarter,year	日次	shop × date × weekday	13M	nightly	batch	翌日日次確定
マッピング_3軸	個別	MAP3S-00169	店舗 × 日 × 曜日 × 曜日別客数	客数系	店長	dim_shop, dim_date, dim_weekday	🔵 後続開発_短期実装	中	🟢 制限なし	そのまま集計可能	metric	FLOW	画面内	客数分析	客数推移	客数の前年比/曜日傾向、集客施策の効果検証 (KPI単独表示)	L2-S	3軸クロス集計: 親メジャー(S819) を shop × date × weekday で算出	-	S819		month,quarter,year	日次	shop × date × weekday	13M	nightly	batch	翌日日次確定
マッピング_3軸	個別	MAP3S-00170	店舗 × 日 × 曜日 × 曜日別客単価	客数系	店長	dim_shop, dim_date, dim_weekday	🔵 後続開発_短期実装	中	🟡 加重平均	率指標は加重平均	metric	FLOW	画面内	客数分析	客単価	客単価の月次推移/商品ミックス影響、アップセル戦略立案 (KPI単独表示)	L2-S	3軸クロス集計: 親メジャー(S820) を shop × date × weekday で算出	-	S820	客数	month,quarter,year	日次	shop × date × weekday	13M	nightly	batch	翌日日次確定
マッピング_3軸	個別	MAP3S-00171	店舗 × 月 × 商品 × 商品グループ別売上	売上系	店長	dim_shop, dim_month, dim_product	🔵 後続開発_短期実装	中	🟢 制限なし	そのまま集計可能	metric	FLOW	画面内	売上分析	店舗別売上	店舗ごとの売上推移を比較し、伸長/落ち込み店舗を早期発見、施策効果検証 (KPI単独表示)	L2-S	3軸クロス集計: 親メジャー(S821) を shop × month × product で算出	-	S821		month,quarter,year	月次	shop × month × product	60M	nightly + monthly_finalize	batch	翌日日次確定
マッピング_3軸	個別	MAP3S-00172	店舗 × 月 × 商品 × 商品グループ別粗利	収益性	店長	dim_shop, dim_month, dim_product	🔵 後続開発_短期実装	中	🟢 制限なし	そのまま集計可能	metric	FLOW	画面内	利益分析	店舗別利益	店舗別の利益貢献を可視化、低収益店舗の改善優先順位付け (KPI単独表示)	L2-S	3軸クロス集計: 親メジャー(S822) を shop × month × product で算出	-	S822		month,quarter,year	月次	shop × month × product	60M	nightly + monthly_finalize	batch	確定なし
マッピング_3軸	個別	MAP3S-00173	店舗 × 月 × 商品 × 商品グループ別粗利率	収益性	店長	dim_shop, dim_month, dim_product	🔵 後続開発_短期実装	中	🟡 加重平均	率指標は加重平均	metric	FLOW	画面内	利益分析	店舗別利益	店舗別の利益貢献を可視化、低収益店舗の改善優先順位付け (KPI単独表示)	L2-S	3軸クロス集計: 親メジャー(S823) を shop × month × product で算出	-	S823	売上(税抜)	month,quarter,year	月次	shop × month × product	60M	nightly + monthly_finalize	batch	確定なし
マッピング_3軸	個別	MAP3S-00174	店舗 × 月 × 仕入先 × 仕入先別仕入金額	原価系	店長	dim_shop, dim_month, dim_supplier	🔵 後続開発_短期実装	中	🟢 制限なし	そのまま集計可能	metric	FLOW	画面内	原価管理	FD率分析	FD率の推移把握、ロス削減/原価コントロール優先順位 (KPI単独表示)	L2-S	3軸クロス集計: 親メジャー(S824) を shop × month × supplier で算出	-	S824		month,quarter,year	月次	shop × month × supplier	60M	nightly + monthly_finalize	batch	納品確定後
マッピング_3軸	個別	MAP3S-00175	店舗 × 月 × 仕入先 × 仕入先別構成比	原価系	店長	dim_shop, dim_month, dim_supplier	🔵 後続開発_短期実装	中	🟡 加重平均	率指標は加重平均	metric	FLOW	画面内	原価管理	FD率分析	FD率の推移把握、ロス削減/原価コントロール優先順位 (KPI単独表示)	L2-S	3軸クロス集計: 親メジャー(S825) を shop × month × supplier で算出	-	S825	仕入金額(全体)	month,quarter,year	月次	shop × month × supplier	60M	nightly + monthly_finalize	batch	納品確定後
マッピング_3軸	個別	MAP3S-00176	店舗 × 月 × スタッフ × スタッフ別シフト人件費	人件費系	店長	dim_shop, dim_month, dim_staff	🔴 後続開発_長期_未来指標_外部連携	中	🟢 制限なし	そのまま集計可能	metric	FLOW	画面内	人件費効率	スタッフ別人件費	スタッフ別の人時生産性評価、教育投資/シフト配置最適化 (KPI単独表示)	L2-S	3軸クロス集計: 親メジャー(S826) を shop × month × staff で算出	-	S826		month,quarter,year	月次	shop × month × staff	60M	nightly + monthly_finalize	batch	確定なし
マッピング_3軸	個別	MAP3S-00177	店舗 × 月 × スタッフ × スタッフ別担当売上	売上系	店長	dim_shop, dim_month, dim_staff	🟣 後続開発_運用整備	中	🟢 制限なし	そのまま集計可能	metric	FLOW	画面内	売上分析	店舗別売上	店舗ごとの売上推移を比較し、伸長/落ち込み店舗を早期発見、施策効果検証 (KPI単独表示)	L2-S	3軸クロス集計: 親メジャー(S827) を shop × month × staff で算出	-	S827		month,quarter,year	月次	shop × month × staff	60M	nightly + monthly_finalize	batch	翌日日次確定
マッピング_3軸	個別	MAP3S-00178	店舗 × 月 × 時間帯 × 時間帯別予算達成率	予実系	店長	dim_shop, dim_month, dim_time_slot	🟠 後続開発_長期_未来指標_データ整備	中	🟡 加重平均	率指標は加重平均	metric	FORECAST	画面内	予実管理	売上予実	売上の達成率/進捗率モニタリング、月中の早期是正アクション (KPI単独表示)	L2-S	3軸クロス集計: 親メジャー(S828) を shop × month × time_slot で算出	-	S828	売上予算	month,quarter,year	月次	shop × month × time_slot	36M	nightly + on_budget_update	hybrid	当月確定後（売上+予算）
マッピング_3軸	個別	MAP3S-00179	店舗 × 日 × 曜日 × 曜日別予算達成率	予実系	店長	dim_shop, dim_date, dim_weekday	🔵 後続開発_短期実装	中	🟡 加重平均	率指標は加重平均	metric	FORECAST	画面内	予実管理	売上予実	売上の達成率/進捗率モニタリング、月中の早期是正アクション (KPI単独表示)	L2-S	3軸クロス集計: 親メジャー(S829) を shop × date × weekday で算出	-	S829	売上予算	month,quarter,year	日次	shop × date × weekday	13M	nightly + on_budget_update	hybrid	当月確定後（売上+予算）
マッピング_3軸	個別	MAP3S-00180	店舗 × 月 × 時間帯 × 時間帯効率最適化スコア	効率性	店長	dim_shop, dim_month, dim_time_slot	🟠 後続開発_長期_未来指標_データ整備	中	🟡 加重平均	率指標は加重平均	metric	FLOW	画面内	効率改善	坪月商	坪月商の業態比較/月次推移、店舗パフォーマンス評価 (KPI単独表示)	L3-S	3軸クロス集計: 親メジャー(S830) を shop × month × time_slot で算出	-	S830	売上(税抜)	month,quarter,year	月次	shop × month × time_slot	60M	nightly + monthly_finalize	batch	依存元指標確定後
マッピング_3軸	個別	MAP3S-00181	店舗 × 月 × 商品 × 売上前年比	予実系	店長	dim_shop, dim_month, dim_product	🟢 既実装	小	🟡 加重平均	率指標は加重平均	metric	FLOW	画面内	予実管理	売上予実	売上の前年同期比較	L3-S	3軸クロス集計: 親メジャー(S843) を store × month × product で算出	store_sales_logs.sales_excluded(前年/当年)	S843	売上（税抜）	month,quarter,year	月次	store × month × product	60M	nightly + monthly_finalize	batch	翌日日次確定
マッピング_3軸	個別	MAP3S-00182	店舗 × 月 × 商品 × 人件費前年比	予実系	店長	dim_shop, dim_month, dim_product	🟢 既実装	小	🟡 加重平均	率指標は加重平均	metric	FLOW	画面内	予実管理	人件費予実	人件費の前年同期比較	L3-S	3軸クロス集計: 親メジャー(S844) を store × month × product で算出	store_monthly_actuals.labor_cost(前年/当年)	S844	人件費 計	month,quarter,year	月次	store × month × product	60M	nightly + monthly_finalize	batch	翌日日次確定
マッピング_3軸	個別	MAP3S-00183	店舗 × 月 × 商品 × FD仕入前年比	予実系	店長	dim_shop, dim_month, dim_product	🟢 既実装	小	🟡 加重平均	率指標は加重平均	metric	FLOW	画面内	予実管理	原価予実	FD仕入の前年同期比較	L3-S	3軸クロス集計: 親メジャー(S845) を store × month × product で算出	store_monthly_actuals.fd_purchase(前年/当年)	S845	FD仕入 計	month,quarter,year	月次	store × month × product	60M	nightly + monthly_finalize	batch	翌日日次確定
マッピング_3軸	個別	MAP3S-00184	店舗 × 月 × 商品 × 営業利益前年比	予実系	店長	dim_shop, dim_month, dim_product	🟢 既実装	小	🟡 加重平均	率指標は加重平均	metric	FLOW	画面内	予実管理	収益性予実	営業利益の前年同期比較	L3-S	3軸クロス集計: 親メジャー(S846) を store × month × product で算出	store_monthly_actuals.operating_profit(前年/当年)	S846	営業利益	month,quarter,year	月次	store × month × product	60M	nightly + monthly_finalize	batch	翌日日次確定
